{
	"id": 0,
	"name": "@santander/flame-component-library",
	"kind": 0,
	"flags": {},
	"children": [
		{
			"id": 1,
			"name": "\"select.service\"",
			"kind": 1,
			"kindString": "External module",
			"flags": {
				"isExported": true
			},
			"originalName": "/Users/mlmv/Workspace/SANTANDER/flame-santander/flame-workspace/libs/flame-component-library/src/lib/molecules/dialog-select/select-service/select.service.ts",
			"children": [
				{
					"id": 2,
					"name": "SelectService",
					"kind": 128,
					"kindString": "Class",
					"flags": {
						"isExported": true
					},
					"decorators": [
						{
							"name": "Injectable",
							"type": {
								"type": "reference",
								"name": "Injectable"
							},
							"arguments": {
								"options": "{ providedIn: 'root' }"
							}
						}
					],
					"children": [
						{
							"id": 3,
							"name": "element",
							"kind": 1024,
							"kindString": "Property",
							"flags": {
								"isPrivate": true,
								"isExported": true
							},
							"sources": [
								{
									"fileName": "select.service.ts",
									"line": 5,
									"character": 16
								}
							],
							"type": {
								"type": "reference",
								"name": "Subject",
								"typeArguments": [
									{
										"type": "intrinsic",
										"name": "any"
									}
								]
							},
							"defaultValue": " new Subject<any>()"
						},
						{
							"id": 4,
							"name": "selectElement",
							"kind": 2048,
							"kindString": "Method",
							"flags": {
								"isExported": true
							},
							"signatures": [
								{
									"id": 5,
									"name": "selectElement",
									"kind": 4096,
									"kindString": "Call signature",
									"flags": {},
									"parameters": [
										{
											"id": 6,
											"name": "element",
											"kind": 32768,
											"kindString": "Parameter",
											"flags": {},
											"type": {
												"type": "intrinsic",
												"name": "string"
											}
										}
									],
									"type": {
										"type": "intrinsic",
										"name": "void"
									}
								}
							],
							"sources": [
								{
									"fileName": "select.service.ts",
									"line": 7,
									"character": 14
								}
							]
						},
						{
							"id": 7,
							"name": "selectedElement",
							"kind": 2048,
							"kindString": "Method",
							"flags": {
								"isExported": true
							},
							"signatures": [
								{
									"id": 8,
									"name": "selectedElement",
									"kind": 4096,
									"kindString": "Call signature",
									"flags": {},
									"type": {
										"type": "reference",
										"name": "Observable",
										"typeArguments": [
											{
												"type": "intrinsic",
												"name": "any"
											}
										]
									}
								}
							],
							"sources": [
								{
									"fileName": "select.service.ts",
									"line": 10,
									"character": 16
								}
							]
						}
					],
					"groups": [
						{
							"title": "Properties",
							"kind": 1024,
							"children": [3]
						},
						{
							"title": "Methods",
							"kind": 2048,
							"children": [4, 7]
						}
					],
					"sources": [
						{
							"fileName": "select.service.ts",
							"line": 4,
							"character": 26
						}
					]
				}
			],
			"groups": [
				{
					"title": "Classes",
					"kind": 128,
					"children": [2]
				}
			],
			"sources": [
				{
					"fileName": "select.service.ts",
					"line": 1,
					"character": 0
				}
			]
		}
	],
	"groups": [
		{
			"title": "External modules",
			"kind": 1,
			"children": [1]
		}
	]
}
