{
	"id": 0,
	"name": "@santander/flame-component-library",
	"kind": 0,
	"flags": {},
	"children": [
		{
			"id": 117,
			"name": "\"atoms/button/button.component\"",
			"kind": 1,
			"kindString": "External module",
			"flags": {
				"isExported": true,
				"isExternal": true
			},
			"originalName": "/Users/mlmv/Workspace/SANTANDER/flame-santander/flame-workspace/libs/flame-component-library/src/lib/atoms/button/button.component.ts",
			"children": [
				{
					"id": 118,
					"name": "ButtonComponent",
					"kind": 128,
					"kindString": "Class",
					"flags": {
						"isExported": true,
						"isExternal": true
					},
					"decorators": [
						{
							"name": "Component",
							"type": {
								"type": "reference",
								"name": "Component"
							},
							"arguments": {
								"obj": "{\n\tselector:\n\t\t'sn-button, button[sn-button], a[sn-button], button[snButton], a[snButton]',\n\ttemplate: '<ng-content></ng-content>',\n\tstyleUrls: ['./button.component.scss']\n}"
							}
						}
					],
					"children": [
						{
							"id": 119,
							"name": "constructor",
							"kind": 512,
							"kindString": "Constructor",
							"flags": {
								"isExported": true,
								"isExternal": true
							},
							"signatures": [
								{
									"id": 120,
									"name": "new ButtonComponent",
									"kind": 16384,
									"kindString": "Constructor signature",
									"flags": {},
									"type": {
										"type": "reference",
										"name": "ButtonComponent",
										"id": 118
									}
								}
							],
							"sources": [
								{
									"fileName": "atoms/button/button.component.ts",
									"line": 9,
									"character": 48
								}
							]
						},
						{
							"id": 121,
							"name": "class",
							"kind": 1024,
							"kindString": "Property",
							"flags": {
								"isExported": true,
								"isExternal": true
							},
							"decorators": [
								{
									"name": "Input",
									"type": {
										"type": "reference",
										"name": "Input"
									},
									"arguments": {}
								}
							],
							"sources": [
								{
									"fileName": "atoms/button/button.component.ts",
									"line": 12,
									"character": 15
								}
							],
							"type": {
								"type": "intrinsic",
								"name": "string"
							},
							"defaultValue": "\"\""
						},
						{
							"id": 122,
							"name": "hostClasses",
							"kind": 262144,
							"kindString": "Accessor",
							"flags": {
								"isExported": true,
								"isExternal": true
							},
							"decorators": [
								{
									"name": "HostBinding",
									"type": {
										"type": "reference",
										"name": "HostBinding"
									},
									"arguments": {
										"hostPropertyName": "'class'"
									}
								}
							],
							"getSignature": [
								{
									"id": 123,
									"name": "__get",
									"kind": 524288,
									"kindString": "Get signature",
									"flags": {},
									"type": {
										"type": "intrinsic",
										"name": "string"
									}
								}
							],
							"sources": [
								{
									"fileName": "atoms/button/button.component.ts",
									"line": 14,
									"character": 16
								}
							]
						},
						{
							"id": 124,
							"name": "ngOnInit",
							"kind": 2048,
							"kindString": "Method",
							"flags": {
								"isExported": true,
								"isExternal": true
							},
							"signatures": [
								{
									"id": 125,
									"name": "ngOnInit",
									"kind": 4096,
									"kindString": "Call signature",
									"flags": {},
									"type": {
										"type": "intrinsic",
										"name": "void"
									}
								}
							],
							"sources": [
								{
									"fileName": "atoms/button/button.component.ts",
									"line": 18,
									"character": 9
								}
							]
						}
					],
					"groups": [
						{
							"title": "Constructors",
							"kind": 512,
							"children": [119]
						},
						{
							"title": "Properties",
							"kind": 1024,
							"children": [121]
						},
						{
							"title": "Accessors",
							"kind": 262144,
							"children": [122]
						},
						{
							"title": "Methods",
							"kind": 2048,
							"children": [124]
						}
					],
					"sources": [
						{
							"fileName": "atoms/button/button.component.ts",
							"line": 9,
							"character": 28
						}
					],
					"implementedTypes": [
						{
							"type": "reference",
							"name": "OnInit"
						}
					]
				}
			],
			"groups": [
				{
					"title": "Classes",
					"kind": 128,
					"children": [118]
				}
			],
			"sources": [
				{
					"fileName": "atoms/button/button.component.ts",
					"line": 1,
					"character": 0
				}
			]
		},
		{
			"id": 126,
			"name": "\"atoms/button/button.module\"",
			"kind": 1,
			"kindString": "External module",
			"flags": {
				"isExported": true,
				"isExternal": true
			},
			"originalName": "/Users/mlmv/Workspace/SANTANDER/flame-santander/flame-workspace/libs/flame-component-library/src/lib/atoms/button/button.module.ts",
			"children": [
				{
					"id": 127,
					"name": "ButtonModule",
					"kind": 128,
					"kindString": "Class",
					"flags": {
						"isExported": true,
						"isExternal": true
					},
					"decorators": [
						{
							"name": "NgModule",
							"type": {
								"type": "reference",
								"name": "NgModule"
							},
							"arguments": {
								"obj": "{\n\timports: [],\n\tdeclarations: [ButtonComponent],\n\texports: [ButtonComponent]\n}"
							}
						}
					],
					"sources": [
						{
							"fileName": "atoms/button/button.module.ts",
							"line": 9,
							"character": 25
						}
					]
				}
			],
			"groups": [
				{
					"title": "Classes",
					"kind": 128,
					"children": [127]
				}
			],
			"sources": [
				{
					"fileName": "atoms/button/button.module.ts",
					"line": 1,
					"character": 0
				}
			]
		},
		{
			"id": 1,
			"name": "\"atoms/dialog/dialog-custom\"",
			"kind": 1,
			"kindString": "External module",
			"flags": {
				"isExported": true,
				"isExternal": true
			},
			"originalName": "/Users/mlmv/Workspace/SANTANDER/flame-santander/flame-workspace/libs/flame-component-library/src/lib/atoms/dialog/dialog-custom.ts",
			"children": [
				{
					"id": 7,
					"name": "CustomDialog",
					"kind": 128,
					"kindString": "Class",
					"flags": {
						"isExported": true,
						"isExternal": true
					},
					"children": [
						{
							"id": 8,
							"name": "constructor",
							"kind": 512,
							"kindString": "Constructor",
							"flags": {
								"isExported": true,
								"isExternal": true
							},
							"signatures": [
								{
									"id": 11,
									"name": "new CustomDialog",
									"kind": 16384,
									"kindString": "Constructor signature",
									"flags": {},
									"parameters": [
										{
											"id": 12,
											"name": "component",
											"kind": 32768,
											"kindString": "Parameter",
											"flags": {},
											"type": {
												"type": "reference",
												"name": "Type",
												"typeArguments": [
													{
														"type": "intrinsic",
														"name": "any"
													}
												]
											}
										},
										{
											"id": 13,
											"name": "data",
											"kind": 32768,
											"kindString": "Parameter",
											"flags": {
												"isOptional": true
											},
											"type": {
												"type": "intrinsic",
												"name": "any"
											}
										}
									],
									"type": {
										"type": "reference",
										"name": "CustomDialog",
										"id": 7
									}
								}
							],
							"sources": [
								{
									"fileName": "atoms/dialog/dialog-custom.ts",
									"line": 11,
									"character": 27
								}
							]
						},
						{
							"id": 9,
							"name": "component",
							"kind": 1024,
							"kindString": "Property",
							"flags": {
								"isPublic": true,
								"isExported": true,
								"isExternal": true,
								"isConstructorProperty": true
							},
							"sources": [
								{
									"fileName": "atoms/dialog/dialog-custom.ts",
									"line": 12,
									"character": 29
								}
							],
							"type": {
								"type": "reference",
								"name": "Type",
								"typeArguments": [
									{
										"type": "intrinsic",
										"name": "any"
									}
								]
							}
						},
						{
							"id": 10,
							"name": "data",
							"kind": 1024,
							"kindString": "Property",
							"flags": {
								"isPublic": true,
								"isExported": true,
								"isExternal": true,
								"isOptional": true,
								"isConstructorProperty": true
							},
							"sources": [
								{
									"fileName": "atoms/dialog/dialog-custom.ts",
									"line": 12,
									"character": 53
								}
							],
							"type": {
								"type": "intrinsic",
								"name": "any"
							}
						}
					],
					"groups": [
						{
							"title": "Constructors",
							"kind": 512,
							"children": [8]
						},
						{
							"title": "Properties",
							"kind": 1024,
							"children": [9, 10]
						}
					],
					"sources": [
						{
							"fileName": "atoms/dialog/dialog-custom.ts",
							"line": 11,
							"character": 25
						}
					]
				},
				{
					"id": 2,
					"name": "DialogDirective",
					"kind": 128,
					"kindString": "Class",
					"flags": {
						"isExported": true,
						"isExternal": true
					},
					"decorators": [
						{
							"name": "Directive",
							"type": {
								"type": "reference",
								"name": "Directive"
							},
							"arguments": {
								"obj": "{\n\t// tslint:disable-next-line:directive-selector\n\tselector: '[sn-custom]'\n}"
							}
						}
					],
					"children": [
						{
							"id": 3,
							"name": "constructor",
							"kind": 512,
							"kindString": "Constructor",
							"flags": {
								"isExported": true,
								"isExternal": true
							},
							"signatures": [
								{
									"id": 5,
									"name": "new DialogDirective",
									"kind": 16384,
									"kindString": "Constructor signature",
									"flags": {},
									"parameters": [
										{
											"id": 6,
											"name": "viewContainerRef",
											"kind": 32768,
											"kindString": "Parameter",
											"flags": {},
											"type": {
												"type": "reference",
												"name": "ViewContainerRef"
											}
										}
									],
									"type": {
										"type": "reference",
										"name": "DialogDirective",
										"id": 2
									}
								}
							],
							"sources": [
								{
									"fileName": "atoms/dialog/dialog-custom.ts",
									"line": 7,
									"character": 30
								}
							]
						},
						{
							"id": 4,
							"name": "viewContainerRef",
							"kind": 1024,
							"kindString": "Property",
							"flags": {
								"isPublic": true,
								"isExported": true,
								"isExternal": true,
								"isConstructorProperty": true
							},
							"sources": [
								{
									"fileName": "atoms/dialog/dialog-custom.ts",
									"line": 8,
									"character": 36
								}
							],
							"type": {
								"type": "reference",
								"name": "ViewContainerRef"
							}
						}
					],
					"groups": [
						{
							"title": "Constructors",
							"kind": 512,
							"children": [3]
						},
						{
							"title": "Properties",
							"kind": 1024,
							"children": [4]
						}
					],
					"sources": [
						{
							"fileName": "atoms/dialog/dialog-custom.ts",
							"line": 7,
							"character": 28
						}
					]
				},
				{
					"id": 14,
					"name": "CustomDialogComponent",
					"kind": 256,
					"kindString": "Interface",
					"flags": {
						"isExported": true,
						"isExternal": true
					},
					"children": [
						{
							"id": 15,
							"name": "data",
							"kind": 1024,
							"kindString": "Property",
							"flags": {
								"isExported": true,
								"isExternal": true
							},
							"sources": [
								{
									"fileName": "atoms/dialog/dialog-custom.ts",
									"line": 16,
									"character": 5
								}
							],
							"type": {
								"type": "intrinsic",
								"name": "any"
							}
						}
					],
					"groups": [
						{
							"title": "Properties",
							"kind": 1024,
							"children": [15]
						}
					],
					"sources": [
						{
							"fileName": "atoms/dialog/dialog-custom.ts",
							"line": 15,
							"character": 38
						}
					]
				}
			],
			"groups": [
				{
					"title": "Classes",
					"kind": 128,
					"children": [7, 2]
				},
				{
					"title": "Interfaces",
					"kind": 256,
					"children": [14]
				}
			],
			"sources": [
				{
					"fileName": "atoms/dialog/dialog-custom.ts",
					"line": 1,
					"character": 0
				}
			]
		},
		{
			"id": 35,
			"name": "\"atoms/dialog/dialog.component\"",
			"kind": 1,
			"kindString": "External module",
			"flags": {
				"isExported": true,
				"isExternal": true
			},
			"originalName": "/Users/mlmv/Workspace/SANTANDER/flame-santander/flame-workspace/libs/flame-component-library/src/lib/atoms/dialog/dialog.component.ts",
			"children": [
				{
					"id": 36,
					"name": "DialogComponent",
					"kind": 128,
					"kindString": "Class",
					"flags": {
						"isExported": true,
						"isExternal": true
					},
					"decorators": [
						{
							"name": "Component",
							"type": {
								"type": "reference",
								"name": "Component"
							},
							"arguments": {
								"obj": "{\n\tselector: 'sn-dialog',\n\ttemplateUrl: './dialog.component.html',\n\tstyleUrls: ['./dialog.component.scss'],\n\tanimations: [\n\t\ttrigger('slideContent', [\n\t\t\tstate('void', style({ transform: 'translate3d(0, 50%, 0)', opacity: 0 })),\n\t\t\tstate('enter', style({ transform: 'none', opacity: 1 })),\n\t\t\tstate('leave', style({ transform: 'translate3d(0, 100%, 0)' })),\n\t\t\ttransition('* => *', animate(ANIMATION_TIMINGS))\n\t\t])\n\t]\n}"
							}
						}
					],
					"children": [
						{
							"id": 52,
							"name": "constructor",
							"kind": 512,
							"kindString": "Constructor",
							"flags": {
								"isExported": true,
								"isExternal": true
							},
							"signatures": [
								{
									"id": 55,
									"name": "new DialogComponent",
									"kind": 16384,
									"kindString": "Constructor signature",
									"flags": {},
									"parameters": [
										{
											"id": 56,
											"name": "dialogRef",
											"kind": 32768,
											"kindString": "Parameter",
											"flags": {},
											"type": {
												"type": "reference",
												"name": "DialogReference",
												"id": 17
											}
										},
										{
											"id": 57,
											"name": "componentFactoryResolver",
											"kind": 32768,
											"kindString": "Parameter",
											"flags": {},
											"type": {
												"type": "reference",
												"name": "ComponentFactoryResolver"
											}
										}
									],
									"type": {
										"type": "reference",
										"name": "DialogComponent",
										"id": 36
									}
								}
							],
							"sources": [
								{
									"fileName": "atoms/dialog/dialog.component.ts",
									"line": 58,
									"character": 45
								}
							]
						},
						{
							"id": 38,
							"name": "_closeLabel",
							"kind": 1024,
							"kindString": "Property",
							"flags": {
								"isPrivate": true,
								"isExported": true,
								"isExternal": true
							},
							"sources": [
								{
									"fileName": "atoms/dialog/dialog.component.ts",
									"line": 42,
									"character": 20
								}
							],
							"type": {
								"type": "intrinsic",
								"name": "string"
							}
						},
						{
							"id": 40,
							"name": "_disabledButton",
							"kind": 1024,
							"kindString": "Property",
							"flags": {
								"isPrivate": true,
								"isExported": true,
								"isExternal": true
							},
							"sources": [
								{
									"fileName": "atoms/dialog/dialog.component.ts",
									"line": 44,
									"character": 24
								}
							],
							"type": {
								"type": "intrinsic",
								"name": "boolean"
							},
							"defaultValue": "false"
						},
						{
							"id": 39,
							"name": "_enableHr",
							"kind": 1024,
							"kindString": "Property",
							"flags": {
								"isPrivate": true,
								"isExported": true,
								"isExternal": true
							},
							"sources": [
								{
									"fileName": "atoms/dialog/dialog.component.ts",
									"line": 43,
									"character": 18
								}
							],
							"type": {
								"type": "intrinsic",
								"name": "boolean"
							}
						},
						{
							"id": 37,
							"name": "_heading",
							"kind": 1024,
							"kindString": "Property",
							"flags": {
								"isPrivate": true,
								"isExported": true,
								"isExternal": true
							},
							"sources": [
								{
									"fileName": "atoms/dialog/dialog.component.ts",
									"line": 41,
									"character": 17
								}
							],
							"type": {
								"type": "intrinsic",
								"name": "string"
							}
						},
						{
							"id": 41,
							"name": "animationState",
							"kind": 1024,
							"kindString": "Property",
							"flags": {
								"isExported": true,
								"isExternal": true
							},
							"sources": [
								{
									"fileName": "atoms/dialog/dialog.component.ts",
									"line": 46,
									"character": 15
								}
							],
							"type": {
								"type": "union",
								"types": [
									{
										"type": "stringLiteral",
										"value": "void"
									},
									{
										"type": "stringLiteral",
										"value": "enter"
									},
									{
										"type": "stringLiteral",
										"value": "leave"
									}
								]
							},
							"defaultValue": "\"enter\""
						},
						{
							"id": 42,
							"name": "animationStateChanged",
							"kind": 1024,
							"kindString": "Property",
							"flags": {
								"isExported": true,
								"isExternal": true
							},
							"sources": [
								{
									"fileName": "atoms/dialog/dialog.component.ts",
									"line": 47,
									"character": 22
								}
							],
							"type": {
								"type": "reference",
								"name": "EventEmitter",
								"typeArguments": [
									{
										"type": "reference",
										"name": "AnimationEvent"
									}
								]
							},
							"defaultValue": " new EventEmitter<AnimationEvent>()"
						},
						{
							"id": 51,
							"name": "bodyContent",
							"kind": 1024,
							"kindString": "Property",
							"flags": {
								"isExported": true,
								"isExternal": true
							},
							"decorators": [
								{
									"name": "Input",
									"type": {
										"type": "reference",
										"name": "Input"
									},
									"arguments": {}
								}
							],
							"sources": [
								{
									"fileName": "atoms/dialog/dialog.component.ts",
									"line": 58,
									"character": 21
								}
							],
							"type": {
								"type": "union",
								"types": [
									{
										"type": "intrinsic",
										"name": "string"
									},
									{
										"type": "reference",
										"name": "CustomDialog",
										"id": 7
									}
								]
							}
						},
						{
							"id": 50,
							"name": "buttons",
							"kind": 1024,
							"kindString": "Property",
							"flags": {
								"isExported": true,
								"isExternal": true
							},
							"decorators": [
								{
									"name": "Input",
									"type": {
										"type": "reference",
										"name": "Input"
									},
									"arguments": {}
								}
							],
							"sources": [
								{
									"fileName": "atoms/dialog/dialog.component.ts",
									"line": 57,
									"character": 17
								}
							],
							"type": {
								"type": "array",
								"elementType": {
									"type": "intrinsic",
									"name": "any"
								}
							}
						},
						{
							"id": 47,
							"name": "closeLabel",
							"kind": 1024,
							"kindString": "Property",
							"flags": {
								"isExported": true,
								"isExternal": true
							},
							"decorators": [
								{
									"name": "Input",
									"type": {
										"type": "reference",
										"name": "Input"
									},
									"arguments": {}
								}
							],
							"sources": [
								{
									"fileName": "atoms/dialog/dialog.component.ts",
									"line": 54,
									"character": 20
								}
							],
							"type": {
								"type": "intrinsic",
								"name": "string"
							},
							"defaultValue": " this._closeLabel"
						},
						{
							"id": 54,
							"name": "componentFactoryResolver",
							"kind": 1024,
							"kindString": "Property",
							"flags": {
								"isPrivate": true,
								"isExported": true,
								"isExternal": true,
								"isConstructorProperty": true
							},
							"sources": [
								{
									"fileName": "atoms/dialog/dialog.component.ts",
									"line": 62,
									"character": 34
								}
							],
							"type": {
								"type": "reference",
								"name": "ComponentFactoryResolver"
							}
						},
						{
							"id": 53,
							"name": "dialogRef",
							"kind": 1024,
							"kindString": "Property",
							"flags": {
								"isPrivate": true,
								"isExported": true,
								"isExternal": true,
								"isConstructorProperty": true
							},
							"sources": [
								{
									"fileName": "atoms/dialog/dialog.component.ts",
									"line": 61,
									"character": 19
								}
							],
							"type": {
								"type": "reference",
								"name": "DialogReference",
								"id": 17
							}
						},
						{
							"id": 49,
							"name": "disabledButton",
							"kind": 1024,
							"kindString": "Property",
							"flags": {
								"isExported": true,
								"isExternal": true
							},
							"decorators": [
								{
									"name": "Input",
									"type": {
										"type": "reference",
										"name": "Input"
									},
									"arguments": {}
								}
							],
							"sources": [
								{
									"fileName": "atoms/dialog/dialog.component.ts",
									"line": 56,
									"character": 24
								}
							],
							"type": {
								"type": "intrinsic",
								"name": "boolean"
							},
							"defaultValue": " this._disabledButton"
						},
						{
							"id": 48,
							"name": "enableHr",
							"kind": 1024,
							"kindString": "Property",
							"flags": {
								"isExported": true,
								"isExternal": true
							},
							"decorators": [
								{
									"name": "Input",
									"type": {
										"type": "reference",
										"name": "Input"
									},
									"arguments": {}
								}
							],
							"sources": [
								{
									"fileName": "atoms/dialog/dialog.component.ts",
									"line": 55,
									"character": 18
								}
							],
							"type": {
								"type": "intrinsic",
								"name": "boolean"
							},
							"defaultValue": " this._enableHr"
						},
						{
							"id": 46,
							"name": "heading",
							"kind": 1024,
							"kindString": "Property",
							"flags": {
								"isExported": true,
								"isExternal": true
							},
							"decorators": [
								{
									"name": "Input",
									"type": {
										"type": "reference",
										"name": "Input"
									},
									"arguments": {}
								}
							],
							"sources": [
								{
									"fileName": "atoms/dialog/dialog.component.ts",
									"line": 53,
									"character": 17
								}
							],
							"type": {
								"type": "intrinsic",
								"name": "string"
							},
							"defaultValue": " this._heading"
						},
						{
							"id": 43,
							"name": "isBodyString",
							"kind": 1024,
							"kindString": "Property",
							"flags": {
								"isExported": true,
								"isExternal": true
							},
							"sources": [
								{
									"fileName": "atoms/dialog/dialog.component.ts",
									"line": 48,
									"character": 13
								}
							],
							"type": {
								"type": "intrinsic",
								"name": "string"
							},
							"defaultValue": " null"
						},
						{
							"id": 45,
							"name": "overlayBody",
							"kind": 1024,
							"kindString": "Property",
							"flags": {
								"isExported": true,
								"isExternal": true
							},
							"decorators": [
								{
									"name": "ViewChild",
									"type": {
										"type": "reference",
										"name": "ViewChild"
									},
									"arguments": {
										"selector": "'body'"
									}
								}
							],
							"sources": [
								{
									"fileName": "atoms/dialog/dialog.component.ts",
									"line": 51,
									"character": 31
								}
							],
							"type": {
								"type": "reference",
								"name": "ElementRef"
							}
						},
						{
							"id": 44,
							"name": "snHost",
							"kind": 1024,
							"kindString": "Property",
							"flags": {
								"isExported": true,
								"isExternal": true
							},
							"decorators": [
								{
									"name": "ViewChild",
									"type": {
										"type": "reference",
										"name": "ViewChild"
									},
									"arguments": {
										"selector": "DialogDirective"
									}
								}
							],
							"sources": [
								{
									"fileName": "atoms/dialog/dialog.component.ts",
									"line": 50,
									"character": 35
								}
							],
							"type": {
								"type": "reference",
								"name": "DialogDirective",
								"id": 2
							}
						},
						{
							"id": 64,
							"name": "cancel",
							"kind": 2048,
							"kindString": "Method",
							"flags": {
								"isExported": true,
								"isExternal": true
							},
							"signatures": [
								{
									"id": 65,
									"name": "cancel",
									"kind": 4096,
									"kindString": "Call signature",
									"flags": {},
									"type": {
										"type": "intrinsic",
										"name": "void"
									}
								}
							],
							"sources": [
								{
									"fileName": "atoms/dialog/dialog.component.ts",
									"line": 94,
									"character": 7
								}
							]
						},
						{
							"id": 60,
							"name": "createBodyOverlay",
							"kind": 2048,
							"kindString": "Method",
							"flags": {
								"isPrivate": true,
								"isExported": true,
								"isExternal": true
							},
							"signatures": [
								{
									"id": 61,
									"name": "createBodyOverlay",
									"kind": 4096,
									"kindString": "Call signature",
									"flags": {},
									"type": {
										"type": "reference",
										"name": "ComponentRef",
										"typeArguments": [
											{
												"type": "reference",
												"name": "CustomDialog",
												"id": 7
											}
										]
									}
								}
							],
							"sources": [
								{
									"fileName": "atoms/dialog/dialog.component.ts",
									"line": 69,
									"character": 26
								}
							]
						},
						{
							"id": 66,
							"name": "enableButton",
							"kind": 2048,
							"kindString": "Method",
							"flags": {
								"isExported": true,
								"isExternal": true
							},
							"signatures": [
								{
									"id": 67,
									"name": "enableButton",
									"kind": 4096,
									"kindString": "Call signature",
									"flags": {},
									"type": {
										"type": "intrinsic",
										"name": "void"
									}
								}
							],
							"sources": [
								{
									"fileName": "atoms/dialog/dialog.component.ts",
									"line": 98,
									"character": 13
								}
							]
						},
						{
							"id": 58,
							"name": "ngOnInit",
							"kind": 2048,
							"kindString": "Method",
							"flags": {
								"isExported": true,
								"isExternal": true
							},
							"signatures": [
								{
									"id": 59,
									"name": "ngOnInit",
									"kind": 4096,
									"kindString": "Call signature",
									"flags": {},
									"type": {
										"type": "intrinsic",
										"name": "void"
									}
								}
							],
							"sources": [
								{
									"fileName": "atoms/dialog/dialog.component.ts",
									"line": 65,
									"character": 9
								}
							]
						},
						{
							"id": 71,
							"name": "onAnimationDone",
							"kind": 2048,
							"kindString": "Method",
							"flags": {
								"isExported": true,
								"isExternal": true
							},
							"signatures": [
								{
									"id": 72,
									"name": "onAnimationDone",
									"kind": 4096,
									"kindString": "Call signature",
									"flags": {},
									"parameters": [
										{
											"id": 73,
											"name": "event",
											"kind": 32768,
											"kindString": "Parameter",
											"flags": {},
											"type": {
												"type": "reference",
												"name": "AnimationEvent"
											}
										}
									],
									"type": {
										"type": "intrinsic",
										"name": "void"
									}
								}
							],
							"sources": [
								{
									"fileName": "atoms/dialog/dialog.component.ts",
									"line": 106,
									"character": 16
								}
							]
						},
						{
							"id": 68,
							"name": "onAnimationStart",
							"kind": 2048,
							"kindString": "Method",
							"flags": {
								"isExported": true,
								"isExternal": true
							},
							"signatures": [
								{
									"id": 69,
									"name": "onAnimationStart",
									"kind": 4096,
									"kindString": "Call signature",
									"flags": {},
									"parameters": [
										{
											"id": 70,
											"name": "event",
											"kind": 32768,
											"kindString": "Parameter",
											"flags": {},
											"type": {
												"type": "reference",
												"name": "AnimationEvent"
											}
										}
									],
									"type": {
										"type": "intrinsic",
										"name": "void"
									}
								}
							],
							"sources": [
								{
									"fileName": "atoms/dialog/dialog.component.ts",
									"line": 102,
									"character": 17
								}
							]
						},
						{
							"id": 74,
							"name": "startExitAnimation",
							"kind": 2048,
							"kindString": "Method",
							"flags": {
								"isExported": true,
								"isExternal": true
							},
							"signatures": [
								{
									"id": 75,
									"name": "startExitAnimation",
									"kind": 4096,
									"kindString": "Call signature",
									"flags": {},
									"type": {
										"type": "intrinsic",
										"name": "void"
									}
								}
							],
							"sources": [
								{
									"fileName": "atoms/dialog/dialog.component.ts",
									"line": 110,
									"character": 19
								}
							]
						},
						{
							"id": 62,
							"name": "submit",
							"kind": 2048,
							"kindString": "Method",
							"flags": {
								"isExported": true,
								"isExternal": true
							},
							"signatures": [
								{
									"id": 63,
									"name": "submit",
									"kind": 4096,
									"kindString": "Call signature",
									"flags": {},
									"type": {
										"type": "intrinsic",
										"name": "void"
									}
								}
							],
							"sources": [
								{
									"fileName": "atoms/dialog/dialog.component.ts",
									"line": 90,
									"character": 7
								}
							]
						}
					],
					"groups": [
						{
							"title": "Constructors",
							"kind": 512,
							"children": [52]
						},
						{
							"title": "Properties",
							"kind": 1024,
							"children": [
								38,
								40,
								39,
								37,
								41,
								42,
								51,
								50,
								47,
								54,
								53,
								49,
								48,
								46,
								43,
								45,
								44
							]
						},
						{
							"title": "Methods",
							"kind": 2048,
							"children": [64, 60, 66, 58, 71, 68, 74, 62]
						}
					],
					"sources": [
						{
							"fileName": "atoms/dialog/dialog.component.ts",
							"line": 40,
							"character": 28
						}
					],
					"implementedTypes": [
						{
							"type": "reference",
							"name": "OnInit"
						}
					]
				},
				{
					"id": 76,
					"name": "ANIMATION_TIMINGS",
					"kind": 32,
					"kindString": "Variable",
					"flags": {
						"isExternal": true,
						"isConst": true
					},
					"sources": [
						{
							"fileName": "atoms/dialog/dialog.component.ts",
							"line": 25,
							"character": 23
						}
					],
					"type": {
						"type": "stringLiteral",
						"value": "400ms cubic-bezier(0.25, 0.8, 0.25, 1)"
					},
					"defaultValue": "\"400ms cubic-bezier(0.25, 0.8, 0.25, 1)\""
				}
			],
			"groups": [
				{
					"title": "Classes",
					"kind": 128,
					"children": [36]
				},
				{
					"title": "Variables",
					"kind": 32,
					"children": [76]
				}
			],
			"sources": [
				{
					"fileName": "atoms/dialog/dialog.component.ts",
					"line": 1,
					"character": 0
				}
			]
		},
		{
			"id": 128,
			"name": "\"atoms/dialog/dialog.module\"",
			"kind": 1,
			"kindString": "External module",
			"flags": {
				"isExported": true,
				"isExternal": true
			},
			"originalName": "/Users/mlmv/Workspace/SANTANDER/flame-santander/flame-workspace/libs/flame-component-library/src/lib/atoms/dialog/dialog.module.ts",
			"children": [
				{
					"id": 129,
					"name": "DialogModule",
					"kind": 128,
					"kindString": "Class",
					"flags": {
						"isExported": true,
						"isExternal": true
					},
					"decorators": [
						{
							"name": "NgModule",
							"type": {
								"type": "reference",
								"name": "NgModule"
							},
							"arguments": {
								"obj": "{\n\timports: [CommonModule, ButtonModule, OverlayModuleCDK],\n\tdeclarations: [DialogComponent, DialogDirective],\n\tproviders: [DialogService, OverlayService],\n\tentryComponents: [DialogComponent]\n}"
							}
						}
					],
					"sources": [
						{
							"fileName": "atoms/dialog/dialog.module.ts",
							"line": 16,
							"character": 25
						}
					]
				}
			],
			"groups": [
				{
					"title": "Classes",
					"kind": 128,
					"children": [129]
				}
			],
			"sources": [
				{
					"fileName": "atoms/dialog/dialog.module.ts",
					"line": 1,
					"character": 0
				}
			]
		},
		{
			"id": 16,
			"name": "\"atoms/dialog/dialog.reference\"",
			"kind": 1,
			"kindString": "External module",
			"flags": {
				"isExported": true,
				"isExternal": true
			},
			"originalName": "/Users/mlmv/Workspace/SANTANDER/flame-santander/flame-workspace/libs/flame-component-library/src/lib/atoms/dialog/dialog.reference.ts",
			"children": [
				{
					"id": 17,
					"name": "DialogReference",
					"kind": 128,
					"kindString": "Class",
					"flags": {
						"isExported": true,
						"isExternal": true
					},
					"children": [
						{
							"id": 21,
							"name": "constructor",
							"kind": 512,
							"kindString": "Constructor",
							"flags": {
								"isExported": true,
								"isExternal": true
							},
							"signatures": [
								{
									"id": 23,
									"name": "new DialogReference",
									"kind": 16384,
									"kindString": "Constructor signature",
									"flags": {},
									"parameters": [
										{
											"id": 24,
											"name": "overlay",
											"kind": 32768,
											"kindString": "Parameter",
											"flags": {},
											"type": {
												"type": "reference",
												"name": "OverlayRef"
											}
										}
									],
									"type": {
										"type": "reference",
										"name": "DialogReference",
										"id": 17
									}
								}
							],
							"sources": [
								{
									"fileName": "atoms/dialog/dialog.reference.ts",
									"line": 10,
									"character": 36
								}
							]
						},
						{
							"id": 19,
							"name": "_afterClosed",
							"kind": 1024,
							"kindString": "Property",
							"flags": {
								"isPrivate": true,
								"isExported": true,
								"isExternal": true
							},
							"sources": [
								{
									"fileName": "atoms/dialog/dialog.reference.ts",
									"line": 8,
									"character": 21
								}
							],
							"type": {
								"type": "reference",
								"name": "Subject",
								"typeArguments": [
									{
										"type": "intrinsic",
										"name": "void"
									}
								]
							},
							"defaultValue": " new Subject<void>()"
						},
						{
							"id": 18,
							"name": "_beforeClose",
							"kind": 1024,
							"kindString": "Property",
							"flags": {
								"isPrivate": true,
								"isExported": true,
								"isExternal": true
							},
							"sources": [
								{
									"fileName": "atoms/dialog/dialog.reference.ts",
									"line": 7,
									"character": 21
								}
							],
							"type": {
								"type": "reference",
								"name": "Subject",
								"typeArguments": [
									{
										"type": "intrinsic",
										"name": "boolean"
									}
								]
							},
							"defaultValue": " new Subject<boolean>()"
						},
						{
							"id": 20,
							"name": "componentInstance",
							"kind": 1024,
							"kindString": "Property",
							"flags": {
								"isExported": true,
								"isExternal": true
							},
							"sources": [
								{
									"fileName": "atoms/dialog/dialog.reference.ts",
									"line": 10,
									"character": 18
								}
							],
							"type": {
								"type": "reference",
								"name": "DialogComponent",
								"id": 36
							}
						},
						{
							"id": 22,
							"name": "overlay",
							"kind": 1024,
							"kindString": "Property",
							"flags": {
								"isPrivate": true,
								"isExported": true,
								"isExternal": true,
								"isConstructorProperty": true
							},
							"sources": [
								{
									"fileName": "atoms/dialog/dialog.reference.ts",
									"line": 12,
									"character": 28
								}
							],
							"type": {
								"type": "reference",
								"name": "OverlayRef"
							}
						},
						{
							"id": 28,
							"name": "afterClosed",
							"kind": 2048,
							"kindString": "Method",
							"flags": {
								"isExported": true,
								"isExternal": true
							},
							"signatures": [
								{
									"id": 29,
									"name": "afterClosed",
									"kind": 4096,
									"kindString": "Call signature",
									"flags": {},
									"type": {
										"type": "reference",
										"name": "Observable",
										"typeArguments": [
											{
												"type": "intrinsic",
												"name": "void"
											}
										]
									}
								}
							],
							"sources": [
								{
									"fileName": "atoms/dialog/dialog.reference.ts",
									"line": 45,
									"character": 12
								}
							]
						},
						{
							"id": 30,
							"name": "beforeClose",
							"kind": 2048,
							"kindString": "Method",
							"flags": {
								"isExported": true,
								"isExternal": true
							},
							"signatures": [
								{
									"id": 31,
									"name": "beforeClose",
									"kind": 4096,
									"kindString": "Call signature",
									"flags": {},
									"type": {
										"type": "reference",
										"name": "Observable",
										"typeArguments": [
											{
												"type": "intrinsic",
												"name": "boolean"
											}
										]
									}
								}
							],
							"sources": [
								{
									"fileName": "atoms/dialog/dialog.reference.ts",
									"line": 49,
									"character": 12
								}
							]
						},
						{
							"id": 32,
							"name": "changeStatusButton",
							"kind": 2048,
							"kindString": "Method",
							"flags": {
								"isExported": true,
								"isExternal": true
							},
							"signatures": [
								{
									"id": 33,
									"name": "changeStatusButton",
									"kind": 4096,
									"kindString": "Call signature",
									"flags": {},
									"parameters": [
										{
											"id": 34,
											"name": "status",
											"kind": 32768,
											"kindString": "Parameter",
											"flags": {},
											"type": {
												"type": "intrinsic",
												"name": "boolean"
											}
										}
									],
									"type": {
										"type": "intrinsic",
										"name": "void"
									}
								}
							],
							"sources": [
								{
									"fileName": "atoms/dialog/dialog.reference.ts",
									"line": 53,
									"character": 19
								}
							]
						},
						{
							"id": 25,
							"name": "close",
							"kind": 2048,
							"kindString": "Method",
							"flags": {
								"isExported": true,
								"isExternal": true
							},
							"signatures": [
								{
									"id": 26,
									"name": "close",
									"kind": 4096,
									"kindString": "Call signature",
									"flags": {},
									"parameters": [
										{
											"id": 27,
											"name": "cancel",
											"kind": 32768,
											"kindString": "Parameter",
											"flags": {
												"isOptional": true
											},
											"type": {
												"type": "intrinsic",
												"name": "boolean"
											}
										}
									],
									"type": {
										"type": "intrinsic",
										"name": "void"
									}
								}
							],
							"sources": [
								{
									"fileName": "atoms/dialog/dialog.reference.ts",
									"line": 14,
									"character": 6
								}
							]
						}
					],
					"groups": [
						{
							"title": "Constructors",
							"kind": 512,
							"children": [21]
						},
						{
							"title": "Properties",
							"kind": 1024,
							"children": [19, 18, 20, 22]
						},
						{
							"title": "Methods",
							"kind": 2048,
							"children": [28, 30, 32, 25]
						}
					],
					"sources": [
						{
							"fileName": "atoms/dialog/dialog.reference.ts",
							"line": 6,
							"character": 28
						}
					]
				}
			],
			"groups": [
				{
					"title": "Classes",
					"kind": 128,
					"children": [17]
				}
			],
			"sources": [
				{
					"fileName": "atoms/dialog/dialog.reference.ts",
					"line": 1,
					"character": 0
				}
			]
		},
		{
			"id": 77,
			"name": "\"atoms/dialog/dialog.service\"",
			"kind": 1,
			"kindString": "External module",
			"flags": {
				"isExported": true,
				"isExternal": true
			},
			"originalName": "/Users/mlmv/Workspace/SANTANDER/flame-santander/flame-workspace/libs/flame-component-library/src/lib/atoms/dialog/dialog.service.ts",
			"children": [
				{
					"id": 93,
					"name": "DialogService",
					"kind": 128,
					"kindString": "Class",
					"flags": {
						"isExported": true,
						"isExternal": true
					},
					"decorators": [
						{
							"name": "Injectable",
							"type": {
								"type": "reference",
								"name": "Injectable"
							},
							"arguments": {
								"options": "{\n\tprovidedIn: 'root'\n}"
							}
						}
					],
					"children": [
						{
							"id": 94,
							"name": "constructor",
							"kind": 512,
							"kindString": "Constructor",
							"flags": {
								"isExported": true,
								"isExternal": true
							},
							"signatures": [
								{
									"id": 97,
									"name": "new DialogService",
									"kind": 16384,
									"kindString": "Constructor signature",
									"flags": {},
									"parameters": [
										{
											"id": 98,
											"name": "_injector",
											"kind": 32768,
											"kindString": "Parameter",
											"flags": {},
											"type": {
												"type": "reference",
												"name": "Injector"
											}
										},
										{
											"id": 99,
											"name": "overlayService",
											"kind": 32768,
											"kindString": "Parameter",
											"flags": {},
											"type": {
												"type": "reference",
												"name": "OverlayService",
												"id": 132
											}
										}
									],
									"type": {
										"type": "reference",
										"name": "DialogService",
										"id": 93
									}
								}
							],
							"sources": [
								{
									"fileName": "atoms/dialog/dialog.service.ts",
									"line": 40,
									"character": 28
								}
							]
						},
						{
							"id": 95,
							"name": "_injector",
							"kind": 1024,
							"kindString": "Property",
							"flags": {
								"isPrivate": true,
								"isExported": true,
								"isExternal": true,
								"isConstructorProperty": true
							},
							"sources": [
								{
									"fileName": "atoms/dialog/dialog.service.ts",
									"line": 42,
									"character": 19
								}
							],
							"type": {
								"type": "reference",
								"name": "Injector"
							}
						},
						{
							"id": 96,
							"name": "overlayService",
							"kind": 1024,
							"kindString": "Property",
							"flags": {
								"isPrivate": true,
								"isExported": true,
								"isExternal": true,
								"isConstructorProperty": true
							},
							"sources": [
								{
									"fileName": "atoms/dialog/dialog.service.ts",
									"line": 43,
									"character": 24
								}
							],
							"type": {
								"type": "reference",
								"name": "OverlayService",
								"id": 132
							}
						},
						{
							"id": 104,
							"name": "attachDialogContainer",
							"kind": 2048,
							"kindString": "Method",
							"flags": {
								"isPrivate": true,
								"isExported": true,
								"isExternal": true
							},
							"signatures": [
								{
									"id": 105,
									"name": "attachDialogContainer",
									"kind": 4096,
									"kindString": "Call signature",
									"flags": {},
									"parameters": [
										{
											"id": 106,
											"name": "overlay",
											"kind": 32768,
											"kindString": "Parameter",
											"flags": {},
											"type": {
												"type": "reference",
												"name": "OverlayRef"
											}
										},
										{
											"id": 107,
											"name": "dialogRef",
											"kind": 32768,
											"kindString": "Parameter",
											"flags": {},
											"type": {
												"type": "reference",
												"name": "DialogReference",
												"id": 17
											}
										}
									],
									"type": {
										"type": "reference",
										"name": "DialogComponent",
										"id": 36
									}
								}
							],
							"sources": [
								{
									"fileName": "atoms/dialog/dialog.service.ts",
									"line": 76,
									"character": 30
								}
							]
						},
						{
							"id": 108,
							"name": "createInjector",
							"kind": 2048,
							"kindString": "Method",
							"flags": {
								"isPrivate": true,
								"isExported": true,
								"isExternal": true
							},
							"signatures": [
								{
									"id": 109,
									"name": "createInjector",
									"kind": 4096,
									"kindString": "Call signature",
									"flags": {},
									"parameters": [
										{
											"id": 110,
											"name": "dialogRef",
											"kind": 32768,
											"kindString": "Parameter",
											"flags": {},
											"type": {
												"type": "reference",
												"name": "DialogReference",
												"id": 17
											}
										}
									],
									"type": {
										"type": "reference",
										"name": "PortalInjector"
									}
								}
							],
							"sources": [
								{
									"fileName": "atoms/dialog/dialog.service.ts",
									"line": 94,
									"character": 23
								}
							]
						},
						{
							"id": 100,
							"name": "open",
							"kind": 2048,
							"kindString": "Method",
							"flags": {
								"isExported": true,
								"isExternal": true
							},
							"signatures": [
								{
									"id": 101,
									"name": "open",
									"kind": 4096,
									"kindString": "Call signature",
									"flags": {},
									"parameters": [
										{
											"id": 102,
											"name": "config",
											"kind": 32768,
											"kindString": "Parameter",
											"flags": {},
											"type": {
												"type": "reference",
												"name": "DialogConfig",
												"id": 83
											}
										},
										{
											"id": 103,
											"name": "customComponent",
											"kind": 32768,
											"kindString": "Parameter",
											"flags": {
												"isOptional": true
											},
											"type": {
												"type": "reference",
												"name": "CustomDialog",
												"id": 7
											}
										}
									],
									"type": {
										"type": "reference",
										"name": "DialogReference",
										"id": 17
									}
								}
							],
							"sources": [
								{
									"fileName": "atoms/dialog/dialog.service.ts",
									"line": 46,
									"character": 5
								}
							]
						}
					],
					"groups": [
						{
							"title": "Constructors",
							"kind": 512,
							"children": [94]
						},
						{
							"title": "Properties",
							"kind": 1024,
							"children": [95, 96]
						},
						{
							"title": "Methods",
							"kind": 2048,
							"children": [104, 108, 100]
						}
					],
					"sources": [
						{
							"fileName": "atoms/dialog/dialog.service.ts",
							"line": 40,
							"character": 26
						}
					]
				},
				{
					"id": 78,
					"name": "Buttons",
					"kind": 256,
					"kindString": "Interface",
					"flags": {
						"isExternal": true
					},
					"children": [
						{
							"id": 81,
							"name": "class",
							"kind": 1024,
							"kindString": "Property",
							"flags": {
								"isExternal": true,
								"isOptional": true
							},
							"sources": [
								{
									"fileName": "atoms/dialog/dialog.service.ts",
									"line": 13,
									"character": 6
								}
							],
							"type": {
								"type": "union",
								"types": [
									{
										"type": "stringLiteral",
										"value": "full"
									},
									{
										"type": "stringLiteral",
										"value": "strech"
									},
									{
										"type": "stringLiteral",
										"value": "border"
									}
								]
							}
						},
						{
							"id": 82,
							"name": "flat",
							"kind": 1024,
							"kindString": "Property",
							"flags": {
								"isExternal": true,
								"isOptional": true
							},
							"sources": [
								{
									"fileName": "atoms/dialog/dialog.service.ts",
									"line": 14,
									"character": 5
								}
							],
							"type": {
								"type": "intrinsic",
								"name": "boolean"
							}
						},
						{
							"id": 79,
							"name": "label",
							"kind": 1024,
							"kindString": "Property",
							"flags": {
								"isExternal": true
							},
							"sources": [
								{
									"fileName": "atoms/dialog/dialog.service.ts",
									"line": 11,
									"character": 6
								}
							],
							"type": {
								"type": "intrinsic",
								"name": "string"
							}
						},
						{
							"id": 80,
							"name": "type",
							"kind": 1024,
							"kindString": "Property",
							"flags": {
								"isExternal": true,
								"isOptional": true
							},
							"sources": [
								{
									"fileName": "atoms/dialog/dialog.service.ts",
									"line": 12,
									"character": 5
								}
							],
							"type": {
								"type": "union",
								"types": [
									{
										"type": "stringLiteral",
										"value": "default"
									},
									{
										"type": "stringLiteral",
										"value": "secondary"
									},
									{
										"type": "stringLiteral",
										"value": "success"
									},
									{
										"type": "stringLiteral",
										"value": "warning"
									},
									{
										"type": "stringLiteral",
										"value": "alert"
									}
								]
							}
						}
					],
					"groups": [
						{
							"title": "Properties",
							"kind": 1024,
							"children": [81, 82, 79, 80]
						}
					],
					"sources": [
						{
							"fileName": "atoms/dialog/dialog.service.ts",
							"line": 10,
							"character": 17
						}
					]
				},
				{
					"id": 83,
					"name": "DialogConfig",
					"kind": 256,
					"kindString": "Interface",
					"flags": {
						"isExported": true,
						"isExternal": true
					},
					"children": [
						{
							"id": 88,
							"name": "backdropClass",
							"kind": 1024,
							"kindString": "Property",
							"flags": {
								"isExported": true,
								"isExternal": true,
								"isOptional": true
							},
							"sources": [
								{
									"fileName": "atoms/dialog/dialog.service.ts",
									"line": 22,
									"character": 14
								}
							],
							"type": {
								"type": "intrinsic",
								"name": "string"
							}
						},
						{
							"id": 85,
							"name": "body",
							"kind": 1024,
							"kindString": "Property",
							"flags": {
								"isExported": true,
								"isExternal": true,
								"isOptional": true
							},
							"sources": [
								{
									"fileName": "atoms/dialog/dialog.service.ts",
									"line": 19,
									"character": 5
								}
							],
							"type": {
								"type": "intrinsic",
								"name": "string"
							}
						},
						{
							"id": 90,
							"name": "buttons",
							"kind": 1024,
							"kindString": "Property",
							"flags": {
								"isExported": true,
								"isExternal": true,
								"isOptional": true
							},
							"sources": [
								{
									"fileName": "atoms/dialog/dialog.service.ts",
									"line": 24,
									"character": 8
								}
							],
							"type": {
								"type": "array",
								"elementType": {
									"type": "reference",
									"name": "Buttons",
									"id": 78
								}
							}
						},
						{
							"id": 86,
							"name": "closeLabel",
							"kind": 1024,
							"kindString": "Property",
							"flags": {
								"isExported": true,
								"isExternal": true,
								"isOptional": true
							},
							"sources": [
								{
									"fileName": "atoms/dialog/dialog.service.ts",
									"line": 20,
									"character": 11
								}
							],
							"type": {
								"type": "intrinsic",
								"name": "string"
							}
						},
						{
							"id": 92,
							"name": "disabledButton",
							"kind": 1024,
							"kindString": "Property",
							"flags": {
								"isExported": true,
								"isExternal": true,
								"isOptional": true
							},
							"sources": [
								{
									"fileName": "atoms/dialog/dialog.service.ts",
									"line": 26,
									"character": 15
								}
							],
							"type": {
								"type": "intrinsic",
								"name": "boolean"
							}
						},
						{
							"id": 91,
							"name": "enableHr",
							"kind": 1024,
							"kindString": "Property",
							"flags": {
								"isExported": true,
								"isExternal": true,
								"isOptional": true
							},
							"sources": [
								{
									"fileName": "atoms/dialog/dialog.service.ts",
									"line": 25,
									"character": 9
								}
							],
							"type": {
								"type": "intrinsic",
								"name": "boolean"
							}
						},
						{
							"id": 87,
							"name": "hasBackdrop",
							"kind": 1024,
							"kindString": "Property",
							"flags": {
								"isExported": true,
								"isExternal": true,
								"isOptional": true
							},
							"sources": [
								{
									"fileName": "atoms/dialog/dialog.service.ts",
									"line": 21,
									"character": 12
								}
							],
							"type": {
								"type": "intrinsic",
								"name": "boolean"
							}
						},
						{
							"id": 89,
							"name": "panelClass",
							"kind": 1024,
							"kindString": "Property",
							"flags": {
								"isExported": true,
								"isExternal": true,
								"isOptional": true
							},
							"sources": [
								{
									"fileName": "atoms/dialog/dialog.service.ts",
									"line": 23,
									"character": 11
								}
							],
							"type": {
								"type": "intrinsic",
								"name": "string"
							}
						},
						{
							"id": 84,
							"name": "title",
							"kind": 1024,
							"kindString": "Property",
							"flags": {
								"isExported": true,
								"isExternal": true
							},
							"sources": [
								{
									"fileName": "atoms/dialog/dialog.service.ts",
									"line": 18,
									"character": 6
								}
							],
							"type": {
								"type": "intrinsic",
								"name": "string"
							}
						}
					],
					"groups": [
						{
							"title": "Properties",
							"kind": 1024,
							"children": [88, 85, 90, 86, 92, 91, 87, 89, 84]
						}
					],
					"sources": [
						{
							"fileName": "atoms/dialog/dialog.service.ts",
							"line": 17,
							"character": 29
						}
					]
				},
				{
					"id": 111,
					"name": "DEFAULT_CONFIG",
					"kind": 2097152,
					"kindString": "Object literal",
					"flags": {
						"isExternal": true,
						"isConst": true
					},
					"children": [
						{
							"id": 113,
							"name": "backdropClass",
							"kind": 32,
							"kindString": "Variable",
							"flags": {
								"isExternal": true
							},
							"sources": [
								{
									"fileName": "atoms/dialog/dialog.service.ts",
									"line": 31,
									"character": 14
								}
							],
							"type": {
								"type": "intrinsic",
								"name": "string"
							},
							"defaultValue": "\"dark-backdrop\""
						},
						{
							"id": 116,
							"name": "disabledButton",
							"kind": 32,
							"kindString": "Variable",
							"flags": {
								"isExternal": true
							},
							"sources": [
								{
									"fileName": "atoms/dialog/dialog.service.ts",
									"line": 34,
									"character": 15
								}
							],
							"type": {
								"type": "intrinsic",
								"name": "boolean"
							},
							"defaultValue": "false"
						},
						{
							"id": 115,
							"name": "enableHr",
							"kind": 32,
							"kindString": "Variable",
							"flags": {
								"isExternal": true
							},
							"sources": [
								{
									"fileName": "atoms/dialog/dialog.service.ts",
									"line": 33,
									"character": 9
								}
							],
							"type": {
								"type": "intrinsic",
								"name": "boolean"
							},
							"defaultValue": "false"
						},
						{
							"id": 112,
							"name": "hasBackdrop",
							"kind": 32,
							"kindString": "Variable",
							"flags": {
								"isExternal": true
							},
							"sources": [
								{
									"fileName": "atoms/dialog/dialog.service.ts",
									"line": 30,
									"character": 12
								}
							],
							"type": {
								"type": "intrinsic",
								"name": "boolean"
							},
							"defaultValue": "true"
						},
						{
							"id": 114,
							"name": "panelClass",
							"kind": 32,
							"kindString": "Variable",
							"flags": {
								"isExternal": true
							},
							"sources": [
								{
									"fileName": "atoms/dialog/dialog.service.ts",
									"line": 32,
									"character": 11
								}
							],
							"type": {
								"type": "intrinsic",
								"name": "string"
							},
							"defaultValue": "\"tm-file-preview-dialog-panel\""
						}
					],
					"groups": [
						{
							"title": "Variables",
							"kind": 32,
							"children": [113, 116, 115, 112, 114]
						}
					],
					"sources": [
						{
							"fileName": "atoms/dialog/dialog.service.ts",
							"line": 29,
							"character": 20
						}
					],
					"type": {
						"type": "intrinsic",
						"name": "object"
					}
				}
			],
			"groups": [
				{
					"title": "Classes",
					"kind": 128,
					"children": [93]
				},
				{
					"title": "Interfaces",
					"kind": 256,
					"children": [78, 83]
				},
				{
					"title": "Object literals",
					"kind": 2097152,
					"children": [111]
				}
			],
			"sources": [
				{
					"fileName": "atoms/dialog/dialog.service.ts",
					"line": 1,
					"character": 0
				}
			]
		},
		{
			"id": 130,
			"name": "\"atoms/dialog/index\"",
			"kind": 1,
			"kindString": "External module",
			"flags": {
				"isExported": true,
				"isExternal": true
			},
			"originalName": "/Users/mlmv/Workspace/SANTANDER/flame-santander/flame-workspace/libs/flame-component-library/src/lib/atoms/dialog/index.ts",
			"sources": [
				{
					"fileName": "atoms/dialog/index.ts",
					"line": 1,
					"character": 0
				}
			]
		},
		{
			"id": 143,
			"name": "\"molecules/notification/notification.component\"",
			"kind": 1,
			"kindString": "External module",
			"flags": {
				"isExported": true,
				"isExternal": true
			},
			"originalName": "/Users/mlmv/Workspace/SANTANDER/flame-santander/flame-workspace/libs/flame-component-library/src/lib/molecules/notification/notification.component.ts",
			"children": [
				{
					"id": 144,
					"name": "NotificationComponent",
					"kind": 128,
					"kindString": "Class",
					"flags": {
						"isExported": true,
						"isExternal": true
					},
					"decorators": [
						{
							"name": "Component",
							"type": {
								"type": "reference",
								"name": "Component"
							},
							"arguments": {
								"obj": "{\n\tselector: 'sn-notification',\n\ttemplateUrl: './notification.component.html',\n\tstyleUrls: ['./notification.component.scss'],\n\tanimations: [\n\t\ttrigger('slideContent', [\n\t\t\tstate('void', style({ transform: 'translate3d(0, 50%, 0)', opacity: 0 })),\n\t\t\tstate('enter', style({ transform: 'none', opacity: 1 })),\n\t\t\tstate('leave', style({ opacity: 0 })),\n\t\t\ttransition('* => *', animate(ANIMATION_TIMINGS))\n\t\t])\n\t]\n}"
							}
						}
					],
					"children": [
						{
							"id": 150,
							"name": "constructor",
							"kind": 512,
							"kindString": "Constructor",
							"flags": {
								"isExported": true,
								"isExternal": true
							},
							"signatures": [
								{
									"id": 152,
									"name": "new NotificationComponent",
									"kind": 16384,
									"kindString": "Constructor signature",
									"flags": {},
									"parameters": [
										{
											"id": 153,
											"name": "notificationRef",
											"kind": 32768,
											"kindString": "Parameter",
											"flags": {},
											"type": {
												"type": "reference",
												"name": "NotificationReference",
												"id": 168
											}
										}
									],
									"type": {
										"type": "reference",
										"name": "NotificationComponent",
										"id": 144
									}
								}
							],
							"sources": [
								{
									"fileName": "molecules/notification/notification.component.ts",
									"line": 33,
									"character": 23
								}
							]
						},
						{
							"id": 145,
							"name": "_legend",
							"kind": 1024,
							"kindString": "Property",
							"flags": {
								"isPrivate": true,
								"isExported": true,
								"isExternal": true
							},
							"sources": [
								{
									"fileName": "molecules/notification/notification.component.ts",
									"line": 27,
									"character": 16
								}
							],
							"type": {
								"type": "intrinsic",
								"name": "string"
							}
						},
						{
							"id": 146,
							"name": "animationState",
							"kind": 1024,
							"kindString": "Property",
							"flags": {
								"isExported": true,
								"isExternal": true
							},
							"sources": [
								{
									"fileName": "molecules/notification/notification.component.ts",
									"line": 29,
									"character": 15
								}
							],
							"type": {
								"type": "union",
								"types": [
									{
										"type": "stringLiteral",
										"value": "void"
									},
									{
										"type": "stringLiteral",
										"value": "enter"
									},
									{
										"type": "stringLiteral",
										"value": "leave"
									}
								]
							},
							"defaultValue": "\"enter\""
						},
						{
							"id": 147,
							"name": "animationStateChanged",
							"kind": 1024,
							"kindString": "Property",
							"flags": {
								"isExported": true,
								"isExternal": true
							},
							"sources": [
								{
									"fileName": "molecules/notification/notification.component.ts",
									"line": 30,
									"character": 22
								}
							],
							"type": {
								"type": "reference",
								"name": "EventEmitter",
								"typeArguments": [
									{
										"type": "reference",
										"name": "AnimationEvent"
									}
								]
							},
							"defaultValue": " new EventEmitter<AnimationEvent>()"
						},
						{
							"id": 149,
							"name": "icon",
							"kind": 1024,
							"kindString": "Property",
							"flags": {
								"isExported": true,
								"isExternal": true
							},
							"decorators": [
								{
									"name": "Input",
									"type": {
										"type": "reference",
										"name": "Input"
									},
									"arguments": {}
								}
							],
							"sources": [
								{
									"fileName": "molecules/notification/notification.component.ts",
									"line": 33,
									"character": 14
								}
							],
							"type": {
								"type": "intrinsic",
								"name": "string"
							}
						},
						{
							"id": 148,
							"name": "legend",
							"kind": 1024,
							"kindString": "Property",
							"flags": {
								"isExported": true,
								"isExternal": true
							},
							"decorators": [
								{
									"name": "Input",
									"type": {
										"type": "reference",
										"name": "Input"
									},
									"arguments": {}
								}
							],
							"sources": [
								{
									"fileName": "molecules/notification/notification.component.ts",
									"line": 32,
									"character": 16
								}
							],
							"type": {
								"type": "intrinsic",
								"name": "string"
							},
							"defaultValue": " this._legend"
						},
						{
							"id": 151,
							"name": "notificationRef",
							"kind": 1024,
							"kindString": "Property",
							"flags": {
								"isPrivate": true,
								"isExported": true,
								"isExternal": true,
								"isConstructorProperty": true
							},
							"sources": [
								{
									"fileName": "molecules/notification/notification.component.ts",
									"line": 35,
									"character": 36
								}
							],
							"type": {
								"type": "reference",
								"name": "NotificationReference",
								"id": 168
							}
						},
						{
							"id": 156,
							"name": "close",
							"kind": 2048,
							"kindString": "Method",
							"flags": {
								"isExported": true,
								"isExternal": true
							},
							"signatures": [
								{
									"id": 157,
									"name": "close",
									"kind": 4096,
									"kindString": "Call signature",
									"flags": {},
									"type": {
										"type": "intrinsic",
										"name": "void"
									}
								}
							],
							"sources": [
								{
									"fileName": "molecules/notification/notification.component.ts",
									"line": 58,
									"character": 6
								}
							]
						},
						{
							"id": 154,
							"name": "ngOnInit",
							"kind": 2048,
							"kindString": "Method",
							"flags": {
								"isExported": true,
								"isExternal": true
							},
							"signatures": [
								{
									"id": 155,
									"name": "ngOnInit",
									"kind": 4096,
									"kindString": "Call signature",
									"flags": {},
									"type": {
										"type": "intrinsic",
										"name": "void"
									}
								}
							],
							"sources": [
								{
									"fileName": "molecules/notification/notification.component.ts",
									"line": 37,
									"character": 9
								}
							]
						},
						{
							"id": 161,
							"name": "onAnimationDone",
							"kind": 2048,
							"kindString": "Method",
							"flags": {
								"isExported": true,
								"isExternal": true
							},
							"signatures": [
								{
									"id": 162,
									"name": "onAnimationDone",
									"kind": 4096,
									"kindString": "Call signature",
									"flags": {},
									"parameters": [
										{
											"id": 163,
											"name": "event",
											"kind": 32768,
											"kindString": "Parameter",
											"flags": {},
											"type": {
												"type": "reference",
												"name": "AnimationEvent"
											}
										}
									],
									"type": {
										"type": "intrinsic",
										"name": "void"
									}
								}
							],
							"sources": [
								{
									"fileName": "molecules/notification/notification.component.ts",
									"line": 66,
									"character": 16
								}
							]
						},
						{
							"id": 158,
							"name": "onAnimationStart",
							"kind": 2048,
							"kindString": "Method",
							"flags": {
								"isExported": true,
								"isExternal": true
							},
							"signatures": [
								{
									"id": 159,
									"name": "onAnimationStart",
									"kind": 4096,
									"kindString": "Call signature",
									"flags": {},
									"parameters": [
										{
											"id": 160,
											"name": "event",
											"kind": 32768,
											"kindString": "Parameter",
											"flags": {},
											"type": {
												"type": "reference",
												"name": "AnimationEvent"
											}
										}
									],
									"type": {
										"type": "intrinsic",
										"name": "void"
									}
								}
							],
							"sources": [
								{
									"fileName": "molecules/notification/notification.component.ts",
									"line": 62,
									"character": 17
								}
							]
						},
						{
							"id": 164,
							"name": "startExitAnimation",
							"kind": 2048,
							"kindString": "Method",
							"flags": {
								"isExported": true,
								"isExternal": true
							},
							"signatures": [
								{
									"id": 165,
									"name": "startExitAnimation",
									"kind": 4096,
									"kindString": "Call signature",
									"flags": {},
									"type": {
										"type": "intrinsic",
										"name": "void"
									}
								}
							],
							"sources": [
								{
									"fileName": "molecules/notification/notification.component.ts",
									"line": 70,
									"character": 19
								}
							]
						}
					],
					"groups": [
						{
							"title": "Constructors",
							"kind": 512,
							"children": [150]
						},
						{
							"title": "Properties",
							"kind": 1024,
							"children": [145, 146, 147, 149, 148, 151]
						},
						{
							"title": "Methods",
							"kind": 2048,
							"children": [156, 154, 161, 158, 164]
						}
					],
					"sources": [
						{
							"fileName": "molecules/notification/notification.component.ts",
							"line": 26,
							"character": 34
						}
					],
					"implementedTypes": [
						{
							"type": "reference",
							"name": "OnInit"
						}
					]
				},
				{
					"id": 166,
					"name": "ANIMATION_TIMINGS",
					"kind": 32,
					"kindString": "Variable",
					"flags": {
						"isExternal": true,
						"isConst": true
					},
					"sources": [
						{
							"fileName": "molecules/notification/notification.component.ts",
							"line": 11,
							"character": 23
						}
					],
					"type": {
						"type": "stringLiteral",
						"value": "400ms cubic-bezier(0.25, 0.8, 0.25, 1)"
					},
					"defaultValue": "\"400ms cubic-bezier(0.25, 0.8, 0.25, 1)\""
				}
			],
			"groups": [
				{
					"title": "Classes",
					"kind": 128,
					"children": [144]
				},
				{
					"title": "Variables",
					"kind": 32,
					"children": [166]
				}
			],
			"sources": [
				{
					"fileName": "molecules/notification/notification.component.ts",
					"line": 1,
					"character": 0
				}
			]
		},
		{
			"id": 167,
			"name": "\"molecules/notification/notification.reference\"",
			"kind": 1,
			"kindString": "External module",
			"flags": {
				"isExported": true,
				"isExternal": true
			},
			"originalName": "/Users/mlmv/Workspace/SANTANDER/flame-santander/flame-workspace/libs/flame-component-library/src/lib/molecules/notification/notification.reference.ts",
			"children": [
				{
					"id": 168,
					"name": "NotificationReference",
					"kind": 128,
					"kindString": "Class",
					"flags": {
						"isExported": true,
						"isExternal": true
					},
					"children": [
						{
							"id": 172,
							"name": "constructor",
							"kind": 512,
							"kindString": "Constructor",
							"flags": {
								"isExported": true,
								"isExternal": true
							},
							"signatures": [
								{
									"id": 174,
									"name": "new NotificationReference",
									"kind": 16384,
									"kindString": "Constructor signature",
									"flags": {},
									"parameters": [
										{
											"id": 175,
											"name": "overlay",
											"kind": 32768,
											"kindString": "Parameter",
											"flags": {},
											"type": {
												"type": "reference",
												"name": "OverlayRef"
											}
										}
									],
									"type": {
										"type": "reference",
										"name": "NotificationReference",
										"id": 168
									}
								}
							],
							"sources": [
								{
									"fileName": "molecules/notification/notification.reference.ts",
									"line": 10,
									"character": 42
								}
							]
						},
						{
							"id": 170,
							"name": "_afterClosed",
							"kind": 1024,
							"kindString": "Property",
							"flags": {
								"isPrivate": true,
								"isExported": true,
								"isExternal": true
							},
							"sources": [
								{
									"fileName": "molecules/notification/notification.reference.ts",
									"line": 8,
									"character": 21
								}
							],
							"type": {
								"type": "reference",
								"name": "Subject",
								"typeArguments": [
									{
										"type": "intrinsic",
										"name": "void"
									}
								]
							},
							"defaultValue": " new Subject<void>()"
						},
						{
							"id": 169,
							"name": "_beforeClose",
							"kind": 1024,
							"kindString": "Property",
							"flags": {
								"isPrivate": true,
								"isExported": true,
								"isExternal": true
							},
							"sources": [
								{
									"fileName": "molecules/notification/notification.reference.ts",
									"line": 7,
									"character": 21
								}
							],
							"type": {
								"type": "reference",
								"name": "Subject",
								"typeArguments": [
									{
										"type": "intrinsic",
										"name": "void"
									}
								]
							},
							"defaultValue": " new Subject<void>()"
						},
						{
							"id": 171,
							"name": "componentInstance",
							"kind": 1024,
							"kindString": "Property",
							"flags": {
								"isExported": true,
								"isExternal": true
							},
							"sources": [
								{
									"fileName": "molecules/notification/notification.reference.ts",
									"line": 10,
									"character": 18
								}
							],
							"type": {
								"type": "reference",
								"name": "NotificationComponent",
								"id": 144
							}
						},
						{
							"id": 173,
							"name": "overlay",
							"kind": 1024,
							"kindString": "Property",
							"flags": {
								"isPrivate": true,
								"isExported": true,
								"isExternal": true,
								"isConstructorProperty": true
							},
							"sources": [
								{
									"fileName": "molecules/notification/notification.reference.ts",
									"line": 12,
									"character": 28
								}
							],
							"type": {
								"type": "reference",
								"name": "OverlayRef"
							}
						},
						{
							"id": 178,
							"name": "afterClosed",
							"kind": 2048,
							"kindString": "Method",
							"flags": {
								"isExported": true,
								"isExternal": true
							},
							"signatures": [
								{
									"id": 179,
									"name": "afterClosed",
									"kind": 4096,
									"kindString": "Call signature",
									"flags": {},
									"type": {
										"type": "reference",
										"name": "Observable",
										"typeArguments": [
											{
												"type": "intrinsic",
												"name": "void"
											}
										]
									}
								}
							],
							"sources": [
								{
									"fileName": "molecules/notification/notification.reference.ts",
									"line": 45,
									"character": 12
								}
							]
						},
						{
							"id": 180,
							"name": "beforeClose",
							"kind": 2048,
							"kindString": "Method",
							"flags": {
								"isExported": true,
								"isExternal": true
							},
							"signatures": [
								{
									"id": 181,
									"name": "beforeClose",
									"kind": 4096,
									"kindString": "Call signature",
									"flags": {},
									"type": {
										"type": "reference",
										"name": "Observable",
										"typeArguments": [
											{
												"type": "intrinsic",
												"name": "void"
											}
										]
									}
								}
							],
							"sources": [
								{
									"fileName": "molecules/notification/notification.reference.ts",
									"line": 49,
									"character": 12
								}
							]
						},
						{
							"id": 176,
							"name": "close",
							"kind": 2048,
							"kindString": "Method",
							"flags": {
								"isExported": true,
								"isExternal": true
							},
							"signatures": [
								{
									"id": 177,
									"name": "close",
									"kind": 4096,
									"kindString": "Call signature",
									"flags": {},
									"type": {
										"type": "intrinsic",
										"name": "void"
									}
								}
							],
							"sources": [
								{
									"fileName": "molecules/notification/notification.reference.ts",
									"line": 14,
									"character": 6
								}
							]
						}
					],
					"groups": [
						{
							"title": "Constructors",
							"kind": 512,
							"children": [172]
						},
						{
							"title": "Properties",
							"kind": 1024,
							"children": [170, 169, 171, 173]
						},
						{
							"title": "Methods",
							"kind": 2048,
							"children": [178, 180, 176]
						}
					],
					"sources": [
						{
							"fileName": "molecules/notification/notification.reference.ts",
							"line": 6,
							"character": 34
						}
					]
				}
			],
			"groups": [
				{
					"title": "Classes",
					"kind": 128,
					"children": [168]
				}
			],
			"sources": [
				{
					"fileName": "molecules/notification/notification.reference.ts",
					"line": 1,
					"character": 0
				}
			]
		},
		{
			"id": 182,
			"name": "\"molecules/notification/notification.service\"",
			"kind": 1,
			"kindString": "External module",
			"flags": {
				"isExported": true
			},
			"originalName": "/Users/mlmv/Workspace/SANTANDER/flame-santander/flame-workspace/libs/flame-component-library/src/lib/molecules/notification/notification.service.ts",
			"children": [
				{
					"id": 189,
					"name": "NotificationService",
					"kind": 128,
					"kindString": "Class",
					"flags": {
						"isExported": true
					},
					"decorators": [
						{
							"name": "Injectable",
							"type": {
								"type": "reference",
								"name": "Injectable"
							},
							"arguments": {
								"options": "{\n\tprovidedIn: 'root'\n}"
							}
						}
					],
					"children": [
						{
							"id": 190,
							"name": "constructor",
							"kind": 512,
							"kindString": "Constructor",
							"flags": {
								"isExported": true
							},
							"signatures": [
								{
									"id": 193,
									"name": "new NotificationService",
									"kind": 16384,
									"kindString": "Constructor signature",
									"flags": {},
									"parameters": [
										{
											"id": 194,
											"name": "_injector",
											"kind": 32768,
											"kindString": "Parameter",
											"flags": {},
											"type": {
												"type": "reference",
												"name": "Injector"
											}
										},
										{
											"id": 195,
											"name": "overlayService",
											"kind": 32768,
											"kindString": "Parameter",
											"flags": {},
											"type": {
												"type": "reference",
												"name": "OverlayService",
												"id": 132
											}
										}
									],
									"type": {
										"type": "reference",
										"name": "NotificationService",
										"id": 189
									}
								}
							],
							"sources": [
								{
									"fileName": "molecules/notification/notification.service.ts",
									"line": 27,
									"character": 34
								}
							]
						},
						{
							"id": 191,
							"name": "_injector",
							"kind": 1024,
							"kindString": "Property",
							"flags": {
								"isPrivate": true,
								"isExported": true,
								"isConstructorProperty": true
							},
							"sources": [
								{
									"fileName": "molecules/notification/notification.service.ts",
									"line": 29,
									"character": 19
								}
							],
							"type": {
								"type": "reference",
								"name": "Injector"
							}
						},
						{
							"id": 192,
							"name": "overlayService",
							"kind": 1024,
							"kindString": "Property",
							"flags": {
								"isPrivate": true,
								"isExported": true,
								"isConstructorProperty": true
							},
							"sources": [
								{
									"fileName": "molecules/notification/notification.service.ts",
									"line": 30,
									"character": 24
								}
							],
							"type": {
								"type": "reference",
								"name": "OverlayService",
								"id": 132
							}
						},
						{
							"id": 199,
							"name": "attachDialogContainer",
							"kind": 2048,
							"kindString": "Method",
							"flags": {
								"isPrivate": true,
								"isExported": true
							},
							"signatures": [
								{
									"id": 200,
									"name": "attachDialogContainer",
									"kind": 4096,
									"kindString": "Call signature",
									"flags": {},
									"parameters": [
										{
											"id": 201,
											"name": "overlay",
											"kind": 32768,
											"kindString": "Parameter",
											"flags": {},
											"type": {
												"type": "reference",
												"name": "OverlayRef"
											}
										},
										{
											"id": 202,
											"name": "notificationRef",
											"kind": 32768,
											"kindString": "Parameter",
											"flags": {},
											"type": {
												"type": "reference",
												"name": "NotificationReference",
												"id": 168
											}
										}
									],
									"type": {
										"type": "reference",
										"name": "NotificationComponent",
										"id": 144
									}
								}
							],
							"sources": [
								{
									"fileName": "molecules/notification/notification.service.ts",
									"line": 59,
									"character": 30
								}
							]
						},
						{
							"id": 203,
							"name": "createInjector",
							"kind": 2048,
							"kindString": "Method",
							"flags": {
								"isPrivate": true,
								"isExported": true
							},
							"signatures": [
								{
									"id": 204,
									"name": "createInjector",
									"kind": 4096,
									"kindString": "Call signature",
									"flags": {},
									"parameters": [
										{
											"id": 205,
											"name": "notificationRef",
											"kind": 32768,
											"kindString": "Parameter",
											"flags": {},
											"type": {
												"type": "reference",
												"name": "NotificationReference",
												"id": 168
											}
										}
									],
									"type": {
										"type": "reference",
										"name": "PortalInjector"
									}
								}
							],
							"sources": [
								{
									"fileName": "molecules/notification/notification.service.ts",
									"line": 77,
									"character": 23
								}
							]
						},
						{
							"id": 196,
							"name": "open",
							"kind": 2048,
							"kindString": "Method",
							"flags": {
								"isExported": true
							},
							"signatures": [
								{
									"id": 197,
									"name": "open",
									"kind": 4096,
									"kindString": "Call signature",
									"flags": {},
									"parameters": [
										{
											"id": 198,
											"name": "config",
											"kind": 32768,
											"kindString": "Parameter",
											"flags": {},
											"type": {
												"type": "reference",
												"name": "NotificationConfig",
												"id": 183
											}
										}
									],
									"type": {
										"type": "reference",
										"name": "NotificationReference",
										"id": 168
									}
								}
							],
							"sources": [
								{
									"fileName": "molecules/notification/notification.service.ts",
									"line": 33,
									"character": 5
								}
							]
						}
					],
					"groups": [
						{
							"title": "Constructors",
							"kind": 512,
							"children": [190]
						},
						{
							"title": "Properties",
							"kind": 1024,
							"children": [191, 192]
						},
						{
							"title": "Methods",
							"kind": 2048,
							"children": [199, 203, 196]
						}
					],
					"sources": [
						{
							"fileName": "molecules/notification/notification.service.ts",
							"line": 27,
							"character": 32
						}
					]
				},
				{
					"id": 183,
					"name": "NotificationConfig",
					"kind": 256,
					"kindString": "Interface",
					"flags": {
						"isExported": true
					},
					"children": [
						{
							"id": 187,
							"name": "backdropClass",
							"kind": 1024,
							"kindString": "Property",
							"flags": {
								"isExported": true,
								"isOptional": true
							},
							"sources": [
								{
									"fileName": "molecules/notification/notification.service.ts",
									"line": 13,
									"character": 14
								}
							],
							"type": {
								"type": "intrinsic",
								"name": "string"
							}
						},
						{
							"id": 186,
							"name": "hasBackdrop",
							"kind": 1024,
							"kindString": "Property",
							"flags": {
								"isExported": true,
								"isOptional": true
							},
							"sources": [
								{
									"fileName": "molecules/notification/notification.service.ts",
									"line": 12,
									"character": 12
								}
							],
							"type": {
								"type": "intrinsic",
								"name": "boolean"
							}
						},
						{
							"id": 185,
							"name": "icon",
							"kind": 1024,
							"kindString": "Property",
							"flags": {
								"isExported": true,
								"isOptional": true
							},
							"sources": [
								{
									"fileName": "molecules/notification/notification.service.ts",
									"line": 11,
									"character": 5
								}
							],
							"type": {
								"type": "intrinsic",
								"name": "string"
							}
						},
						{
							"id": 184,
							"name": "legend",
							"kind": 1024,
							"kindString": "Property",
							"flags": {
								"isExported": true
							},
							"sources": [
								{
									"fileName": "molecules/notification/notification.service.ts",
									"line": 10,
									"character": 7
								}
							],
							"type": {
								"type": "intrinsic",
								"name": "string"
							}
						},
						{
							"id": 188,
							"name": "panelClass",
							"kind": 1024,
							"kindString": "Property",
							"flags": {
								"isExported": true,
								"isOptional": true
							},
							"sources": [
								{
									"fileName": "molecules/notification/notification.service.ts",
									"line": 14,
									"character": 11
								}
							],
							"type": {
								"type": "intrinsic",
								"name": "string"
							}
						}
					],
					"groups": [
						{
							"title": "Properties",
							"kind": 1024,
							"children": [187, 186, 185, 184, 188]
						}
					],
					"sources": [
						{
							"fileName": "molecules/notification/notification.service.ts",
							"line": 9,
							"character": 35
						}
					]
				},
				{
					"id": 206,
					"name": "DEFAULT_CONFIG",
					"kind": 2097152,
					"kindString": "Object literal",
					"flags": {
						"isConst": true
					},
					"children": [
						{
							"id": 209,
							"name": "backdropClass",
							"kind": 32,
							"kindString": "Variable",
							"flags": {},
							"sources": [
								{
									"fileName": "molecules/notification/notification.service.ts",
									"line": 20,
									"character": 14
								}
							],
							"type": {
								"type": "intrinsic",
								"name": "string"
							},
							"defaultValue": "\"dark-backdrop\""
						},
						{
							"id": 208,
							"name": "hasBackdrop",
							"kind": 32,
							"kindString": "Variable",
							"flags": {},
							"sources": [
								{
									"fileName": "molecules/notification/notification.service.ts",
									"line": 19,
									"character": 12
								}
							],
							"type": {
								"type": "intrinsic",
								"name": "boolean"
							},
							"defaultValue": "true"
						},
						{
							"id": 207,
							"name": "icon",
							"kind": 32,
							"kindString": "Variable",
							"flags": {},
							"sources": [
								{
									"fileName": "molecules/notification/notification.service.ts",
									"line": 18,
									"character": 5
								}
							],
							"type": {
								"type": "intrinsic",
								"name": "string"
							},
							"defaultValue": "\"sn-mensaje\""
						},
						{
							"id": 210,
							"name": "panelClass",
							"kind": 32,
							"kindString": "Variable",
							"flags": {},
							"sources": [
								{
									"fileName": "molecules/notification/notification.service.ts",
									"line": 21,
									"character": 11
								}
							],
							"type": {
								"type": "intrinsic",
								"name": "string"
							},
							"defaultValue": "\"tm-file-preview-notification-panel\""
						}
					],
					"groups": [
						{
							"title": "Variables",
							"kind": 32,
							"children": [209, 208, 207, 210]
						}
					],
					"sources": [
						{
							"fileName": "molecules/notification/notification.service.ts",
							"line": 17,
							"character": 20
						}
					],
					"type": {
						"type": "intrinsic",
						"name": "object"
					}
				}
			],
			"groups": [
				{
					"title": "Classes",
					"kind": 128,
					"children": [189]
				},
				{
					"title": "Interfaces",
					"kind": 256,
					"children": [183]
				},
				{
					"title": "Object literals",
					"kind": 2097152,
					"children": [206]
				}
			],
			"sources": [
				{
					"fileName": "molecules/notification/notification.service.ts",
					"line": 1,
					"character": 0
				}
			]
		},
		{
			"id": 131,
			"name": "\"services/overlay/overlay.service\"",
			"kind": 1,
			"kindString": "External module",
			"flags": {
				"isExported": true,
				"isExternal": true
			},
			"originalName": "/Users/mlmv/Workspace/SANTANDER/flame-santander/flame-workspace/libs/flame-component-library/src/lib/services/overlay/overlay.service.ts",
			"children": [
				{
					"id": 132,
					"name": "OverlayService",
					"kind": 128,
					"kindString": "Class",
					"flags": {
						"isExported": true,
						"isExternal": true
					},
					"decorators": [
						{
							"name": "Injectable",
							"type": {
								"type": "reference",
								"name": "Injectable"
							},
							"arguments": {
								"options": "{\n\tprovidedIn: 'root'\n}"
							}
						}
					],
					"children": [
						{
							"id": 133,
							"name": "constructor",
							"kind": 512,
							"kindString": "Constructor",
							"flags": {
								"isExported": true,
								"isExternal": true
							},
							"signatures": [
								{
									"id": 135,
									"name": "new OverlayService",
									"kind": 16384,
									"kindString": "Constructor signature",
									"flags": {},
									"parameters": [
										{
											"id": 136,
											"name": "_overlayServiceCDK",
											"kind": 32768,
											"kindString": "Parameter",
											"flags": {},
											"type": {
												"type": "reference",
												"name": "Overlay"
											}
										}
									],
									"type": {
										"type": "reference",
										"name": "OverlayService",
										"id": 132
									}
								}
							],
							"sources": [
								{
									"fileName": "services/overlay/overlay.service.ts",
									"line": 8,
									"character": 29
								}
							]
						},
						{
							"id": 134,
							"name": "_overlayServiceCDK",
							"kind": 1024,
							"kindString": "Property",
							"flags": {
								"isPrivate": true,
								"isExported": true,
								"isExternal": true,
								"isConstructorProperty": true
							},
							"sources": [
								{
									"fileName": "services/overlay/overlay.service.ts",
									"line": 9,
									"character": 39
								}
							],
							"type": {
								"type": "reference",
								"name": "Overlay"
							}
						},
						{
							"id": 137,
							"name": "createOverlay",
							"kind": 2048,
							"kindString": "Method",
							"flags": {
								"isPublic": true,
								"isExported": true,
								"isExternal": true
							},
							"signatures": [
								{
									"id": 138,
									"name": "createOverlay",
									"kind": 4096,
									"kindString": "Call signature",
									"flags": {},
									"parameters": [
										{
											"id": 139,
											"name": "config",
											"kind": 32768,
											"kindString": "Parameter",
											"flags": {},
											"type": {
												"type": "intrinsic",
												"name": "any"
											}
										}
									],
									"type": {
										"type": "reference",
										"name": "OverlayRef"
									}
								}
							],
							"sources": [
								{
									"fileName": "services/overlay/overlay.service.ts",
									"line": 11,
									"character": 21
								}
							]
						},
						{
							"id": 140,
							"name": "getOverlayConfig",
							"kind": 2048,
							"kindString": "Method",
							"flags": {
								"isPrivate": true,
								"isExported": true,
								"isExternal": true
							},
							"signatures": [
								{
									"id": 141,
									"name": "getOverlayConfig",
									"kind": 4096,
									"kindString": "Call signature",
									"flags": {},
									"parameters": [
										{
											"id": 142,
											"name": "config",
											"kind": 32768,
											"kindString": "Parameter",
											"flags": {},
											"type": {
												"type": "reference",
												"name": "DialogConfig",
												"id": 83
											}
										}
									],
									"type": {
										"type": "reference",
										"name": "OverlayConfig"
									}
								}
							],
							"sources": [
								{
									"fileName": "services/overlay/overlay.service.ts",
									"line": 17,
									"character": 25
								}
							]
						}
					],
					"groups": [
						{
							"title": "Constructors",
							"kind": 512,
							"children": [133]
						},
						{
							"title": "Properties",
							"kind": 1024,
							"children": [134]
						},
						{
							"title": "Methods",
							"kind": 2048,
							"children": [137, 140]
						}
					],
					"sources": [
						{
							"fileName": "services/overlay/overlay.service.ts",
							"line": 8,
							"character": 27
						}
					]
				}
			],
			"groups": [
				{
					"title": "Classes",
					"kind": 128,
					"children": [132]
				}
			],
			"sources": [
				{
					"fileName": "services/overlay/overlay.service.ts",
					"line": 1,
					"character": 0
				}
			]
		}
	],
	"groups": [
		{
			"title": "External modules",
			"kind": 1,
			"children": [117, 126, 1, 35, 128, 16, 77, 130, 143, 167, 182, 131]
		}
	]
}
