{
	"id": 0,
	"name": "@santander/flame-component-library",
	"kind": 0,
	"flags": {},
	"children": [
		{
			"id": 1,
			"name": "\"card.component\"",
			"kind": 1,
			"kindString": "External module",
			"flags": {
				"isExported": true
			},
			"originalName": "/Users/mlmv/Workspace/SANTANDER/flame-santander/flame-workspace/libs/flame-component-library/src/lib/atoms/card/card.component.ts",
			"children": [
				{
					"id": 2,
					"name": "CardComponent",
					"kind": 128,
					"kindString": "Class",
					"flags": {
						"isExported": true
					},
					"comment": {
						"shortText": "Este componente se usa para representar una tarjeta bancaria.",
						"tags": [
							{
								"tag": "export",
								"text": ""
							},
							{
								"tag": "class",
								"text": "CardComponent"
							},
							{
								"tag": "implements",
								"text": "{OnInit}\n"
							}
						]
					},
					"decorators": [
						{
							"name": "Component",
							"type": {
								"type": "reference",
								"name": "Component"
							},
							"arguments": {
								"obj": "{\n\tselector: 'sn-card',\n\ttemplateUrl: './card.component.html',\n\tstyleUrls: ['./card.component.scss']\n}"
							}
						}
					],
					"children": [
						{
							"id": 3,
							"name": "constructor",
							"kind": 512,
							"kindString": "Constructor",
							"flags": {
								"isExported": true
							},
							"signatures": [
								{
									"id": 5,
									"name": "new CardComponent",
									"kind": 16384,
									"kindString": "Constructor signature",
									"flags": {},
									"parameters": [
										{
											"id": 6,
											"name": "_httpClient",
											"kind": 32768,
											"kindString": "Parameter",
											"flags": {},
											"type": {
												"type": "reference",
												"name": "HttpClient"
											}
										}
									],
									"type": {
										"type": "reference",
										"name": "CardComponent",
										"id": 2
									}
								}
							],
							"sources": [
								{
									"fileName": "card.component.ts",
									"line": 16,
									"character": 46
								}
							]
						},
						{
							"id": 8,
							"name": "_flipped",
							"kind": 1024,
							"kindString": "Property",
							"flags": {
								"isPublic": true,
								"isExported": true
							},
							"comment": {
								"shortText": "Indica si la tarjeta esta girada.",
								"tags": [
									{
										"tag": "memberof",
										"text": "CardComponent\n"
									}
								]
							},
							"sources": [
								{
									"fileName": "card.component.ts",
									"line": 26,
									"character": 16
								}
							],
							"type": {
								"type": "intrinsic",
								"name": "boolean"
							},
							"defaultValue": "false"
						},
						{
							"id": 4,
							"name": "_httpClient",
							"kind": 1024,
							"kindString": "Property",
							"flags": {
								"isPrivate": true,
								"isExported": true,
								"isConstructorProperty": true
							},
							"sources": [
								{
									"fileName": "card.component.ts",
									"line": 17,
									"character": 32
								}
							],
							"type": {
								"type": "reference",
								"name": "HttpClient"
							}
						},
						{
							"id": 7,
							"name": "_type",
							"kind": 1024,
							"kindString": "Property",
							"flags": {
								"isPrivate": true,
								"isExported": true
							},
							"sources": [
								{
									"fileName": "card.component.ts",
									"line": 19,
									"character": 14
								}
							],
							"type": {
								"type": "intrinsic",
								"name": "string"
							}
						},
						{
							"id": 23,
							"name": "account",
							"kind": 1024,
							"kindString": "Property",
							"flags": {
								"isExported": true
							},
							"comment": {
								"shortText": "Indica el número de la tarjeta bancaria.",
								"tags": [
									{
										"tag": "memberof",
										"text": "CardComponent\n"
									}
								]
							},
							"decorators": [
								{
									"name": "Input",
									"type": {
										"type": "reference",
										"name": "Input"
									},
									"arguments": {}
								}
							],
							"sources": [
								{
									"fileName": "card.component.ts",
									"line": 104,
									"character": 17
								}
							],
							"type": {
								"type": "intrinsic",
								"name": "string"
							},
							"defaultValue": "\"**** **** **** 5626\""
						},
						{
							"id": 11,
							"name": "activeBack",
							"kind": 1024,
							"kindString": "Property",
							"flags": {
								"isPublic": true,
								"isExported": true
							},
							"comment": {
								"shortText": "Indica que template se debe asociar a la tarjeta bancaria en la parte posterior.",
								"tags": [
									{
										"tag": "type",
										"text": "{TemplateRef<any>}"
									},
									{
										"tag": "memberof",
										"text": "CardComponent\n"
									}
								]
							},
							"sources": [
								{
									"fileName": "card.component.ts",
									"line": 43,
									"character": 18
								}
							],
							"type": {
								"type": "reference",
								"name": "TemplateRef",
								"typeArguments": [
									{
										"type": "intrinsic",
										"name": "any"
									}
								]
							}
						},
						{
							"id": 10,
							"name": "activeFront",
							"kind": 1024,
							"kindString": "Property",
							"flags": {
								"isPublic": true,
								"isExported": true
							},
							"comment": {
								"shortText": "Indica que template se debe asociar a la tarjeta bancaria en la parte frontal,",
								"tags": [
									{
										"tag": "type",
										"text": "{TemplateRef<any>}"
									},
									{
										"tag": "memberof",
										"text": "CardComponent\n"
									}
								]
							},
							"sources": [
								{
									"fileName": "card.component.ts",
									"line": 35,
									"character": 19
								}
							],
							"type": {
								"type": "reference",
								"name": "TemplateRef",
								"typeArguments": [
									{
										"type": "intrinsic",
										"name": "any"
									}
								]
							}
						},
						{
							"id": 20,
							"name": "available",
							"kind": 1024,
							"kindString": "Property",
							"flags": {
								"isExported": true
							},
							"comment": {
								"shortText": "Indica si la tarjeta del cliente esta disponible.",
								"tags": [
									{
										"tag": "type",
										"text": "{string}"
									},
									{
										"tag": "memberof",
										"text": "CardComponent\n"
									}
								]
							},
							"decorators": [
								{
									"name": "Input",
									"type": {
										"type": "reference",
										"name": "Input"
									},
									"arguments": {}
								}
							],
							"sources": [
								{
									"fileName": "card.component.ts",
									"line": 81,
									"character": 19
								}
							],
							"type": {
								"type": "intrinsic",
								"name": "string"
							}
						},
						{
							"id": 22,
							"name": "currency",
							"kind": 1024,
							"kindString": "Property",
							"flags": {
								"isExported": true
							},
							"comment": {
								"shortText": "Indica la moneda con la que trabaja la tarjeta.",
								"tags": [
									{
										"tag": "type",
										"text": "{string}"
									},
									{
										"tag": "memberof",
										"text": "CardComponent\n"
									}
								]
							},
							"decorators": [
								{
									"name": "Input",
									"type": {
										"type": "reference",
										"name": "Input"
									},
									"arguments": {}
								}
							],
							"sources": [
								{
									"fileName": "card.component.ts",
									"line": 97,
									"character": 18
								}
							],
							"type": {
								"type": "intrinsic",
								"name": "string"
							}
						},
						{
							"id": 25,
							"name": "cvv",
							"kind": 1024,
							"kindString": "Property",
							"flags": {
								"isExported": true
							},
							"comment": {
								"shortText": "Representa el código CVV de la tarjeta.",
								"tags": [
									{
										"tag": "memberof",
										"text": "CardComponent\n"
									}
								]
							},
							"decorators": [
								{
									"name": "Input",
									"type": {
										"type": "reference",
										"name": "Input"
									},
									"arguments": {}
								}
							],
							"sources": [
								{
									"fileName": "card.component.ts",
									"line": 119,
									"character": 13
								}
							],
							"type": {
								"type": "intrinsic",
								"name": "string"
							},
							"defaultValue": "\"***\""
						},
						{
							"id": 26,
							"name": "dueDate",
							"kind": 1024,
							"kindString": "Property",
							"flags": {
								"isExported": true
							},
							"comment": {
								"shortText": "Representa la fecha de expiración de la tarjeta.",
								"tags": [
									{
										"tag": "memberof",
										"text": "CardComponent\n"
									}
								]
							},
							"decorators": [
								{
									"name": "Input",
									"type": {
										"type": "reference",
										"name": "Input"
									},
									"arguments": {}
								}
							],
							"sources": [
								{
									"fileName": "card.component.ts",
									"line": 126,
									"character": 17
								}
							],
							"type": {
								"type": "intrinsic",
								"name": "string"
							},
							"defaultValue": "\"**/**\""
						},
						{
							"id": 9,
							"name": "inverse",
							"kind": 1024,
							"kindString": "Property",
							"flags": {
								"isPublic": true,
								"isExported": true
							},
							"sources": [
								{
									"fileName": "card.component.ts",
									"line": 27,
									"character": 15
								}
							],
							"type": {
								"type": "intrinsic",
								"name": "boolean"
							},
							"defaultValue": "false"
						},
						{
							"id": 21,
							"name": "name",
							"kind": 1024,
							"kindString": "Property",
							"flags": {
								"isExported": true
							},
							"comment": {
								"shortText": "Asigna un nombre a la tarjeta bancaria.",
								"tags": [
									{
										"tag": "type",
										"text": "{string}"
									},
									{
										"tag": "memberof",
										"text": "CardComponent\n"
									}
								]
							},
							"decorators": [
								{
									"name": "Input",
									"type": {
										"type": "reference",
										"name": "Input"
									},
									"arguments": {}
								}
							],
							"sources": [
								{
									"fileName": "card.component.ts",
									"line": 89,
									"character": 14
								}
							],
							"type": {
								"type": "intrinsic",
								"name": "string"
							}
						},
						{
							"id": 24,
							"name": "shouldflip",
							"kind": 1024,
							"kindString": "Property",
							"flags": {
								"isExported": true
							},
							"comment": {
								"shortText": "Indica si la tarjeta debe girar.",
								"tags": [
									{
										"tag": "type",
										"text": "{boolean}"
									},
									{
										"tag": "memberof",
										"text": "CardComponent\n"
									}
								]
							},
							"decorators": [
								{
									"name": "Input",
									"type": {
										"type": "reference",
										"name": "Input"
									},
									"arguments": {}
								}
							],
							"sources": [
								{
									"fileName": "card.component.ts",
									"line": 112,
									"character": 20
								}
							],
							"type": {
								"type": "intrinsic",
								"name": "boolean"
							}
						},
						{
							"id": 16,
							"name": "flipped",
							"kind": 262144,
							"kindString": "Accessor",
							"flags": {
								"isExported": true
							},
							"comment": {
								"shortText": "Indica si la tarjeta esta girada.",
								"tags": [
									{
										"tag": "readonly",
										"text": ""
									},
									{
										"tag": "type",
										"text": "{boolean}"
									},
									{
										"tag": "memberof",
										"text": "CardComponent\n"
									}
								]
							},
							"decorators": [
								{
									"name": "Input",
									"type": {
										"type": "reference",
										"name": "Input"
									},
									"arguments": {}
								}
							],
							"getSignature": [
								{
									"id": 17,
									"name": "__get",
									"kind": 524288,
									"kindString": "Get signature",
									"flags": {},
									"comment": {
										"shortText": "Indica si la tarjeta esta girada.",
										"tags": [
											{
												"tag": "readonly",
												"text": ""
											},
											{
												"tag": "type",
												"text": "{boolean}"
											},
											{
												"tag": "memberof",
												"text": "CardComponent\n"
											}
										]
									},
									"type": {
										"type": "intrinsic",
										"name": "boolean"
									}
								}
							],
							"setSignature": [
								{
									"id": 18,
									"name": "__set",
									"kind": 1048576,
									"kindString": "Set signature",
									"flags": {},
									"comment": {
										"shortText": "Indica si la tarjeta esta girada."
									},
									"parameters": [
										{
											"id": 19,
											"name": "value",
											"kind": 32768,
											"kindString": "Parameter",
											"flags": {},
											"type": {
												"type": "intrinsic",
												"name": "boolean"
											}
										}
									],
									"type": {
										"type": "intrinsic",
										"name": "void"
									}
								}
							],
							"sources": [
								{
									"fileName": "card.component.ts",
									"line": 68,
									"character": 12
								},
								{
									"fileName": "card.component.ts",
									"line": 71,
									"character": 12
								}
							]
						},
						{
							"id": 12,
							"name": "type",
							"kind": 262144,
							"kindString": "Accessor",
							"flags": {
								"isExported": true
							},
							"comment": {
								"shortText": "Indica el tipo de tarjeta bancaria.",
								"tags": [
									{
										"tag": "readonly",
										"text": ""
									},
									{
										"tag": "type",
										"text": "{string}"
									},
									{
										"tag": "memberof",
										"text": "CardComponent\n"
									}
								]
							},
							"decorators": [
								{
									"name": "Input",
									"type": {
										"type": "reference",
										"name": "Input"
									},
									"arguments": {}
								}
							],
							"getSignature": [
								{
									"id": 13,
									"name": "__get",
									"kind": 524288,
									"kindString": "Get signature",
									"flags": {},
									"comment": {
										"shortText": "Indica el tipo de tarjeta bancaria.",
										"tags": [
											{
												"tag": "readonly",
												"text": ""
											},
											{
												"tag": "type",
												"text": "{string}"
											},
											{
												"tag": "memberof",
												"text": "CardComponent\n"
											}
										]
									},
									"type": {
										"type": "intrinsic",
										"name": "string"
									}
								}
							],
							"setSignature": [
								{
									"id": 14,
									"name": "__set",
									"kind": 1048576,
									"kindString": "Set signature",
									"flags": {},
									"comment": {
										"shortText": "Indica el tipo de tarjeta bancaria."
									},
									"parameters": [
										{
											"id": 15,
											"name": "value",
											"kind": 32768,
											"kindString": "Parameter",
											"flags": {},
											"type": {
												"type": "intrinsic",
												"name": "string"
											}
										}
									],
									"type": {
										"type": "intrinsic",
										"name": "void"
									}
								}
							],
							"sources": [
								{
									"fileName": "card.component.ts",
									"line": 53,
									"character": 9
								},
								{
									"fileName": "card.component.ts",
									"line": 56,
									"character": 9
								}
							]
						},
						{
							"id": 27,
							"name": "ngOnInit",
							"kind": 2048,
							"kindString": "Method",
							"flags": {
								"isExported": true
							},
							"signatures": [
								{
									"id": 28,
									"name": "ngOnInit",
									"kind": 4096,
									"kindString": "Call signature",
									"flags": {},
									"type": {
										"type": "intrinsic",
										"name": "void"
									}
								}
							],
							"sources": [
								{
									"fileName": "card.component.ts",
									"line": 128,
									"character": 9
								}
							]
						},
						{
							"id": 31,
							"name": "setTemplate",
							"kind": 2048,
							"kindString": "Method",
							"flags": {
								"isPublic": true,
								"isExported": true
							},
							"signatures": [
								{
									"id": 32,
									"name": "setTemplate",
									"kind": 4096,
									"kindString": "Call signature",
									"flags": {},
									"comment": {
										"shortText": "Modifica el template de la tarjeta de crédito.",
										"tags": [
											{
												"tag": "memberof",
												"text": "CardComponent\n"
											}
										]
									},
									"parameters": [
										{
											"id": 33,
											"name": "type",
											"kind": 32768,
											"kindString": "Parameter",
											"flags": {},
											"comment": {},
											"type": {
												"type": "intrinsic",
												"name": "string"
											}
										}
									],
									"type": {
										"type": "intrinsic",
										"name": "void"
									}
								}
							],
							"sources": [
								{
									"fileName": "card.component.ts",
									"line": 150,
									"character": 19
								}
							]
						},
						{
							"id": 29,
							"name": "toggleFlip",
							"kind": 2048,
							"kindString": "Method",
							"flags": {
								"isPublic": true,
								"isExported": true
							},
							"signatures": [
								{
									"id": 30,
									"name": "toggleFlip",
									"kind": 4096,
									"kindString": "Call signature",
									"flags": {},
									"comment": {
										"shortText": "Hace girar la tarejta de credito, haciendo un toggle de su estado.",
										"tags": [
											{
												"tag": "memberof",
												"text": "CardComponent\n"
											}
										]
									},
									"type": {
										"type": "intrinsic",
										"name": "void"
									}
								}
							],
							"sources": [
								{
									"fileName": "card.component.ts",
									"line": 138,
									"character": 18
								}
							]
						}
					],
					"groups": [
						{
							"title": "Constructors",
							"kind": 512,
							"children": [3]
						},
						{
							"title": "Properties",
							"kind": 1024,
							"children": [8, 4, 7, 23, 11, 10, 20, 22, 25, 26, 9, 21, 24]
						},
						{
							"title": "Accessors",
							"kind": 262144,
							"children": [16, 12]
						},
						{
							"title": "Methods",
							"kind": 2048,
							"children": [27, 31, 29]
						}
					],
					"sources": [
						{
							"fileName": "card.component.ts",
							"line": 16,
							"character": 26
						}
					],
					"implementedTypes": [
						{
							"type": "reference",
							"name": "OnInit"
						}
					]
				}
			],
			"groups": [
				{
					"title": "Classes",
					"kind": 128,
					"children": [2]
				}
			],
			"sources": [
				{
					"fileName": "card.component.ts",
					"line": 1,
					"character": 0
				}
			]
		}
	],
	"groups": [
		{
			"title": "External modules",
			"kind": 1,
			"children": [1]
		}
	]
}
