{
	"id": 0,
	"name": "@santander/flame-component-library",
	"kind": 0,
	"flags": {},
	"children": [
		{
			"id": 1,
			"name": "\"chip.component\"",
			"kind": 1,
			"kindString": "External module",
			"flags": {
				"isExported": true
			},
			"originalName": "/Users/mlmv/Workspace/SANTANDER/flame-santander/flame-workspace/libs/flame-component-library/src/lib/atoms/chip/chip.component.ts",
			"children": [
				{
					"id": 5,
					"name": "ChipComponent",
					"kind": 128,
					"kindString": "Class",
					"flags": {
						"isExported": true
					},
					"decorators": [
						{
							"name": "Component",
							"type": {
								"type": "reference",
								"name": "Component"
							},
							"arguments": {
								"obj": "{\n\tselector: 'sn-chip',\n\ttemplateUrl: './chip.component.html',\n\tstyleUrls: ['./chip.component.scss'],\n\tencapsulation: ViewEncapsulation.Emulated\n}"
							}
						}
					],
					"children": [
						{
							"id": 14,
							"name": "constructor",
							"kind": 512,
							"kindString": "Constructor",
							"flags": {
								"isExported": true
							},
							"signatures": [
								{
									"id": 15,
									"name": "new ChipComponent",
									"kind": 16384,
									"kindString": "Constructor signature",
									"flags": {},
									"type": {
										"type": "reference",
										"name": "ChipComponent",
										"id": 5
									}
								}
							],
							"sources": [
								{
									"fileName": "chip.component.ts",
									"line": 33,
									"character": 2
								}
							]
						},
						{
							"id": 8,
							"name": "_idChip",
							"kind": 1024,
							"kindString": "Property",
							"flags": {
								"isPrivate": true,
								"isExported": true
							},
							"sources": [
								{
									"fileName": "chip.component.ts",
									"line": 24,
									"character": 16
								}
							],
							"type": {
								"type": "intrinsic",
								"name": "number"
							}
						},
						{
							"id": 7,
							"name": "_newClassTypeChip",
							"kind": 1024,
							"kindString": "Property",
							"flags": {
								"isPrivate": true,
								"isExported": true
							},
							"sources": [
								{
									"fileName": "chip.component.ts",
									"line": 23,
									"character": 26
								}
							],
							"type": {
								"type": "intrinsic",
								"name": "string"
							}
						},
						{
							"id": 6,
							"name": "_typeClassChip",
							"kind": 1024,
							"kindString": "Property",
							"flags": {
								"isPrivate": true,
								"isExported": true
							},
							"sources": [
								{
									"fileName": "chip.component.ts",
									"line": 22,
									"character": 23
								}
							],
							"type": {
								"type": "intrinsic",
								"name": "string"
							},
							"defaultValue": "\"default\""
						},
						{
							"id": 10,
							"name": "class",
							"kind": 1024,
							"kindString": "Property",
							"flags": {
								"isExported": true
							},
							"decorators": [
								{
									"name": "Input",
									"type": {
										"type": "reference",
										"name": "Input"
									},
									"arguments": {}
								}
							],
							"sources": [
								{
									"fileName": "chip.component.ts",
									"line": 29,
									"character": 15
								}
							],
							"type": {
								"type": "intrinsic",
								"name": "string"
							},
							"defaultValue": " this._typeClassChip"
						},
						{
							"id": 9,
							"name": "clickChip",
							"kind": 1024,
							"kindString": "Property",
							"flags": {
								"isExported": true
							},
							"decorators": [
								{
									"name": "Output",
									"type": {
										"type": "reference",
										"name": "Output"
									},
									"arguments": {}
								}
							],
							"sources": [
								{
									"fileName": "chip.component.ts",
									"line": 26,
									"character": 29
								}
							],
							"type": {
								"type": "reference",
								"name": "EventEmitter",
								"typeArguments": [
									{
										"type": "reference",
										"name": "EventChips",
										"id": 2
									}
								]
							},
							"defaultValue": " new EventEmitter<\n\t\tEventChips\n\t>()"
						},
						{
							"id": 11,
							"name": "id",
							"kind": 262144,
							"kindString": "Accessor",
							"flags": {
								"isExported": true
							},
							"decorators": [
								{
									"name": "Input",
									"type": {
										"type": "reference",
										"name": "Input"
									},
									"arguments": {}
								}
							],
							"setSignature": [
								{
									"id": 12,
									"name": "__set",
									"kind": 1048576,
									"kindString": "Set signature",
									"flags": {},
									"parameters": [
										{
											"id": 13,
											"name": "value",
											"kind": 32768,
											"kindString": "Parameter",
											"flags": {},
											"type": {
												"type": "intrinsic",
												"name": "number"
											}
										}
									],
									"type": {
										"type": "intrinsic",
										"name": "void"
									}
								}
							],
							"sources": [
								{
									"fileName": "chip.component.ts",
									"line": 31,
									"character": 7
								}
							]
						},
						{
							"id": 16,
							"name": "newClassTypeChip",
							"kind": 262144,
							"kindString": "Accessor",
							"flags": {
								"isPublic": true,
								"isExported": true
							},
							"getSignature": [
								{
									"id": 17,
									"name": "__get",
									"kind": 524288,
									"kindString": "Get signature",
									"flags": {},
									"type": {
										"type": "intrinsic",
										"name": "string"
									}
								}
							],
							"setSignature": [
								{
									"id": 18,
									"name": "__set",
									"kind": 1048576,
									"kindString": "Set signature",
									"flags": {},
									"parameters": [
										{
											"id": 19,
											"name": "value",
											"kind": 32768,
											"kindString": "Parameter",
											"flags": {},
											"type": {
												"type": "intrinsic",
												"name": "string"
											}
										}
									],
									"type": {
										"type": "intrinsic",
										"name": "void"
									}
								}
							],
							"sources": [
								{
									"fileName": "chip.component.ts",
									"line": 37,
									"character": 28
								},
								{
									"fileName": "chip.component.ts",
									"line": 40,
									"character": 28
								}
							]
						},
						{
							"id": 22,
							"name": "ngOnInit",
							"kind": 2048,
							"kindString": "Method",
							"flags": {
								"isExported": true
							},
							"signatures": [
								{
									"id": 23,
									"name": "ngOnInit",
									"kind": 4096,
									"kindString": "Call signature",
									"flags": {},
									"type": {
										"type": "intrinsic",
										"name": "void"
									}
								}
							],
							"sources": [
								{
									"fileName": "chip.component.ts",
									"line": 51,
									"character": 9
								}
							]
						},
						{
							"id": 20,
							"name": "onClickChip",
							"kind": 2048,
							"kindString": "Method",
							"flags": {
								"isPublic": true,
								"isExported": true
							},
							"signatures": [
								{
									"id": 21,
									"name": "onClickChip",
									"kind": 4096,
									"kindString": "Call signature",
									"flags": {},
									"type": {
										"type": "intrinsic",
										"name": "void"
									}
								}
							],
							"sources": [
								{
									"fileName": "chip.component.ts",
									"line": 44,
									"character": 19
								}
							]
						}
					],
					"groups": [
						{
							"title": "Constructors",
							"kind": 512,
							"children": [14]
						},
						{
							"title": "Properties",
							"kind": 1024,
							"children": [8, 7, 6, 10, 9]
						},
						{
							"title": "Accessors",
							"kind": 262144,
							"children": [11, 16]
						},
						{
							"title": "Methods",
							"kind": 2048,
							"children": [22, 20]
						}
					],
					"sources": [
						{
							"fileName": "chip.component.ts",
							"line": 21,
							"character": 26
						}
					],
					"implementedTypes": [
						{
							"type": "reference",
							"name": "OnInit"
						}
					]
				},
				{
					"id": 2,
					"name": "EventChips",
					"kind": 128,
					"kindString": "Class",
					"flags": {
						"isExported": true
					},
					"children": [
						{
							"id": 4,
							"name": "num",
							"kind": 1024,
							"kindString": "Property",
							"flags": {
								"isExported": true
							},
							"sources": [
								{
									"fileName": "chip.component.ts",
									"line": 12,
									"character": 4
								}
							],
							"type": {
								"type": "intrinsic",
								"name": "number"
							}
						},
						{
							"id": 3,
							"name": "source",
							"kind": 1024,
							"kindString": "Property",
							"flags": {
								"isExported": true
							},
							"sources": [
								{
									"fileName": "chip.component.ts",
									"line": 11,
									"character": 7
								}
							],
							"type": {
								"type": "reference",
								"name": "ChipComponent",
								"id": 5
							}
						}
					],
					"groups": [
						{
							"title": "Properties",
							"kind": 1024,
							"children": [4, 3]
						}
					],
					"sources": [
						{
							"fileName": "chip.component.ts",
							"line": 10,
							"character": 23
						}
					]
				}
			],
			"groups": [
				{
					"title": "Classes",
					"kind": 128,
					"children": [5, 2]
				}
			],
			"sources": [
				{
					"fileName": "chip.component.ts",
					"line": 1,
					"character": 0
				}
			]
		}
	],
	"groups": [
		{
			"title": "External modules",
			"kind": 1,
			"children": [1]
		}
	]
}
