{
	"id": 0,
	"name": "@santander/flame-component-library",
	"kind": 0,
	"flags": {},
	"children": [
		{
			"id": 1,
			"name": "\"error-options\"",
			"kind": 1,
			"kindString": "External module",
			"flags": {
				"isExported": true
			},
			"originalName": "/Users/mlmv/Workspace/SANTANDER/flame-santander/flame-workspace/libs/flame-component-library/src/lib/core/error/error-options.ts",
			"children": [
				{
					"id": 2,
					"name": "ErrorStateMatcher",
					"kind": 128,
					"kindString": "Class",
					"flags": {
						"isExported": true
					},
					"comment": {
						"shortText": "Provider that defines how form controls behave with regards to displaying error messages."
					},
					"decorators": [
						{
							"name": "Injectable",
							"type": {
								"type": "reference",
								"name": "Injectable"
							},
							"arguments": {
								"options": "{\n\tprovidedIn: 'root'\n}"
							}
						}
					],
					"children": [
						{
							"id": 3,
							"name": "isErrorState",
							"kind": 2048,
							"kindString": "Method",
							"flags": {
								"isExported": true
							},
							"signatures": [
								{
									"id": 4,
									"name": "isErrorState",
									"kind": 4096,
									"kindString": "Call signature",
									"flags": {},
									"parameters": [
										{
											"id": 5,
											"name": "control",
											"kind": 32768,
											"kindString": "Parameter",
											"flags": {},
											"type": {
												"type": "union",
												"types": [
													{
														"type": "reference",
														"name": "FormControl"
													},
													{
														"type": "intrinsic",
														"name": "null"
													}
												]
											}
										},
										{
											"id": 6,
											"name": "form",
											"kind": 32768,
											"kindString": "Parameter",
											"flags": {},
											"type": {
												"type": "union",
												"types": [
													{
														"type": "reference",
														"name": "FormGroupDirective"
													},
													{
														"type": "reference",
														"name": "NgForm"
													},
													{
														"type": "intrinsic",
														"name": "null"
													}
												]
											}
										}
									],
									"type": {
										"type": "intrinsic",
										"name": "boolean"
									}
								}
							],
							"sources": [
								{
									"fileName": "error-options.ts",
									"line": 9,
									"character": 13
								}
							]
						}
					],
					"groups": [
						{
							"title": "Methods",
							"kind": 2048,
							"children": [3]
						}
					],
					"sources": [
						{
							"fileName": "error-options.ts",
							"line": 8,
							"character": 30
						}
					],
					"implementedBy": [
						{
							"type": "reference",
							"name": "ShowOnDirtyErrorStateMatcher",
							"id": 7
						}
					]
				},
				{
					"id": 7,
					"name": "ShowOnDirtyErrorStateMatcher",
					"kind": 128,
					"kindString": "Class",
					"flags": {
						"isExported": true
					},
					"comment": {
						"shortText": "Error state matcher that matches when a control is invalid and dirty."
					},
					"decorators": [
						{
							"name": "Injectable",
							"type": {
								"type": "reference",
								"name": "Injectable"
							},
							"arguments": {}
						}
					],
					"children": [
						{
							"id": 8,
							"name": "isErrorState",
							"kind": 2048,
							"kindString": "Method",
							"flags": {
								"isExported": true
							},
							"signatures": [
								{
									"id": 9,
									"name": "isErrorState",
									"kind": 4096,
									"kindString": "Call signature",
									"flags": {},
									"parameters": [
										{
											"id": 10,
											"name": "control",
											"kind": 32768,
											"kindString": "Parameter",
											"flags": {},
											"type": {
												"type": "union",
												"types": [
													{
														"type": "reference",
														"name": "FormControl"
													},
													{
														"type": "intrinsic",
														"name": "null"
													}
												]
											}
										},
										{
											"id": 11,
											"name": "form",
											"kind": 32768,
											"kindString": "Parameter",
											"flags": {},
											"type": {
												"type": "union",
												"types": [
													{
														"type": "reference",
														"name": "FormGroupDirective"
													},
													{
														"type": "reference",
														"name": "NgForm"
													},
													{
														"type": "intrinsic",
														"name": "null"
													}
												]
											}
										}
									],
									"type": {
										"type": "intrinsic",
										"name": "boolean"
									}
								}
							],
							"sources": [
								{
									"fileName": "error-options.ts",
									"line": 24,
									"character": 13
								}
							]
						}
					],
					"groups": [
						{
							"title": "Methods",
							"kind": 2048,
							"children": [8]
						}
					],
					"sources": [
						{
							"fileName": "error-options.ts",
							"line": 23,
							"character": 41
						}
					],
					"implementedTypes": [
						{
							"type": "reference",
							"name": "ErrorStateMatcher",
							"id": 2
						}
					]
				}
			],
			"groups": [
				{
					"title": "Classes",
					"kind": 128,
					"children": [2, 7]
				}
			],
			"sources": [
				{
					"fileName": "error-options.ts",
					"line": 1,
					"character": 0
				}
			]
		}
	],
	"groups": [
		{
			"title": "External modules",
			"kind": 1,
			"children": [1]
		}
	]
}
