{
	"id": 0,
	"name": "@santander/flame-component-library",
	"kind": 0,
	"flags": {},
	"children": [
		{
			"id": 1,
			"name": "\"constants/active-theme.token\"",
			"kind": 1,
			"kindString": "External module",
			"flags": {
				"isExported": true,
				"isExternal": true
			},
			"originalName": "/Users/mlmv/Workspace/SANTANDER/flame-santander/flame-workspace/libs/flame-component-library/src/lib/atoms/theme/constants/active-theme.token.ts",
			"children": [
				{
					"id": 2,
					"name": "ACTIVE_THEME",
					"kind": 32,
					"kindString": "Variable",
					"flags": {
						"isExported": true,
						"isExternal": true,
						"isConst": true
					},
					"sources": [
						{
							"fileName": "constants/active-theme.token.ts",
							"line": 3,
							"character": 25
						}
					],
					"type": {
						"type": "reference",
						"name": "InjectionToken",
						"typeArguments": [
							{
								"type": "intrinsic",
								"name": "Object"
							}
						]
					},
					"defaultValue": " new InjectionToken('ACTIVE_THEME')"
				}
			],
			"groups": [
				{
					"title": "Variables",
					"kind": 32,
					"children": [2]
				}
			],
			"sources": [
				{
					"fileName": "constants/active-theme.token.ts",
					"line": 1,
					"character": 0
				}
			]
		},
		{
			"id": 5,
			"name": "\"constants/index\"",
			"kind": 1,
			"kindString": "External module",
			"flags": {
				"isExported": true,
				"isExternal": true
			},
			"originalName": "/Users/mlmv/Workspace/SANTANDER/flame-santander/flame-workspace/libs/flame-component-library/src/lib/atoms/theme/constants/index.ts",
			"sources": [
				{
					"fileName": "constants/index.ts",
					"line": 1,
					"character": 0
				}
			]
		},
		{
			"id": 3,
			"name": "\"constants/themes.token\"",
			"kind": 1,
			"kindString": "External module",
			"flags": {
				"isExported": true,
				"isExternal": true
			},
			"originalName": "/Users/mlmv/Workspace/SANTANDER/flame-santander/flame-workspace/libs/flame-component-library/src/lib/atoms/theme/constants/themes.token.ts",
			"children": [
				{
					"id": 4,
					"name": "THEMES",
					"kind": 32,
					"kindString": "Variable",
					"flags": {
						"isExported": true,
						"isExternal": true,
						"isConst": true
					},
					"sources": [
						{
							"fileName": "constants/themes.token.ts",
							"line": 3,
							"character": 19
						}
					],
					"type": {
						"type": "reference",
						"name": "InjectionToken",
						"typeArguments": [
							{
								"type": "intrinsic",
								"name": "Object"
							}
						]
					},
					"defaultValue": " new InjectionToken('THEMES')"
				}
			],
			"groups": [
				{
					"title": "Variables",
					"kind": 32,
					"children": [4]
				}
			],
			"sources": [
				{
					"fileName": "constants/themes.token.ts",
					"line": 1,
					"character": 0
				}
			]
		},
		{
			"id": 14,
			"name": "\"interfaces/index\"",
			"kind": 1,
			"kindString": "External module",
			"flags": {
				"isExported": true,
				"isExternal": true
			},
			"originalName": "/Users/mlmv/Workspace/SANTANDER/flame-santander/flame-workspace/libs/flame-component-library/src/lib/atoms/theme/interfaces/index.ts",
			"sources": [
				{
					"fileName": "interfaces/index.ts",
					"line": 1,
					"character": 0
				}
			]
		},
		{
			"id": 10,
			"name": "\"interfaces/theme-option.interface\"",
			"kind": 1,
			"kindString": "External module",
			"flags": {
				"isExported": true,
				"isExternal": true
			},
			"originalName": "/Users/mlmv/Workspace/SANTANDER/flame-santander/flame-workspace/libs/flame-component-library/src/lib/atoms/theme/interfaces/theme-option.interface.ts",
			"children": [
				{
					"id": 11,
					"name": "ThemeOptions",
					"kind": 256,
					"kindString": "Interface",
					"flags": {
						"isExported": true,
						"isExternal": true
					},
					"children": [
						{
							"id": 13,
							"name": "active",
							"kind": 1024,
							"kindString": "Property",
							"flags": {
								"isExported": true,
								"isExternal": true
							},
							"sources": [
								{
									"fileName": "interfaces/theme-option.interface.ts",
									"line": 5,
									"character": 7
								}
							],
							"type": {
								"type": "intrinsic",
								"name": "string"
							}
						},
						{
							"id": 12,
							"name": "themes",
							"kind": 1024,
							"kindString": "Property",
							"flags": {
								"isExported": true,
								"isExternal": true
							},
							"sources": [
								{
									"fileName": "interfaces/theme-option.interface.ts",
									"line": 4,
									"character": 7
								}
							],
							"type": {
								"type": "array",
								"elementType": {
									"type": "reference",
									"name": "Theme",
									"id": 7
								}
							}
						}
					],
					"groups": [
						{
							"title": "Properties",
							"kind": 1024,
							"children": [13, 12]
						}
					],
					"sources": [
						{
							"fileName": "interfaces/theme-option.interface.ts",
							"line": 3,
							"character": 29
						}
					]
				}
			],
			"groups": [
				{
					"title": "Interfaces",
					"kind": 256,
					"children": [11]
				}
			],
			"sources": [
				{
					"fileName": "interfaces/theme-option.interface.ts",
					"line": 1,
					"character": 0
				}
			]
		},
		{
			"id": 6,
			"name": "\"interfaces/theme.interface\"",
			"kind": 1,
			"kindString": "External module",
			"flags": {
				"isExported": true,
				"isExternal": true
			},
			"originalName": "/Users/mlmv/Workspace/SANTANDER/flame-santander/flame-workspace/libs/flame-component-library/src/lib/atoms/theme/interfaces/theme.interface.ts",
			"children": [
				{
					"id": 7,
					"name": "Theme",
					"kind": 256,
					"kindString": "Interface",
					"flags": {
						"isExported": true,
						"isExternal": true
					},
					"children": [
						{
							"id": 8,
							"name": "name",
							"kind": 1024,
							"kindString": "Property",
							"flags": {
								"isExported": true,
								"isExternal": true
							},
							"sources": [
								{
									"fileName": "interfaces/theme.interface.ts",
									"line": 2,
									"character": 5
								}
							],
							"type": {
								"type": "intrinsic",
								"name": "string"
							}
						},
						{
							"id": 9,
							"name": "properties",
							"kind": 1024,
							"kindString": "Property",
							"flags": {
								"isExported": true,
								"isExternal": true
							},
							"sources": [
								{
									"fileName": "interfaces/theme.interface.ts",
									"line": 3,
									"character": 11
								}
							],
							"type": {
								"type": "intrinsic",
								"name": "any"
							}
						}
					],
					"groups": [
						{
							"title": "Properties",
							"kind": 1024,
							"children": [8, 9]
						}
					],
					"sources": [
						{
							"fileName": "interfaces/theme.interface.ts",
							"line": 1,
							"character": 22
						}
					]
				}
			],
			"groups": [
				{
					"title": "Interfaces",
					"kind": 256,
					"children": [7]
				}
			],
			"sources": [
				{
					"fileName": "interfaces/theme.interface.ts",
					"line": 1,
					"character": 0
				}
			]
		},
		{
			"id": 15,
			"name": "\"sn-theme.service\"",
			"kind": 1,
			"kindString": "External module",
			"flags": {
				"isExported": true
			},
			"originalName": "/Users/mlmv/Workspace/SANTANDER/flame-santander/flame-workspace/libs/flame-component-library/src/lib/atoms/theme/sn-theme.service.ts",
			"children": [
				{
					"id": 16,
					"name": "ThemeService",
					"kind": 128,
					"kindString": "Class",
					"flags": {
						"isExported": true
					},
					"decorators": [
						{
							"name": "Injectable",
							"type": {
								"type": "reference",
								"name": "Injectable"
							},
							"arguments": {}
						}
					],
					"children": [
						{
							"id": 18,
							"name": "constructor",
							"kind": 512,
							"kindString": "Constructor",
							"flags": {
								"isExported": true
							},
							"signatures": [
								{
									"id": 21,
									"name": "new ThemeService",
									"kind": 16384,
									"kindString": "Constructor signature",
									"flags": {},
									"parameters": [
										{
											"id": 22,
											"name": "themes",
											"kind": 32768,
											"kindString": "Parameter",
											"flags": {},
											"decorators": [
												{
													"name": "Inject",
													"type": {
														"type": "reference",
														"name": "Inject"
													},
													"arguments": {
														"token": "THEMES"
													}
												}
											],
											"type": {
												"type": "array",
												"elementType": {
													"type": "reference",
													"name": "Theme",
													"id": 7
												}
											}
										},
										{
											"id": 23,
											"name": "theme",
											"kind": 32768,
											"kindString": "Parameter",
											"flags": {},
											"decorators": [
												{
													"name": "Inject",
													"type": {
														"type": "reference",
														"name": "Inject"
													},
													"arguments": {
														"token": "ACTIVE_THEME"
													}
												}
											],
											"type": {
												"type": "intrinsic",
												"name": "string"
											}
										}
									],
									"type": {
										"type": "reference",
										"name": "ThemeService",
										"id": 16
									}
								}
							],
							"sources": [
								{
									"fileName": "sn-theme.service.ts",
									"line": 7,
									"character": 41
								}
							]
						},
						{
							"id": 20,
							"name": "theme",
							"kind": 1024,
							"kindString": "Property",
							"flags": {
								"isPublic": true,
								"isExported": true,
								"isConstructorProperty": true
							},
							"decorators": [
								{
									"name": "Inject",
									"type": {
										"type": "reference",
										"name": "Inject"
									},
									"arguments": {
										"token": "ACTIVE_THEME"
									}
								}
							],
							"sources": [
								{
									"fileName": "sn-theme.service.ts",
									"line": 11,
									"character": 36
								}
							],
							"type": {
								"type": "intrinsic",
								"name": "string"
							}
						},
						{
							"id": 17,
							"name": "themeChange",
							"kind": 1024,
							"kindString": "Property",
							"flags": {
								"isExported": true
							},
							"sources": [
								{
									"fileName": "sn-theme.service.ts",
									"line": 7,
									"character": 12
								}
							],
							"type": {
								"type": "reference",
								"name": "EventEmitter",
								"typeArguments": [
									{
										"type": "reference",
										"name": "Theme",
										"id": 7
									}
								]
							},
							"defaultValue": " new EventEmitter<Theme>()"
						},
						{
							"id": 19,
							"name": "themes",
							"kind": 1024,
							"kindString": "Property",
							"flags": {
								"isPublic": true,
								"isExported": true,
								"isConstructorProperty": true
							},
							"decorators": [
								{
									"name": "Inject",
									"type": {
										"type": "reference",
										"name": "Inject"
									},
									"arguments": {
										"token": "THEMES"
									}
								}
							],
							"sources": [
								{
									"fileName": "sn-theme.service.ts",
									"line": 10,
									"character": 31
								}
							],
							"type": {
								"type": "array",
								"elementType": {
									"type": "reference",
									"name": "Theme",
									"id": 7
								}
							}
						},
						{
							"id": 27,
							"name": "getActiveTheme",
							"kind": 2048,
							"kindString": "Method",
							"flags": {
								"isExported": true
							},
							"signatures": [
								{
									"id": 28,
									"name": "getActiveTheme",
									"kind": 4096,
									"kindString": "Call signature",
									"flags": {},
									"type": {
										"type": "reference",
										"name": "Theme",
										"id": 7
									}
								}
							],
							"sources": [
								{
									"fileName": "sn-theme.service.ts",
									"line": 22,
									"character": 15
								}
							]
						},
						{
							"id": 29,
							"name": "getProperty",
							"kind": 2048,
							"kindString": "Method",
							"flags": {
								"isExported": true
							},
							"signatures": [
								{
									"id": 30,
									"name": "getProperty",
									"kind": 4096,
									"kindString": "Call signature",
									"flags": {},
									"parameters": [
										{
											"id": 31,
											"name": "propName",
											"kind": 32768,
											"kindString": "Parameter",
											"flags": {},
											"type": {
												"type": "intrinsic",
												"name": "string"
											}
										}
									],
									"type": {
										"type": "intrinsic",
										"name": "any"
									}
								}
							],
							"sources": [
								{
									"fileName": "sn-theme.service.ts",
									"line": 26,
									"character": 12
								}
							]
						},
						{
							"id": 24,
							"name": "getTheme",
							"kind": 2048,
							"kindString": "Method",
							"flags": {
								"isExported": true
							},
							"signatures": [
								{
									"id": 25,
									"name": "getTheme",
									"kind": 4096,
									"kindString": "Call signature",
									"flags": {},
									"parameters": [
										{
											"id": 26,
											"name": "name",
											"kind": 32768,
											"kindString": "Parameter",
											"flags": {},
											"type": {
												"type": "intrinsic",
												"name": "string"
											}
										}
									],
									"type": {
										"type": "reference",
										"name": "Theme",
										"id": 7
									}
								}
							],
							"sources": [
								{
									"fileName": "sn-theme.service.ts",
									"line": 14,
									"character": 9
								}
							]
						},
						{
							"id": 35,
							"name": "registerTheme",
							"kind": 2048,
							"kindString": "Method",
							"flags": {
								"isExported": true
							},
							"signatures": [
								{
									"id": 36,
									"name": "registerTheme",
									"kind": 4096,
									"kindString": "Call signature",
									"flags": {},
									"parameters": [
										{
											"id": 37,
											"name": "theme",
											"kind": 32768,
											"kindString": "Parameter",
											"flags": {},
											"type": {
												"type": "reference",
												"name": "Theme",
												"id": 7
											}
										}
									],
									"type": {
										"type": "intrinsic",
										"name": "void"
									}
								}
							],
							"sources": [
								{
									"fileName": "sn-theme.service.ts",
									"line": 35,
									"character": 14
								}
							]
						},
						{
							"id": 32,
							"name": "setTheme",
							"kind": 2048,
							"kindString": "Method",
							"flags": {
								"isExported": true
							},
							"signatures": [
								{
									"id": 33,
									"name": "setTheme",
									"kind": 4096,
									"kindString": "Call signature",
									"flags": {},
									"parameters": [
										{
											"id": 34,
											"name": "name",
											"kind": 32768,
											"kindString": "Parameter",
											"flags": {},
											"type": {
												"type": "intrinsic",
												"name": "string"
											}
										}
									],
									"type": {
										"type": "intrinsic",
										"name": "void"
									}
								}
							],
							"sources": [
								{
									"fileName": "sn-theme.service.ts",
									"line": 30,
									"character": 9
								}
							]
						},
						{
							"id": 38,
							"name": "updateTheme",
							"kind": 2048,
							"kindString": "Method",
							"flags": {
								"isExported": true
							},
							"signatures": [
								{
									"id": 39,
									"name": "updateTheme",
									"kind": 4096,
									"kindString": "Call signature",
									"flags": {},
									"parameters": [
										{
											"id": 40,
											"name": "name",
											"kind": 32768,
											"kindString": "Parameter",
											"flags": {},
											"type": {
												"type": "intrinsic",
												"name": "string"
											}
										},
										{
											"id": 41,
											"name": "properties",
											"kind": 32768,
											"kindString": "Parameter",
											"flags": {},
											"type": {
												"type": "reflection",
												"declaration": {
													"id": 42,
													"name": "__type",
													"kind": 65536,
													"kindString": "Type literal",
													"flags": {},
													"indexSignature": [
														{
															"id": 43,
															"name": "__index",
															"kind": 8192,
															"kindString": "Index signature",
															"flags": {},
															"parameters": [
																{
																	"id": 44,
																	"name": "key",
																	"kind": 32768,
																	"kindString": "Parameter",
																	"flags": {},
																	"type": {
																		"type": "intrinsic",
																		"name": "string"
																	}
																}
															],
															"type": {
																"type": "intrinsic",
																"name": "string"
															}
														}
													],
													"sources": [
														{
															"fileName": "sn-theme.service.ts",
															"line": 39,
															"character": 38
														}
													]
												}
											}
										}
									],
									"type": {
										"type": "intrinsic",
										"name": "void"
									}
								}
							],
							"sources": [
								{
									"fileName": "sn-theme.service.ts",
									"line": 39,
									"character": 12
								}
							]
						}
					],
					"groups": [
						{
							"title": "Constructors",
							"kind": 512,
							"children": [18]
						},
						{
							"title": "Properties",
							"kind": 1024,
							"children": [20, 17, 19]
						},
						{
							"title": "Methods",
							"kind": 2048,
							"children": [27, 29, 24, 35, 32, 38]
						}
					],
					"sources": [
						{
							"fileName": "sn-theme.service.ts",
							"line": 6,
							"character": 25
						}
					]
				}
			],
			"groups": [
				{
					"title": "Classes",
					"kind": 128,
					"children": [16]
				}
			],
			"sources": [
				{
					"fileName": "sn-theme.service.ts",
					"line": 1,
					"character": 0
				}
			]
		}
	],
	"groups": [
		{
			"title": "External modules",
			"kind": 1,
			"children": [1, 5, 3, 14, 10, 6, 15]
		}
	]
}
