{
	"id": 0,
	"name": "@santander/flame-component-library",
	"kind": 0,
	"flags": {},
	"children": [
		{
			"id": 1,
			"name": "\"radio-button.interface\"",
			"kind": 1,
			"kindString": "External module",
			"flags": {
				"isExported": true,
				"isExternal": true
			},
			"originalName": "/Users/mlmv/Workspace/SANTANDER/flame-santander/flame-workspace/libs/flame-component-library/src/lib/atoms/radio-button/radio-button.interface.ts",
			"children": [
				{
					"id": 12,
					"name": "SnRadioChange",
					"kind": 128,
					"kindString": "Class",
					"flags": {
						"isExported": true,
						"isExternal": true
					},
					"children": [
						{
							"id": 13,
							"name": "constructor",
							"kind": 512,
							"kindString": "Constructor",
							"flags": {
								"isExported": true,
								"isExternal": true
							},
							"signatures": [
								{
									"id": 16,
									"name": "new SnRadioChange",
									"kind": 16384,
									"kindString": "Constructor signature",
									"flags": {},
									"parameters": [
										{
											"id": 17,
											"name": "source",
											"kind": 32768,
											"kindString": "Parameter",
											"flags": {},
											"type": {
												"type": "reference",
												"name": "RadioButton",
												"id": 2
											}
										},
										{
											"id": 18,
											"name": "value",
											"kind": 32768,
											"kindString": "Parameter",
											"flags": {},
											"type": {
												"type": "intrinsic",
												"name": "any"
											}
										}
									],
									"type": {
										"type": "reference",
										"name": "SnRadioChange",
										"id": 12
									}
								}
							],
							"sources": [
								{
									"fileName": "radio-button.interface.ts",
									"line": 13,
									"character": 28
								}
							]
						},
						{
							"id": 14,
							"name": "source",
							"kind": 1024,
							"kindString": "Property",
							"flags": {
								"isPublic": true,
								"isExported": true,
								"isExternal": true,
								"isConstructorProperty": true
							},
							"sources": [
								{
									"fileName": "radio-button.interface.ts",
									"line": 14,
									"character": 26
								}
							],
							"type": {
								"type": "reference",
								"name": "RadioButton",
								"id": 2
							}
						},
						{
							"id": 15,
							"name": "value",
							"kind": 1024,
							"kindString": "Property",
							"flags": {
								"isPublic": true,
								"isExported": true,
								"isExternal": true,
								"isConstructorProperty": true
							},
							"sources": [
								{
									"fileName": "radio-button.interface.ts",
									"line": 14,
									"character": 53
								}
							],
							"type": {
								"type": "intrinsic",
								"name": "any"
							}
						}
					],
					"groups": [
						{
							"title": "Constructors",
							"kind": 512,
							"children": [13]
						},
						{
							"title": "Properties",
							"kind": 1024,
							"children": [14, 15]
						}
					],
					"sources": [
						{
							"fileName": "radio-button.interface.ts",
							"line": 13,
							"character": 26
						}
					]
				},
				{
					"id": 2,
					"name": "RadioButton",
					"kind": 256,
					"kindString": "Interface",
					"flags": {
						"isExported": true,
						"isExternal": true
					},
					"children": [
						{
							"id": 7,
							"name": "checked",
							"kind": 1024,
							"kindString": "Property",
							"flags": {
								"isExported": true,
								"isExternal": true
							},
							"sources": [
								{
									"fileName": "radio-button.interface.ts",
									"line": 6,
									"character": 8
								}
							],
							"type": {
								"type": "intrinsic",
								"name": "boolean"
							}
						},
						{
							"id": 9,
							"name": "disabled",
							"kind": 1024,
							"kindString": "Property",
							"flags": {
								"isExported": true,
								"isExternal": true
							},
							"sources": [
								{
									"fileName": "radio-button.interface.ts",
									"line": 8,
									"character": 9
								}
							],
							"type": {
								"type": "intrinsic",
								"name": "boolean"
							}
						},
						{
							"id": 3,
							"name": "id",
							"kind": 1024,
							"kindString": "Property",
							"flags": {
								"isExported": true,
								"isExternal": true
							},
							"sources": [
								{
									"fileName": "radio-button.interface.ts",
									"line": 2,
									"character": 3
								}
							],
							"type": {
								"type": "intrinsic",
								"name": "string"
							}
						},
						{
							"id": 4,
							"name": "inputId",
							"kind": 1024,
							"kindString": "Property",
							"flags": {
								"isExported": true,
								"isExternal": true
							},
							"sources": [
								{
									"fileName": "radio-button.interface.ts",
									"line": 3,
									"character": 8
								}
							],
							"type": {
								"type": "intrinsic",
								"name": "string"
							}
						},
						{
							"id": 5,
							"name": "name",
							"kind": 1024,
							"kindString": "Property",
							"flags": {
								"isExported": true,
								"isExternal": true
							},
							"sources": [
								{
									"fileName": "radio-button.interface.ts",
									"line": 4,
									"character": 5
								}
							],
							"type": {
								"type": "intrinsic",
								"name": "string"
							}
						},
						{
							"id": 8,
							"name": "required",
							"kind": 1024,
							"kindString": "Property",
							"flags": {
								"isExported": true,
								"isExternal": true
							},
							"sources": [
								{
									"fileName": "radio-button.interface.ts",
									"line": 7,
									"character": 9
								}
							],
							"type": {
								"type": "intrinsic",
								"name": "boolean"
							}
						},
						{
							"id": 6,
							"name": "value",
							"kind": 1024,
							"kindString": "Property",
							"flags": {
								"isExported": true,
								"isExternal": true
							},
							"sources": [
								{
									"fileName": "radio-button.interface.ts",
									"line": 5,
									"character": 6
								}
							],
							"type": {
								"type": "intrinsic",
								"name": "any"
							}
						},
						{
							"id": 10,
							"name": "_markForCheck",
							"kind": 2048,
							"kindString": "Method",
							"flags": {
								"isExported": true,
								"isExternal": true
							},
							"signatures": [
								{
									"id": 11,
									"name": "_markForCheck",
									"kind": 4096,
									"kindString": "Call signature",
									"flags": {},
									"type": {
										"type": "intrinsic",
										"name": "void"
									}
								}
							],
							"sources": [
								{
									"fileName": "radio-button.interface.ts",
									"line": 10,
									"character": 14
								}
							]
						}
					],
					"groups": [
						{
							"title": "Properties",
							"kind": 1024,
							"children": [7, 9, 3, 4, 5, 8, 6]
						},
						{
							"title": "Methods",
							"kind": 2048,
							"children": [10]
						}
					],
					"sources": [
						{
							"fileName": "radio-button.interface.ts",
							"line": 1,
							"character": 28
						}
					]
				}
			],
			"groups": [
				{
					"title": "Classes",
					"kind": 128,
					"children": [12]
				},
				{
					"title": "Interfaces",
					"kind": 256,
					"children": [2]
				}
			],
			"sources": [
				{
					"fileName": "radio-button.interface.ts",
					"line": 1,
					"character": 0
				}
			]
		},
		{
			"id": 19,
			"name": "\"radio-group.directive\"",
			"kind": 1,
			"kindString": "External module",
			"flags": {
				"isExported": true
			},
			"originalName": "/Users/mlmv/Workspace/SANTANDER/flame-santander/flame-workspace/libs/flame-component-library/src/lib/atoms/radio-button/radio-group.directive.ts",
			"children": [
				{
					"id": 20,
					"name": "RadioGroupDirective",
					"kind": 128,
					"kindString": "Class",
					"flags": {
						"isExported": true
					},
					"decorators": [
						{
							"name": "Directive",
							"type": {
								"type": "reference",
								"name": "Directive"
							},
							"arguments": {
								"obj": "{\n\t// tslint:disable-next-line:directive-selector\n\tselector: 'sn-radio-group',\n\texportAs: 'snRadioGroup',\n\t// tslint:disable-next-line:use-host-property-decorator\n\thost: {\n\t\trole: 'radiogroup',\n\t\tclass: 'sn-radio-group'\n\t},\n\tproviders: [\n\t\t{\n\t\t\tprovide: NG_VALUE_ACCESSOR,\n\t\t\tuseExisting: forwardRef(() => RadioGroupDirective),\n\t\t\tmulti: true\n\t\t}\n\t]\n}"
							}
						}
					],
					"children": [
						{
							"id": 21,
							"name": "constructor",
							"kind": 512,
							"kindString": "Constructor",
							"flags": {
								"isExported": true
							},
							"signatures": [
								{
									"id": 23,
									"name": "new RadioGroupDirective",
									"kind": 16384,
									"kindString": "Constructor signature",
									"flags": {},
									"parameters": [
										{
											"id": 24,
											"name": "_changeDetector",
											"kind": 32768,
											"kindString": "Parameter",
											"flags": {},
											"type": {
												"type": "reference",
												"name": "ChangeDetectorRef"
											}
										}
									],
									"type": {
										"type": "reference",
										"name": "RadioGroupDirective",
										"id": 20
									}
								}
							],
							"sources": [
								{
									"fileName": "radio-group.directive.ts",
									"line": 34,
									"character": 52
								}
							]
						},
						{
							"id": 22,
							"name": "_changeDetector",
							"kind": 1024,
							"kindString": "Property",
							"flags": {
								"isPrivate": true,
								"isExported": true,
								"isConstructorProperty": true
							},
							"sources": [
								{
									"fileName": "radio-group.directive.ts",
									"line": 35,
									"character": 36
								}
							],
							"type": {
								"type": "reference",
								"name": "ChangeDetectorRef"
							}
						},
						{
							"id": 31,
							"name": "_disabled",
							"kind": 1024,
							"kindString": "Property",
							"flags": {
								"isPrivate": true,
								"isExported": true
							},
							"sources": [
								{
									"fileName": "radio-group.directive.ts",
									"line": 43,
									"character": 18
								}
							],
							"type": {
								"type": "intrinsic",
								"name": "boolean"
							},
							"defaultValue": "false"
						},
						{
							"id": 26,
							"name": "_id",
							"kind": 1024,
							"kindString": "Property",
							"flags": {
								"isPrivate": true,
								"isExported": true
							},
							"sources": [
								{
									"fileName": "radio-group.directive.ts",
									"line": 38,
									"character": 12
								}
							],
							"type": {
								"type": "intrinsic",
								"name": "string"
							}
						},
						{
							"id": 32,
							"name": "_isInitialized",
							"kind": 1024,
							"kindString": "Property",
							"flags": {
								"isPrivate": true,
								"isExported": true
							},
							"sources": [
								{
									"fileName": "radio-group.directive.ts",
									"line": 44,
									"character": 23
								}
							],
							"type": {
								"type": "intrinsic",
								"name": "boolean"
							},
							"defaultValue": "false"
						},
						{
							"id": 28,
							"name": "_name",
							"kind": 1024,
							"kindString": "Property",
							"flags": {
								"isPrivate": true,
								"isExported": true
							},
							"sources": [
								{
									"fileName": "radio-group.directive.ts",
									"line": 40,
									"character": 14
								}
							],
							"type": {
								"type": "intrinsic",
								"name": "any"
							}
						},
						{
							"id": 25,
							"name": "_required",
							"kind": 1024,
							"kindString": "Property",
							"flags": {
								"isPrivate": true,
								"isExported": true
							},
							"sources": [
								{
									"fileName": "radio-group.directive.ts",
									"line": 37,
									"character": 18
								}
							],
							"type": {
								"type": "intrinsic",
								"name": "boolean"
							},
							"defaultValue": "false"
						},
						{
							"id": 29,
							"name": "_selected",
							"kind": 1024,
							"kindString": "Property",
							"flags": {
								"isPrivate": true,
								"isExported": true
							},
							"sources": [
								{
									"fileName": "radio-group.directive.ts",
									"line": 41,
									"character": 18
								}
							],
							"type": {
								"type": "intrinsic",
								"name": "any"
							},
							"defaultValue": " null"
						},
						{
							"id": 27,
							"name": "_uid",
							"kind": 1024,
							"kindString": "Property",
							"flags": {
								"isPrivate": true,
								"isExported": true
							},
							"sources": [
								{
									"fileName": "radio-group.directive.ts",
									"line": 39,
									"character": 13
								}
							],
							"type": {
								"type": "intrinsic",
								"name": "string"
							},
							"defaultValue": " `sn-radio-group-${nextUniqueId++}`"
						},
						{
							"id": 30,
							"name": "_value",
							"kind": 1024,
							"kindString": "Property",
							"flags": {
								"isPrivate": true,
								"isExported": true
							},
							"sources": [
								{
									"fileName": "radio-group.directive.ts",
									"line": 42,
									"character": 15
								}
							],
							"type": {
								"type": "intrinsic",
								"name": "any"
							}
						},
						{
							"id": 58,
							"name": "change",
							"kind": 1024,
							"kindString": "Property",
							"flags": {
								"isExported": true
							},
							"decorators": [
								{
									"name": "Output",
									"type": {
										"type": "reference",
										"name": "Output"
									},
									"arguments": {}
								}
							],
							"sources": [
								{
									"fileName": "radio-group.directive.ts",
									"line": 112,
									"character": 26
								}
							],
							"type": {
								"type": "reference",
								"name": "EventEmitter",
								"typeArguments": [
									{
										"type": "reference",
										"name": "SnRadioChange",
										"id": 12
									}
								]
							},
							"defaultValue": " new EventEmitter<\n\t\tSnRadioChange\n\t>()"
						},
						{
							"id": 33,
							"name": "radios",
							"kind": 1024,
							"kindString": "Property",
							"flags": {
								"isPrivate": true,
								"isExported": true
							},
							"sources": [
								{
									"fileName": "radio-group.directive.ts",
									"line": 45,
									"character": 15
								}
							],
							"type": {
								"type": "array",
								"elementType": {
									"type": "reference",
									"name": "RadioButton",
									"id": 2
								}
							},
							"defaultValue": " []"
						},
						{
							"id": 50,
							"name": "disabled",
							"kind": 262144,
							"kindString": "Accessor",
							"flags": {
								"isExported": true
							},
							"comment": {},
							"decorators": [
								{
									"name": "Input",
									"type": {
										"type": "reference",
										"name": "Input"
									},
									"arguments": {}
								}
							],
							"getSignature": [
								{
									"id": 51,
									"name": "__get",
									"kind": 524288,
									"kindString": "Get signature",
									"flags": {},
									"comment": {},
									"type": {
										"type": "intrinsic",
										"name": "boolean"
									}
								}
							],
							"setSignature": [
								{
									"id": 52,
									"name": "__set",
									"kind": 1048576,
									"kindString": "Set signature",
									"flags": {},
									"comment": {},
									"parameters": [
										{
											"id": 53,
											"name": "value",
											"kind": 32768,
											"kindString": "Parameter",
											"flags": {},
											"type": {
												"type": "intrinsic",
												"name": "boolean"
											}
										}
									],
									"type": {
										"type": "intrinsic",
										"name": "void"
									}
								}
							],
							"sources": [
								{
									"fileName": "radio-group.directive.ts",
									"line": 94,
									"character": 13
								},
								{
									"fileName": "radio-group.directive.ts",
									"line": 97,
									"character": 13
								}
							]
						},
						{
							"id": 38,
							"name": "id",
							"kind": 262144,
							"kindString": "Accessor",
							"flags": {
								"isExported": true
							},
							"comment": {
								"shortText": "Unique id of the element."
							},
							"decorators": [
								{
									"name": "Input",
									"type": {
										"type": "reference",
										"name": "Input"
									},
									"arguments": {}
								}
							],
							"getSignature": [
								{
									"id": 39,
									"name": "__get",
									"kind": 524288,
									"kindString": "Get signature",
									"flags": {},
									"comment": {
										"shortText": "Unique id of the element."
									},
									"type": {
										"type": "intrinsic",
										"name": "string"
									}
								}
							],
							"setSignature": [
								{
									"id": 40,
									"name": "__set",
									"kind": 1048576,
									"kindString": "Set signature",
									"flags": {},
									"comment": {
										"shortText": "Unique id of the element."
									},
									"parameters": [
										{
											"id": 41,
											"name": "value",
											"kind": 32768,
											"kindString": "Parameter",
											"flags": {},
											"type": {
												"type": "intrinsic",
												"name": "string"
											}
										}
									],
									"type": {
										"type": "intrinsic",
										"name": "void"
									}
								}
							],
							"sources": [
								{
									"fileName": "radio-group.directive.ts",
									"line": 61,
									"character": 7
								},
								{
									"fileName": "radio-group.directive.ts",
									"line": 64,
									"character": 7
								}
							]
						},
						{
							"id": 34,
							"name": "name",
							"kind": 262144,
							"kindString": "Accessor",
							"flags": {
								"isExported": true
							},
							"comment": {},
							"decorators": [
								{
									"name": "Input",
									"type": {
										"type": "reference",
										"name": "Input"
									},
									"arguments": {}
								}
							],
							"getSignature": [
								{
									"id": 35,
									"name": "__get",
									"kind": 524288,
									"kindString": "Get signature",
									"flags": {},
									"comment": {},
									"type": {
										"type": "intrinsic",
										"name": "any"
									}
								}
							],
							"setSignature": [
								{
									"id": 36,
									"name": "__set",
									"kind": 1048576,
									"kindString": "Set signature",
									"flags": {},
									"comment": {},
									"parameters": [
										{
											"id": 37,
											"name": "value",
											"kind": 32768,
											"kindString": "Parameter",
											"flags": {},
											"type": {
												"type": "intrinsic",
												"name": "any"
											}
										}
									],
									"type": {
										"type": "intrinsic",
										"name": "void"
									}
								}
							],
							"sources": [
								{
									"fileName": "radio-group.directive.ts",
									"line": 51,
									"character": 9
								},
								{
									"fileName": "radio-group.directive.ts",
									"line": 54,
									"character": 9
								}
							]
						},
						{
							"id": 54,
							"name": "required",
							"kind": 262144,
							"kindString": "Accessor",
							"flags": {
								"isExported": true
							},
							"comment": {},
							"decorators": [
								{
									"name": "Input",
									"type": {
										"type": "reference",
										"name": "Input"
									},
									"arguments": {}
								}
							],
							"getSignature": [
								{
									"id": 55,
									"name": "__get",
									"kind": 524288,
									"kindString": "Get signature",
									"flags": {},
									"comment": {},
									"type": {
										"type": "intrinsic",
										"name": "boolean"
									}
								}
							],
							"setSignature": [
								{
									"id": 56,
									"name": "__set",
									"kind": 1048576,
									"kindString": "Set signature",
									"flags": {},
									"comment": {},
									"parameters": [
										{
											"id": 57,
											"name": "value",
											"kind": 32768,
											"kindString": "Parameter",
											"flags": {},
											"type": {
												"type": "intrinsic",
												"name": "boolean"
											}
										}
									],
									"type": {
										"type": "intrinsic",
										"name": "void"
									}
								}
							],
							"sources": [
								{
									"fileName": "radio-group.directive.ts",
									"line": 104,
									"character": 13
								},
								{
									"fileName": "radio-group.directive.ts",
									"line": 107,
									"character": 13
								}
							]
						},
						{
							"id": 46,
							"name": "selected",
							"kind": 262144,
							"kindString": "Accessor",
							"flags": {
								"isExported": true
							},
							"comment": {},
							"decorators": [
								{
									"name": "Input",
									"type": {
										"type": "reference",
										"name": "Input"
									},
									"arguments": {}
								}
							],
							"getSignature": [
								{
									"id": 47,
									"name": "__get",
									"kind": 524288,
									"kindString": "Get signature",
									"flags": {},
									"comment": {},
									"type": {
										"type": "reference",
										"name": "RadioButton",
										"id": 2
									}
								}
							],
							"setSignature": [
								{
									"id": 48,
									"name": "__set",
									"kind": 1048576,
									"kindString": "Set signature",
									"flags": {},
									"comment": {},
									"parameters": [
										{
											"id": 49,
											"name": "selected",
											"kind": 32768,
											"kindString": "Parameter",
											"flags": {},
											"type": {
												"type": "reference",
												"name": "RadioButton",
												"id": 2
											}
										}
									],
									"type": {
										"type": "intrinsic",
										"name": "void"
									}
								}
							],
							"sources": [
								{
									"fileName": "radio-group.directive.ts",
									"line": 83,
									"character": 13
								},
								{
									"fileName": "radio-group.directive.ts",
									"line": 86,
									"character": 13
								}
							]
						},
						{
							"id": 42,
							"name": "value",
							"kind": 262144,
							"kindString": "Accessor",
							"flags": {
								"isExported": true
							},
							"comment": {
								"shortText": "Value of the actual radio button selected in the group."
							},
							"decorators": [
								{
									"name": "Input",
									"type": {
										"type": "reference",
										"name": "Input"
									},
									"arguments": {}
								}
							],
							"getSignature": [
								{
									"id": 43,
									"name": "__get",
									"kind": 524288,
									"kindString": "Get signature",
									"flags": {},
									"comment": {
										"shortText": "Value of the actual radio button selected in the group."
									},
									"type": {
										"type": "intrinsic",
										"name": "any"
									}
								}
							],
							"setSignature": [
								{
									"id": 44,
									"name": "__set",
									"kind": 1048576,
									"kindString": "Set signature",
									"flags": {},
									"comment": {
										"shortText": "Value of the actual radio button selected in the group."
									},
									"parameters": [
										{
											"id": 45,
											"name": "newValue",
											"kind": 32768,
											"kindString": "Parameter",
											"flags": {},
											"type": {
												"type": "intrinsic",
												"name": "any"
											}
										}
									],
									"type": {
										"type": "intrinsic",
										"name": "void"
									}
								}
							],
							"sources": [
								{
									"fileName": "radio-group.directive.ts",
									"line": 70,
									"character": 10
								},
								{
									"fileName": "radio-group.directive.ts",
									"line": 73,
									"character": 10
								}
							]
						},
						{
							"id": 78,
							"name": "_checkSelectedRadioButton",
							"kind": 2048,
							"kindString": "Method",
							"flags": {
								"isExported": true
							},
							"signatures": [
								{
									"id": 79,
									"name": "_checkSelectedRadioButton",
									"kind": 4096,
									"kindString": "Call signature",
									"flags": {},
									"comment": {},
									"type": {
										"type": "intrinsic",
										"name": "void"
									}
								}
							],
							"sources": [
								{
									"fileName": "radio-group.directive.ts",
									"line": 155,
									"character": 26
								}
							]
						},
						{
							"id": 59,
							"name": "_controlValueAccessorChangeFn",
							"kind": 2048,
							"kindString": "Method",
							"flags": {
								"isPublic": true,
								"isExported": true
							},
							"signatures": [
								{
									"id": 60,
									"name": "_controlValueAccessorChangeFn",
									"kind": 4096,
									"kindString": "Call signature",
									"flags": {},
									"parameters": [
										{
											"id": 61,
											"name": "value",
											"kind": 32768,
											"kindString": "Parameter",
											"flags": {},
											"type": {
												"type": "intrinsic",
												"name": "any"
											}
										}
									],
									"type": {
										"type": "intrinsic",
										"name": "void"
									}
								}
							],
							"sources": [
								{
									"fileName": "radio-group.directive.ts",
									"line": 116,
									"character": 37
								}
							]
						},
						{
							"id": 88,
							"name": "_emitChangeEvent",
							"kind": 2048,
							"kindString": "Method",
							"flags": {
								"isExported": true
							},
							"signatures": [
								{
									"id": 89,
									"name": "_emitChangeEvent",
									"kind": 4096,
									"kindString": "Call signature",
									"flags": {},
									"comment": {},
									"type": {
										"type": "intrinsic",
										"name": "void"
									}
								}
							],
							"sources": [
								{
									"fileName": "radio-group.directive.ts",
									"line": 198,
									"character": 17
								}
							]
						},
						{
							"id": 80,
							"name": "_markRadiosForCheck",
							"kind": 2048,
							"kindString": "Method",
							"flags": {
								"isExported": true
							},
							"signatures": [
								{
									"id": 81,
									"name": "_markRadiosForCheck",
									"kind": 4096,
									"kindString": "Call signature",
									"flags": {},
									"comment": {},
									"type": {
										"type": "intrinsic",
										"name": "void"
									}
								}
							],
							"sources": [
								{
									"fileName": "radio-group.directive.ts",
									"line": 161,
									"character": 20
								}
							]
						},
						{
							"id": 86,
							"name": "_touch",
							"kind": 2048,
							"kindString": "Method",
							"flags": {
								"isExported": true
							},
							"signatures": [
								{
									"id": 87,
									"name": "_touch",
									"kind": 4096,
									"kindString": "Call signature",
									"flags": {},
									"comment": {},
									"type": {
										"type": "intrinsic",
										"name": "void"
									}
								}
							],
							"sources": [
								{
									"fileName": "radio-group.directive.ts",
									"line": 191,
									"character": 7
								}
							]
						},
						{
							"id": 82,
							"name": "_updateRadioButtonNames",
							"kind": 2048,
							"kindString": "Method",
							"flags": {
								"isExported": true
							},
							"signatures": [
								{
									"id": 83,
									"name": "_updateRadioButtonNames",
									"kind": 4096,
									"kindString": "Call signature",
									"flags": {},
									"comment": {},
									"type": {
										"type": "intrinsic",
										"name": "void"
									}
								}
							],
							"sources": [
								{
									"fileName": "radio-group.directive.ts",
									"line": 168,
									"character": 24
								}
							]
						},
						{
							"id": 84,
							"name": "_updateSelectedRadioFromValue",
							"kind": 2048,
							"kindString": "Method",
							"flags": {
								"isExported": true
							},
							"signatures": [
								{
									"id": 85,
									"name": "_updateSelectedRadioFromValue",
									"kind": 4096,
									"kindString": "Call signature",
									"flags": {},
									"comment": {
										"shortText": "Updates the selected radio from it's value"
									},
									"type": {
										"type": "intrinsic",
										"name": "void"
									}
								}
							],
							"sources": [
								{
									"fileName": "radio-group.directive.ts",
									"line": 174,
									"character": 30
								}
							]
						},
						{
							"id": 90,
							"name": "addRadio",
							"kind": 2048,
							"kindString": "Method",
							"flags": {
								"isExported": true
							},
							"signatures": [
								{
									"id": 91,
									"name": "addRadio",
									"kind": 4096,
									"kindString": "Call signature",
									"flags": {},
									"parameters": [
										{
											"id": 92,
											"name": "radio",
											"kind": 32768,
											"kindString": "Parameter",
											"flags": {},
											"type": {
												"type": "reference",
												"name": "RadioButton",
												"id": 2
											}
										}
									],
									"type": {
										"type": "intrinsic",
										"name": "void"
									}
								}
							],
							"sources": [
								{
									"fileName": "radio-group.directive.ts",
									"line": 204,
									"character": 9
								}
							]
						},
						{
							"id": 70,
							"name": "ngAfterContentInit",
							"kind": 2048,
							"kindString": "Method",
							"flags": {
								"isExported": true
							},
							"signatures": [
								{
									"id": 71,
									"name": "ngAfterContentInit",
									"kind": 4096,
									"kindString": "Call signature",
									"flags": {},
									"type": {
										"type": "intrinsic",
										"name": "void"
									}
								}
							],
							"sources": [
								{
									"fileName": "radio-group.directive.ts",
									"line": 136,
									"character": 19
								}
							]
						},
						{
							"id": 62,
							"name": "onTouched",
							"kind": 2048,
							"kindString": "Method",
							"flags": {
								"isPublic": true,
								"isExported": true
							},
							"signatures": [
								{
									"id": 63,
									"name": "onTouched",
									"kind": 4096,
									"kindString": "Call signature",
									"flags": {},
									"type": {
										"type": "intrinsic",
										"name": "void"
									}
								}
							],
							"sources": [
								{
									"fileName": "radio-group.directive.ts",
									"line": 117,
									"character": 17
								}
							]
						},
						{
							"id": 75,
							"name": "registerOnChange",
							"kind": 2048,
							"kindString": "Method",
							"flags": {
								"isExported": true
							},
							"signatures": [
								{
									"id": 76,
									"name": "registerOnChange",
									"kind": 4096,
									"kindString": "Call signature",
									"flags": {},
									"comment": {},
									"parameters": [
										{
											"id": 77,
											"name": "func",
											"kind": 32768,
											"kindString": "Parameter",
											"flags": {},
											"type": {
												"type": "intrinsic",
												"name": "any"
											}
										}
									],
									"type": {
										"type": "intrinsic",
										"name": "void"
									}
								}
							],
							"sources": [
								{
									"fileName": "radio-group.directive.ts",
									"line": 150,
									"character": 17
								}
							]
						},
						{
							"id": 67,
							"name": "registerOnTouched",
							"kind": 2048,
							"kindString": "Method",
							"flags": {
								"isExported": true
							},
							"signatures": [
								{
									"id": 68,
									"name": "registerOnTouched",
									"kind": 4096,
									"kindString": "Call signature",
									"flags": {},
									"comment": {},
									"parameters": [
										{
											"id": 69,
											"name": "func",
											"kind": 32768,
											"kindString": "Parameter",
											"flags": {},
											"type": {
												"type": "intrinsic",
												"name": "any"
											}
										}
									],
									"type": {
										"type": "intrinsic",
										"name": "void"
									}
								}
							],
							"sources": [
								{
									"fileName": "radio-group.directive.ts",
									"line": 132,
									"character": 18
								}
							]
						},
						{
							"id": 72,
							"name": "setDisabledState",
							"kind": 2048,
							"kindString": "Method",
							"flags": {
								"isExported": true
							},
							"signatures": [
								{
									"id": 73,
									"name": "setDisabledState",
									"kind": 4096,
									"kindString": "Call signature",
									"flags": {},
									"comment": {
										"shortText": "Sets the disabled state of the control. Implemented as a part of ControlValueAccessor."
									},
									"parameters": [
										{
											"id": 74,
											"name": "isDisabled",
											"kind": 32768,
											"kindString": "Parameter",
											"flags": {},
											"comment": {
												"text": "Whether the control should be disabled.\n"
											},
											"type": {
												"type": "intrinsic",
												"name": "boolean"
											}
										}
									],
									"type": {
										"type": "intrinsic",
										"name": "void"
									}
								}
							],
							"sources": [
								{
									"fileName": "radio-group.directive.ts",
									"line": 144,
									"character": 17
								}
							]
						},
						{
							"id": 64,
							"name": "writeValue",
							"kind": 2048,
							"kindString": "Method",
							"flags": {
								"isExported": true
							},
							"signatures": [
								{
									"id": 65,
									"name": "writeValue",
									"kind": 4096,
									"kindString": "Call signature",
									"flags": {},
									"comment": {
										"shortText": "Sets the radio value. Part of the ControlValueAccessor interface\nrequired to integrate with Angular's core forms API."
									},
									"parameters": [
										{
											"id": 66,
											"name": "value",
											"kind": 32768,
											"kindString": "Parameter",
											"flags": {},
											"comment": {
												"text": "New value to be written to the model.\n"
											},
											"type": {
												"type": "intrinsic",
												"name": "any"
											}
										}
									],
									"type": {
										"type": "intrinsic",
										"name": "void"
									}
								}
							],
							"sources": [
								{
									"fileName": "radio-group.directive.ts",
									"line": 126,
									"character": 11
								}
							]
						}
					],
					"groups": [
						{
							"title": "Constructors",
							"kind": 512,
							"children": [21]
						},
						{
							"title": "Properties",
							"kind": 1024,
							"children": [22, 31, 26, 32, 28, 25, 29, 27, 30, 58, 33]
						},
						{
							"title": "Accessors",
							"kind": 262144,
							"children": [50, 38, 34, 54, 46, 42]
						},
						{
							"title": "Methods",
							"kind": 2048,
							"children": [
								78,
								59,
								88,
								80,
								86,
								82,
								84,
								90,
								70,
								62,
								75,
								67,
								72,
								64
							]
						}
					],
					"sources": [
						{
							"fileName": "radio-group.directive.ts",
							"line": 33,
							"character": 32
						}
					],
					"implementedTypes": [
						{
							"type": "reference",
							"name": "AfterContentInit"
						},
						{
							"type": "reference",
							"name": "ControlValueAccessor"
						}
					]
				},
				{
					"id": 93,
					"name": "nextUniqueId",
					"kind": 32,
					"kindString": "Variable",
					"flags": {
						"isLet": true
					},
					"sources": [
						{
							"fileName": "radio-group.directive.ts",
							"line": 14,
							"character": 16
						}
					],
					"type": {
						"type": "intrinsic",
						"name": "number"
					},
					"defaultValue": "0"
				}
			],
			"groups": [
				{
					"title": "Classes",
					"kind": 128,
					"children": [20]
				},
				{
					"title": "Variables",
					"kind": 32,
					"children": [93]
				}
			],
			"sources": [
				{
					"fileName": "radio-group.directive.ts",
					"line": 1,
					"character": 0
				}
			]
		}
	],
	"groups": [
		{
			"title": "External modules",
			"kind": 1,
			"children": [1, 19]
		}
	]
}
