{
  "project_info": {
    "project_number": "437952320178",
    "firebase_url": "https://myaviva-development-push.firebaseio.com",
    "project_id": "myaviva-development-push",
    "storage_bucket": "myaviva-development-push.appspot.com"
  },
  "client": [
    {
      "client_info": {
        "mobilesdk_app_id": "1:437952320178:android:08c3a85cb1960e8e196fab",
        "android_client_info": {
          "package_name": "co.uk.aviva.myaviva"
        }
      },
      "oauth_client": [
        {
          "client_id": "437952320178-00n1g6uiutjrupur68e02e7pm4q37o45.apps.googleusercontent.com",
          "client_type": 3
        }
      ],
      "api_key": [
        {
          "current_key": "AIzaSyDPDIx83oKTlsoL0Xv8EVHNmaZb0D-RJAI"
        }
      ],
      "services": {
        "appinvite_service": {
          "other_platform_oauth_client": [
            {
              "client_id": "437952320178-00n1g6uiutjrupur68e02e7pm4q37o45.apps.googleusercontent.com",
              "client_type": 3
            },
            {
              "client_id": "437952320178-ka8tgkcvgd30tdolog2tu3o36e2tbst6.apps.googleusercontent.com",
              "client_type": 2,
              "ios_info": {
                "bundle_id": "co.uk.aviva.myaviva"
              }
            }
          ]
        }
      }
    },
    {
      "client_info": {
        "mobilesdk_app_id": "1:437952320178:android:38fdaf84463a0c52",
        "android_client_info": {
          "package_name": "co.uk.aviva.myavivaapp"
        }
      },
      "oauth_client": [
        {
          "client_id": "437952320178-00n1g6uiutjrupur68e02e7pm4q37o45.apps.googleusercontent.com",
          "client_type": 3
        }
      ],
      "api_key": [
        {
          "current_key": "AIzaSyDPDIx83oKTlsoL0Xv8EVHNmaZb0D-RJAI"
        }
      ],
      "services": {
        "appinvite_service": {
          "other_platform_oauth_client": [
            {
              "client_id": "437952320178-00n1g6uiutjrupur68e02e7pm4q37o45.apps.googleusercontent.com",
              "client_type": 3
            },
            {
              "client_id": "437952320178-ka8tgkcvgd30tdolog2tu3o36e2tbst6.apps.googleusercontent.com",
              "client_type": 2,
              "ios_info": {
                "bundle_id": "co.uk.aviva.myaviva"
              }
            }
          ]
        }
      }
    }
  ],
  "configuration_version": "1"
}
