{
  "$schema": "http://json-schema.org/schema",
  "id": "sn-lib-component",
  "type": "object",
  "properties": {
    "name": {
      "type": "string",
      "description": "The name of the component.",
      "$default": {
        "$source": "argv",
        "index": 0
      },
      "x-prompt": "¿Que nombre quiere para su componente?"
    },
    "type": {
      "type": "string",
      "default": "atoms",
      "x-prompt": {
        "message": "¿Que tipo de componente quieres?",
        "type": "list",
        "items": [{
            "value": "atoms",
            "label": "ATOM"
          },
          {
            "value": "molecules",
            "label": "MOLECULE"
          }
        ]
      }
    },
    "pathLibs": {
      "type": "string",
      "format": "path"
    },
    "path": {
      "type": "string",
      "format": "path"
    },
    "project": {
      "type": "string",
      "description": "The name of the project.",
      "$default": {
        "$source": "projectName"
      }
    },
    "inlineStyle": {
      "description": "When true, includes styles inline in the component.ts file. Only CSS styles can be included inline. By default, an external styles file is created and referenced in the component.ts file.",
      "type": "boolean",
      "default": false,
      "alias": "s"
    },
    "inlineTemplate": {
      "description": "When true, includes template inline in the component.ts file. By default, an external template file is created and referenced in the component.ts file.",
      "type": "boolean",
      "default": false,
      "alias": "t"
    },
    "viewEncapsulation": {
      "description": "The view encapsulation strategy to use in the new component.",
      "enum": ["Emulated", "Native", "None", "ShadowDom"],
      "type": "string",
      "alias": "v"
    },
    "changeDetection": {
      "description": "The change detection strategy to use in the new component.",
      "enum": ["Default", "OnPush"],
      "type": "string",
      "default": "Default",
      "alias": "c"
    },
    "prefix": {
      "type": "string",
      "description": "The prefix to apply to the generated component selector.",
      "alias": "p",
      "oneOf": [
        {
          "maxLength": 0
        },
        {
          "minLength": 1,
          "format": "html-selector"
        }
      ]
    },
    "styleext": {
      "description": "The file extension to use for style files.",
      "type": "string",
      "default": "css",
      "x-deprecated": "Use \"style\" instead."
    },
    "style": {
      "description": "The file extension or preprocessor to use for style files.",
      "type": "string",
      "default": "css",
      "enum": [
        "css",
        "scss",
        "sass",
        "less",
        "styl"
      ]
    },
    "spec": {
      "type": "boolean",
      "description": "When true (the default), generates a  \"spec.ts\" test file for the new component.",
      "default": true,
      "x-deprecated": "Use \"skipTests\" instead."
    },
    "skipTests": {
      "type": "boolean",
      "description": "When true, does not create \"spec.ts\" test files for the new component.",
      "default": false
    },
    "flat": {
      "type": "boolean",
      "description": "When true, creates the new files at the top level of the current project.",
      "default": false
    },
    "skipImport": {
      "type": "boolean",
      "description": "When true, does not import this component into the owning NgModule.",
      "default": true
    },
    "selector": {
      "type": "string",
      "format": "html-selector",
      "description": "The HTML selector to use for this component."
    },
    "module":  {
      "type": "string",
      "description": "The declaring NgModule.",
      "alias": "m"
    },
    "export": {
      "type": "boolean",
      "default": true,
      "description": "When true, the declaring NgModule exports this component."
    },
    "entryComponent": {
      "type": "boolean",
      "default": false,
      "description": "When true, the new component is the entry component of the declaring NgModule."
    },
    "lintFix": {
      "type": "boolean",
      "default": false,
      "description": "When true, applies lint fixes after generating the component."
    }
  }
}
