{
	"$schema": "http://json-schema.org/schema",
	"id": "sn-operation-service",
	"type": "object",
	"properties": {
		"name": {
			"type": "string",
      "description": "Operation name",
      "x-prompt": "¿Que nombre quiere para su servicio?",
			"$default": {
				"$source": "argv",
				"index": 0
			}
    },
    "directory": {
      "description": "The directory of the new service.",
      "type": "string",
      "x-prompt": "¿En que operativa quiere crear el servicio?"
    }
	},
	"required": ["name"]
}
