{
	"id": 0,
	"name": "@santander/flame-component-library",
	"kind": 0,
	"flags": {},
	"children": [
		{
			"id": 1,
			"name": "\"themes.token\"",
			"kind": 1,
			"kindString": "External module",
			"flags": {
				"isExported": true
			},
			"originalName": "/Users/mlmv/Workspace/SANTANDER/flame-santander/flame-workspace/libs/flame-component-library/src/lib/atoms/theme/constants/themes.token.ts",
			"children": [
				{
					"id": 2,
					"name": "THEMES",
					"kind": 32,
					"kindString": "Variable",
					"flags": {
						"isExported": true,
						"isConst": true
					},
					"sources": [
						{
							"fileName": "themes.token.ts",
							"line": 3,
							"character": 19
						}
					],
					"type": {
						"type": "reference",
						"name": "InjectionToken",
						"typeArguments": [
							{
								"type": "intrinsic",
								"name": "Object"
							}
						]
					},
					"defaultValue": " new InjectionToken('THEMES')"
				}
			],
			"groups": [
				{
					"title": "Variables",
					"kind": 32,
					"children": [2]
				}
			],
			"sources": [
				{
					"fileName": "themes.token.ts",
					"line": 1,
					"character": 0
				}
			]
		}
	],
	"groups": [
		{
			"title": "External modules",
			"kind": 1,
			"children": [1]
		}
	]
}
