{
  "errors": [
    {
      "status": 409,
      "code": 14,
      "detail": "Customer missing the title",
      "source": "portland.regular-esaver.post-application"
    },
    {
      "status": 409,
      "code": 15,
      "detail": "Customer missing the staff id",
      "source": "portland.regular-esaver.post-application"
    },
    {
      "status": 409,
      "code": 16,
      "detail": "Customer missing the gender",
      "source": "portland.regular-esaver.post-application"
    },
    {
      "status": 409,
      "code": 17,
      "detail": "Customer missing the first name",
      "source": "portland.regular-esaver.post-application"
    }
  ]
}