[
  {
    "number": "413098",
    "bank": "Afirme",
    "desc": "VISA ELECTRON"
  },
  {
    "number": "58877258",
    "bank": "Afirme",
    "desc": "TARJETA DE AHORRO INVERSION"
  },
  {
    "number": "402766",
    "bank": "Azteca",
    "desc": "AZTECA VISA ELECTRON"
  },
  {
    "number": "421364",
    "bank": "Azteca",
    "desc": "CREDIMAX CLASICA VISA INTERNACIONAL"
  },
  {
    "number": "643200",
    "bank": "Azteca",
    "desc": "CREDIMAX"
  },
  {
    "number": "643201",
    "bank": "Azteca",
    "desc": "CREDIMAX"
  },
  {
    "number": "643202",
    "bank": "Azteca",
    "desc": "CREDIMAX"
  },
  {
    "number": "643203",
    "bank": "Azteca",
    "desc": "CREDIMAX"
  },
  {
    "number": "643204",
    "bank": "Azteca",
    "desc": "CREDIMAX"
  },
  {
    "number": "643205",
    "bank": "Azteca",
    "desc": "CREDIMAX"
  },
  {
    "number": "643206",
    "bank": "Azteca",
    "desc": "CREDIMAX"
  },
  {
    "number": "643207",
    "bank": "Azteca",
    "desc": "CREDIMAX"
  },
  {
    "number": "643208",
    "bank": "Azteca",
    "desc": "CREDIMAX"
  },
  {
    "number": "643209",
    "bank": "Azteca",
    "desc": "CREDIMAX"
  },
  {
    "number": "643212",
    "bank": "Azteca",
    "desc": "CREDIMAX"
  },
  {
    "number": "643260",
    "bank": "Azteca",
    "desc": "CREDIMAX"
  },
  {
    "number": "643270",
    "bank": "Azteca",
    "desc": "CREDIMAX"
  },
  {
    "number": "643280",
    "bank": "Azteca",
    "desc": "CREDIMAX"
  },
  {
    "number": "643281",
    "bank": "Azteca",
    "desc": "CREDIMAX"
  },
  {
    "number": "421003",
    "bank": "Bajío",
    "desc": "BAJIO ELECTRON"
  },
  {
    "number": "426188",
    "bank": "Bajío",
    "desc": "REMESAS ESPANA"
  },
  {
    "number": "512280",
    "bank": "Bajío",
    "desc": "MASTERCARD DEBIT BAJIO"
  },
  {
    "number": "58877125",
    "bank": "Bajío",
    "desc": "TARJETA DE DEBITO T-GLOBAL (MARCA RPIVADA)"
  },
  {
    "number": "58877225",
    "bank": "Bajío",
    "desc": "TARJETA DE AHORRO INVERSION"
  },
  {
    "number": "854873",
    "bank": "Banamex",
    "desc": "D PAGO"
  },
  {
    "number": "525678",
    "bank": "Banamex",
    "desc": "PERFIL EJECUTIVO"
  },
  {
    "number": "554492",
    "bank": "Banamex",
    "desc": "CUENTA UNO"
  },
  {
    "number": "403703",
    "bank": "Banamex",
    "desc": "BANAMEX TARJETA OMNILIFE"
  },
  {
    "number": "405930",
    "bank": "Banamex",
    "desc": "BANAMEX CUENTA PERFILES"
  },
  {
    "number": "429522",
    "bank": "Banamex",
    "desc": "BANAMEX ( DEBITO MARCA PROPIA )"
  },
  {
    "number": "433113",
    "bank": "Banamex",
    "desc": "VISA CASH"
  },
  {
    "number": "441545",
    "bank": "Banamex",
    "desc": "CUENTA MAESTRA CLASICA INTERNACIONAL"
  },
  {
    "number": "441549",
    "bank": "Banamex",
    "desc": "CUENTA MAESTRA ORO INTERNACIONAL"
  },
  {
    "number": "449187",
    "bank": "Banamex",
    "desc": "CONFIA ELECTRON KIDS"
  },
  {
    "number": "449700",
    "bank": "Banamex",
    "desc": "CITICARD DEBITO INTERNACIONAL"
  },
  {
    "number": "449702",
    "bank": "Banamex",
    "desc": "CITICARD GOLD DEBITO"
  },
  {
    "number": "451331",
    "bank": "Banamex",
    "desc": "CONFIA ELECTRON AHORRO JUVENIL"
  },
  {
    "number": "451332",
    "bank": "Banamex",
    "desc": "CONFIA ELECTRON AHORRO CRECIENTE"
  },
  {
    "number": "451333",
    "bank": "Banamex",
    "desc": "CONFIA ELECTRON AHORRO NOMINA"
  },
  {
    "number": "451334",
    "bank": "Banamex",
    "desc": "CONFIA ELECTRON NOCHE & DIA"
  },
  {
    "number": "451335",
    "bank": "Banamex",
    "desc": "CONFIA ELECTRON CUENTA MAESTRA"
  },
  {
    "number": "504536",
    "bank": "Banamex",
    "desc": "CREDENCIAL INTELIGENTE"
  },
  {
    "number": "504563",
    "bank": "Banamex",
    "desc": "BANAMEX MAESTRO / INVERNOMINA AFINIDAD"
  },
  {
    "number": "508112",
    "bank": "Banamex",
    "desc": "CITICARD (CIRRUS)"
  },
  {
    "number": "517712",
    "bank": "Banamex",
    "desc": "PAGOMATICO INTERNACIONAL"
  },
  {
    "number": "517721",
    "bank": "Banamex",
    "desc": "DÉBITO INTERNACIONAL"
  },
  {
    "number": "517771",
    "bank": "Banamex",
    "desc": "INVERMATICO ESTADOS INTERNACIONAL"
  },
  {
    "number": "517795",
    "bank": "Banamex",
    "desc": "INVERMÁTICO INTERNACIONAL"
  },
  {
    "number": "520416",
    "bank": "Banamex",
    "desc": "ACCESO TRADICIONAL"
  },
  {
    "number": "520694",
    "bank": "Banamex",
    "desc": "BANAMEX CUENTA MAESTRA DORADA INTERNACIONAL"
  },
  {
    "number": "520698",
    "bank": "Banamex",
    "desc": "BANAMEX CUENTA MAESTRA INTERNACIONAL"
  },
  {
    "number": "524711",
    "bank": "Banamex",
    "desc": "BANAMEX PERFIL UNIVERSITARIO"
  },
  {
    "number": "529028",
    "bank": "Banamex",
    "desc": "BANAMEX PREMIA MASTER CARD"
  },
  {
    "number": "529093",
    "bank": "Banamex",
    "desc": "BANAMEX CUENTA MAESTRA NACIONAL"
  },
  {
    "number": "554627",
    "bank": "Banamex",
    "desc": "BANAMEX D SORPRESA"
  },
  {
    "number": "554628",
    "bank": "Banamex",
    "desc": "BANAMEX DE ACCESO"
  },
  {
    "number": "558426",
    "bank": "Banamex",
    "desc": "TARJETA DE DÉBITO EMPRESARIAL"
  },
  {
    "number": "854809",
    "bank": "Banamex",
    "desc": "BANAMEX PAGOMATICO"
  },
  {
    "number": "854816",
    "bank": "Banamex",
    "desc": "AHORRO PURO BANAMEX"
  },
  {
    "number": "854819",
    "bank": "Banamex",
    "desc": "BANAMEX CUENTA BASICA"
  },
  {
    "number": "854858",
    "bank": "Banamex",
    "desc": "BANAMEX DEBITO AFINIDAD NACIONAL"
  },
  {
    "number": "854859",
    "bank": "Banamex",
    "desc": "BANAMEX"
  },
  {
    "number": "854897",
    "bank": "Banamex",
    "desc": "BANAMEX INVERMATICO"
  },
  {
    "number": "881021",
    "bank": "Banamex",
    "desc": "BANAMEX TARJETA TRICOLOR"
  },
  {
    "number": "58877204",
    "bank": "Banamex",
    "desc": "TARJETA AHORRO INVERSION CONFIA-CITIBANK"
  },
  {
    "number": "58877204",
    "bank": "Banamex",
    "desc": "TARJETA AHORRO INVERSION CONFIA-CITIBANK"
  },
  {
    "number": "400820",
    "bank": "Banco Ahorro Famsa",
    "desc": "DEBITO BANCO AHORRO FAMSA"
  },
  {
    "number": "460766",
    "bank": "Banco Autofin",
    "desc": "MI TARJETA"
  },
  {
    "number": "426808",
    "bank": "Banco Multiva",
    "desc": "MULTIVA DEBITO"
  },
  {
    "number": "530113",
    "bank": "Banco Wal Mart",
    "desc": "PREPAGO INTERNACIONAL"
  },
  {
    "number": "444888",
    "bank": "Banco Wal Mart",
    "desc": "DEBITO INTERNACIONAL AHORRO"
  },
  {
    "number": "444889",
    "bank": "Banco Wal Mart",
    "desc": "PREPAGO INTERNACIONAL"
  },
  {
    "number": "539975",
    "bank": "Banco Wal Mart",
    "desc": "DEBITO INTERNACIONAL AHORRO"
  },
  {
    "number": "491344",
    "bank": "Banjercito",
    "desc": "ELECTRON"
  },
  {
    "number": "426588",
    "bank": "Banorte",
    "desc": "GOLD VISA DEBIT BANCRECER"
  },
  {
    "number": "433114",
    "bank": "Banorte",
    "desc": "VISA CASH"
  },
  {
    "number": "451311",
    "bank": "Banorte",
    "desc": "BANCEN TARJETA CONCENTRA INTERNACIONAL"
  },
  {
    "number": "491340",
    "bank": "Banorte",
    "desc": "BANORTE-BANPAIS DEBITO VISA INTERNACIONAL"
  },
  {
    "number": "491566",
    "bank": "Banorte",
    "desc": "BANORTE ELECTRON"
  },
  {
    "number": "491567",
    "bank": "Banorte",
    "desc": "BANORTE ELECTRON"
  },
  {
    "number": "58877216",
    "bank": "Banorte",
    "desc": "TARJETA DE AHORRO INVERSION"
  },
  {
    "number": "476588",
    "bank": "Banorte",
    "desc": "GOLD VISA DEBIT"
  },
  {
    "number": "491580",
    "bank": "Banorte",
    "desc": "BANCRECER ELECTRON"
  },
  {
    "number": "433125",
    "bank": "Banorte",
    "desc": "VISA CASH"
  },
  {
    "number": "491365",
    "bank": "Banorte",
    "desc": "BANCRECER VISA ELECTRON INTERNACIONAL"
  },
  {
    "number": "526424",
    "bank": "Banorte",
    "desc": "MUJER BANORTE"
  },
  {
    "number": "491580",
    "bank": "Banorte",
    "desc": "VISA for unembossed debit use"
  },
  {
    "number": "474174",
    "bank": "Banregio",
    "desc": "BANREGIO VISA ELECTRON"
  },
  {
    "number": "438099",
    "bank": "Bansefi",
    "desc": "VISA ELECTRON"
  },
  {
    "number": "639484",
    "bank": "Bansefi",
    "desc": "VALE ELECTRONICO CANASTE GARANTIZADA UNIVERSAL"
  },
  {
    "number": "435769",
    "bank": "Bansi",
    "desc": "VISA ELECTRON"
  },
  {
    "number": "407304",
    "bank": "BBVA Bancomer",
    "desc": "VISA CAHS"
  },
  {
    "number": "409851",
    "bank": "BBVA Bancomer",
    "desc": "TARJETA JOVENES"
  },
  {
    "number": "410177",
    "bank": "BBVA Bancomer",
    "desc": "BANCOMER DEBITO DOLARES"
  },
  {
    "number": "415231",
    "bank": "BBVA Bancomer",
    "desc": "BILBAO VIZCAYA ELECTRON (CHEQUES/AHORRO)"
  },
  {
    "number": "451712",
    "bank": "BBVA Bancomer",
    "desc": "PROMEX ELECTRON"
  },
  {
    "number": "455511",
    "bank": "BBVA Bancomer",
    "desc": "TARJETA DEBITO EMPRESARIAL"
  },
  {
    "number": "455533",
    "bank": "BBVA Bancomer",
    "desc": "BANCOMER PRACTICA"
  },
  {
    "number": "455537",
    "bank": "BBVA Bancomer",
    "desc": "BANCOMER PRACTICA"
  },
  {
    "number": "455549",
    "bank": "BBVA Bancomer",
    "desc": "BANCOMER CLASICA DEBITO DOLARES"
  },
  {
    "number": "494399",
    "bank": "BBVA Bancomer",
    "desc": "PROMEX ELECTRON"
  },
  {
    "number": "441312",
    "bank": "BBVA Bancomer",
    "desc": "VISA DEBITO ELECTRON INTERNACIONAL"
  },
  {
    "number": "441313",
    "bank": "BBVA Bancomer",
    "desc": "VISA DEBITO ELECTRON INTERNACIONAL"
  },
  {
    "number": "409852",
    "bank": "BBVA Bancomer",
    "desc": "TARJETA REGALOS"
  },
  {
    "number": "589751",
    "bank": "BBVA Bancomer",
    "desc": "BILBAO VIZCAYA MAESTRO"
  },
  {
    "number": "446115",
    "bank": "BBVA Bancomer",
    "desc": "TARJETA VALES"
  },
  {
    "number": "446116",
    "bank": "BBVA Bancomer",
    "desc": "TARJETA PPI"
  },
  {
    "number": "603778",
    "bank": "GE CAPITAL",
    "desc": "GE CAPITAL BANK"
  },
  {
    "number": "2185",
    "bank": "HSBC",
    "desc": "HSBC MEXICO, S.A. DEBITO MARCA PRIVADA"
  },
  {
    "number": "203100",
    "bank": "HSBC",
    "desc": "DEBITO SODEXNO"
  },
  {
    "number": "203101",
    "bank": "HSBC",
    "desc": "DEBITO SODEXNO"
  },
  {
    "number": "421316",
    "bank": "HSBC",
    "desc": "HSBC DEBITO CLASICA"
  },
  {
    "number": "430967",
    "bank": "HSBC",
    "desc": "HSBC MEXICO, S.A. ELECTRON VIDEOCUENTA"
  },
  {
    "number": "450589",
    "bank": "HSBC",
    "desc": "MONEY TRANSFER"
  },
  {
    "number": "474176",
    "bank": "HSBC",
    "desc": "VISA ELECTRON"
  },
  {
    "number": "491089",
    "bank": "HSBC",
    "desc": "HSBC MEXICO, S.A. ELECTRON"
  },
  {
    "number": "20202221",
    "bank": "HSBC",
    "desc": "TARJETA PRESTAMOS ABCD"
  },
  {
    "number": "58877120",
    "bank": "HSBC",
    "desc": "TARJETA ELECTRONICA DE REMESAS"
  },
  {
    "number": "465828",
    "bank": "Inbursa",
    "desc": "VISA ELECTRON DEBIT PLUS INT"
  },
  {
    "number": "465829",
    "bank": "Inbursa",
    "desc": "VISA CLASSIC DEBIT PLUS INT"
  },
  {
    "number": "526498",
    "bank": "Inbursa",
    "desc": "MASTER CARD"
  },
  {
    "number": "545094",
    "bank": "Interacciones",
    "desc": "INTERAC DEBITO MASTER CARD INTERNACIONAL"
  },
  {
    "number": "524847",
    "bank": "Interacciones",
    "desc": "TARJETA HOMBRO CON HOMBRO INTERACCIONES"
  },
  {
    "number": "492143",
    "bank": "INVEX",
    "desc": "DEBITO INVEX SPIRA"
  },
  {
    "number": "444464",
    "bank": "INVEX",
    "desc": "AHORRO CLUBCARD INVEX"
  },
  {
    "number": "546023",
    "bank": "INVEX",
    "desc": "AHORRO CLUBCARD INVEX"
  },
  {
    "number": "425983",
    "bank": "Ixe",
    "desc": "IXE VISA DEBITO CLASICA INTERNACIONAL"
  },
  {
    "number": "425984",
    "bank": "Ixe",
    "desc": "IXE VISA DEBITO ORO INTERNACIONAL"
  },
  {
    "number": "433454",
    "bank": "Ixe",
    "desc": "IXE VISA DEBITO ELECTRON"
  },
  {
    "number": "446878",
    "bank": "Mifel",
    "desc": "VISA ELECTRON"
  },
  {
    "number": "433194",
    "bank": "Santander Serfin",
    "desc": "VISA CAHS"
  },
  {
    "number": "557905",
    "bank": "Santander Serfin",
    "desc": "CHEQUE ELECTRONICO DÉBITO"
  },
  {
    "number": "557906",
    "bank": "Santander Serfin",
    "desc": "CHEQUE ELECTRONICO DEBITO"
  },
  {
    "number": "557907",
    "bank": "Santander Serfin",
    "desc": "CHEQUE ELECTRÓNICO DÉBITO"
  },
  {
    "number": "557908",
    "bank": "Santander Serfin",
    "desc": "CHEQUE ELECTRONICO DEBITO"
  },
  {
    "number": "557909",
    "bank": "Santander Serfin",
    "desc": "CHEQUE ELECTRONICO DÉBITO"
  },
  {
    "number": "557910",
    "bank": "Santander Serfin",
    "desc": "CHEQUE ELECTRONICO DÉBITO"
  },
  {
    "number": "589617",
    "bank": "Santander Serfin",
    "desc": "SERFIN MAESTRO"
  },
  {
    "number": "433126",
    "bank": "Santander Serfin",
    "desc": "VISA CASH"
  },
  {
    "number": "451312",
    "bank": "Santander Serfin",
    "desc": "MEXICANO ELECTRON"
  },
  {
    "number": "58877130",
    "bank": "Santander Serfin",
    "desc": "MONEDERO INTELIGENTE SANTANDER-SERFIN (PROTON)"
  },
  {
    "number": "405689",
    "bank": "Santander Serfin",
    "desc": "DEBITO ELECTRON SERFIN SAFE SEND"
  },
  {
    "number": "557920",
    "bank": "Scotiabank Inverlat",
    "desc": "SCOTIACARD DEBITO INTERNACIONAL"
  },
  {
    "number": "557921",
    "bank": "Scotiabank Inverlat",
    "desc": "INVERJOVEN E INVERDIVERTIDA"
  },
  {
    "number": "557922",
    "bank": "Scotiabank Inverlat",
    "desc": "DEBITO SCOTIABANK MASTERCARD"
  },
  {
    "number": "557923",
    "bank": "Scotiabank Inverlat",
    "desc": "AFINIDAD GNP"
  },
  {
    "number": "557924",
    "bank": "Scotiabank Inverlat",
    "desc": "TERJETA PREPAGO"
  },
  {
    "number": "601999",
    "bank": "Scotiabank Inverlat",
    "desc": "INVERLAT MAESTRO (CHEQUES)"
  },
  {
    "number": "627636",
    "bank": "Scotiabank Inverlat",
    "desc": "PROVALE ELECTRONICO"
  },
  {
    "number": "58877202",
    "bank": "Scotiabank Inverlat",
    "desc": "TARJETA AHORRO INVERSIÓN"
  },
  {
    "number": "58877265",
    "bank": "Scotiabank Inverlat",
    "desc": "PROVALE ELECTRONICO"
  },
  {
    "number": "58877266",
    "bank": "Scotiabank Inverlat",
    "desc": "VALE COMERCIAL MEXICANA (CUPOMER)"
  },
  {
    "number": "58877267",
    "bank": "Scotiabank Inverlat",
    "desc": "PROVALE ELECTRONICO"
  },
  {
    "number": "58877268",
    "bank": "Scotiabank Inverlat",
    "desc": "PROVALE ELECTRONICO"
  },
  {
    "number": "58877271",
    "bank": "Scotiabank Inverlat",
    "desc": "PROVALE ELECTRONICO TIENDAS ISSSTE"
  },
  {
    "number": "58877272",
    "bank": "Scotiabank Inverlat",
    "desc": "PROVALE ELECTRONICO"
  },
  {
    "number": "58877276",
    "bank": "Scotiabank Inverlat",
    "desc": "PONICARD"
  },
  {
    "number": "60368101",
    "bank": "Scotiabank Inverlat",
    "desc": "VALE ELECTRONICO ACCOR"
  },
  {
    "number": "60368102",
    "bank": "Scotiabank Inverlat",
    "desc": "VALE ELECTRONICO ACCOR"
  },
  {
    "number": "60368103",
    "bank": "Scotiabank Inverlat",
    "desc": "VALE ELECTRONICO ACCOR"
  },
  {
    "number": "62731811",
    "bank": "Scotiabank Inverlat",
    "desc": "PROVALE ELECTRONICO"
  },
  {
    "number": "62753500",
    "bank": "Scotiabank Inverlat",
    "desc": "PROVALE ELECTRONICO"
  },
  {
    "number": "627467",
    "bank": "Scotiabank Inverlat",
    "desc": "SCOTIALINE"
  },
  {
    "number": "62763600",
    "bank": "Scotiabank Inverlat",
    "desc": "TRANSFERENCIAS SI VALE"
  },
  {
    "number": "400819",
    "bank": "BANCOPPEL",
    "desc": "BANCOPPEL EFECTIVO"
  },
  {
    "number": "402299",
    "bank": "BANCO FACIL",
    "desc": "DEBITO INTERNACIONAL"
  },
  {
    "number": "553396",
    "bank": "Wild Card",
    "desc": "DÉBITO INTERNACIONAL ESPECIAL WILD CARD"
  },
  {
    "number" : "423646",
    "bank":	"AFIRME"
  },
  {
    "number" : "448790",
    "bank":	"AFIRME"
  },
  {
    "number" : "512029",
    "bank":	"AFIRME"
  },
  {
    "number" : "512048",
    "bank":	"AFIRME"
  },
  {
    "number" : "539672",
    "bank":	"AFIRME"
  },
  {
    "number" : "34",
    "bank":	"AMERICAN EXPRESS"
  },
  {
    "number" : "37",
    "bank":	"AMERICAN EXPRESS"
  },
  {
    "number" : "477831",
    "bank":	"AZTECA"
  },
  {
    "number" : "476202",
    "bank":	"AZTECA"
  },
  {
    "number" : "476203",
    "bank":	"AZTECA"
  },
  {
    "number" : "476204",
    "bank":	"AZTECA"
  },
  {
    "number" : "420199",
    "bank":	"BAJIO"
  },
  {
    "number" : "687283",
    "bank":	"BAJIO"
  },
  {
    "number" : "20202226",
    "bank":	"BAJIO"
  },
  {
    "number" : "203030",
    "bank":	"BAJIO"
  },
  {
    "number" : "491389",
    "bank":	"BAJIO"
  },
  {
    "number" : "491391",
    "bank":	"BAJIO"
  },
  {
    "number" : "547732",
    "bank":	"BAJIO"
  },
  {
    "number" : "522130",
    "bank":	"BANAMEX"
  },
  {
    "number" : "403707",
    "bank":	"BANAMEX"
  },
  {
    "number" : "410852",
    "bank":	"BANAMEX"
  },
  {
    "number" : "420713",
    "bank":	"BANAMEX"
  },
  {
    "number" : "428211",
    "bank":	"BANAMEX"
  },
  {
    "number" : "430902",
    "bank":	"BANAMEX"
  },
  {
    "number" : "435741",
    "bank":	"BANAMEX"
  },
  {
    "number" : "439120",
    "bank":	"BANAMEX"
  },
  {
    "number" : "441541",
    "bank":	"BANAMEX"
  },
  {
    "number" : "454057",
    "bank":	"BANAMEX"
  },
  {
    "number" : "454069",
    "bank":	"BANAMEX"
  },
  {
    "number" : "454492",
    "bank":	"BANAMEX"
  },
  {
    "number" : "455255",
    "bank":	"BANAMEX"
  },
  {
    "number" : "467473",
    "bank":	"BANAMEX"
  },
  {
    "number" : "479461",
    "bank":	"BANAMEX"
  },
  {
    "number" : "485942",
    "bank":	"BANAMEX"
  },
  {
    "number" : "485943",
    "bank":	"BANAMEX"
  },
  {
    "number" : "490176",
    "bank":	"BANAMEX"
  },
  {
    "number" : "490178",
    "bank":	"BANAMEX"
  },
  {
    "number" : "491501",
    "bank":	"BANAMEX"
  },
  {
    "number" : "491502",
    "bank":	"BANAMEX"
  },
  {
    "number" : "493164",
    "bank":	"BANAMEX"
  },
  {
    "number" : "493165",
    "bank":	"BANAMEX"
  },
  {
    "number" : "494388",
    "bank":	"BANAMEX"
  },
  {
    "number" : "498460",
    "bank":	"BANAMEX"
  },
  {
    "number" : "517747",
    "bank":	"BANAMEX"
  },
  {
    "number" : "518853",
    "bank":	"BANAMEX"
  },
  {
    "number" : "518004",
    "bank":	"BANAMEX"
  },
  {
    "number" : "518174",
    "bank":	"BANAMEX"
  },
  {
    "number" : "518899",
    "bank":	"BANAMEX"
  },
  {
    "number" : "520213",
    "bank":	"BANAMEX"
  },
  {
    "number" : "520608",
    "bank":	"BANAMEX"
  },
  {
    "number" : "525424",
    "bank":	"BANAMEX"
  },
  {
    "number" : "528804",
    "bank":	"BANAMEX"
  },
  {
    "number" : "528805",
    "bank":	"BANAMEX"
  },
  {
    "number" : "528843",
    "bank":	"BANAMEX"
  },
  {
    "number" : "528851",
    "bank":	"BANAMEX"
  },
  {
    "number" : "528875",
    "bank":	"BANAMEX"
  },
  {
    "number" : "528877",
    "bank":	"BANAMEX"
  },
  {
    "number" : "529001",
    "bank":	"BANAMEX"
  },
  {
    "number" : "529088",
    "bank":	"BANAMEX"
  },
  {
    "number" : "529091",
    "bank":	"BANAMEX"
  },
  {
    "number" : "540533",
    "bank":	"BANAMEX"
  },
  {
    "number" : "542537",
    "bank":	"BANAMEX"
  },
  {
    "number" : "544672",
    "bank":	"BANAMEX"
  },
  {
    "number" : "545039",
    "bank":	"BANAMEX"
  },
  {
    "number" : "547075",
    "bank":	"BANAMEX"
  },
  {
    "number" : "547093",
    "bank":	"BANAMEX"
  },
  {
    "number" : "547112",
    "bank":	"BANAMEX"
  },
  {
    "number" : "547370",
    "bank":	"BANAMEX"
  },
  {
    "number" : "547380",
    "bank":	"BANAMEX"
  },
  {
    "number" : "547514",
    "bank":	"BANAMEX"
  },
  {
    "number" : "548234",
    "bank":	"BANAMEX"
  },
  {
    "number" : "549138",
    "bank":	"BANAMEX"
  },
  {
    "number" : "558784",
    "bank":	"BANAMEX"
  },
  {
    "number" : "405306",
    "bank":	"BANAMEX"
  },
  {
    "number" : "407458",
    "bank":	"BANAMEX"
  },
  {
    "number" : "407559",
    "bank":	"BANAMEX"
  },
  {
    "number" : "480790",
    "bank":	"BANAMEX"
  },
  {
    "number" : "491271",
    "bank":	"BANAMEX"
  },
  {
    "number" : "491272",
    "bank":	"BANAMEX"
  },
  {
    "number" : "512795",
    "bank":	"BANAMEX"
  },
  {
    "number" : "530056",
    "bank":	"BANAMEX"
  },
  {
    "number" : "530756",
    "bank":	"BANAMEX"
  },
  {
    "number" : "559209",
    "bank":	"BANAMEX"
  },
  {
    "number" : "854899",
    "bank":	"BANAMEX"
  },
  {
    "number" : "479354",
    "bank":	"BANAMEX"
  },
  {
    "number" : "479355",
    "bank":	"BANAMEX"
  },
  {
    "number" : "493163",
    "bank":	"BANAMEX"
  },
  {
    "number" : "547084",
    "bank":	"BANAMEX"
  },
  {
    "number" : "547102",
    "bank":	"BANAMEX"
  },
  {
    "number" : "552526",
    "bank":	"BANAMEX"
  },
  {
    "number" : "554923",
    "bank":	"BANAMEX"
  },
  {
    "number" : "20202204",
    "bank":	"BANAMEX"
  },
  {
    "number" : "49381504",
    "bank":	"BANAMEX"
  },
  {
    "number" : "49381562",
    "bank":	"BANAMEX"
  },
  {
    "number" : "52050004",
    "bank":	"BANAMEX"
  },
  {
    "number" : "52050062",
    "bank":	"BANAMEX"
  },
  {
    "number" : "54005104",
    "bank":	"BANAMEX"
  },
  {
    "number" : "54005162",
    "bank":	"BANAMEX"
  },
  {
    "number" : "541221804",
    "bank":	"BANAMEX"
  },
  {
    "number" : "541221862",
    "bank":	"BANAMEX"
  },
  {
    "number" : "543221904",
    "bank":	"BANAMEX"
  },
  {
    "number" : "543221962",
    "bank":	"BANAMEX"
  },
  {
    "number" : "49381512",
    "bank":	"BANAMEX"
  },
  {
    "number" : "52050012",
    "bank":	"BANAMEX"
  },
  {
    "number" : "54005112",
    "bank":	"BANAMEX"
  },
  {
    "number" : "541221812",
    "bank":	"BANAMEX"
  },
  {
    "number" : "543221912",
    "bank":	"BANAMEX"
  },
  {
    "number" : "512709",
    "bank":	"BANAMEX"
  },
  {
    "number" : "512809",
    "bank":	"BANAMEX"
  },
  {
    "number" : "512823",
    "bank":	"BANAMEX"
  },
  {
    "number" : "526489",
    "bank":	"BANAMEX"
  },
  {
    "number" : "528866",
    "bank":	"BANAMEX"
  },
  {
    "number" : "400605",
    "bank":	"BANCO FACIL"
  },
  {
    "number" : "400550",
    "bank":	"BANCO FACIL"
  },
  {
    "number" : "437778",
    "bank":	"BANCO FACIL"
  },
  {
    "number" : "444887",
    "bank": "BANCO WAL MART"
  },
  {
    "number" : "520318",
    "bank": "BANCO WAL MART"
  },
  {
    "number" : "491343",
    "bank":	"BANJERCITO"
  },
  {
    "number" : "491346",
    "bank":	"BANJERCITO"
  },
  {
    "number" : "547080",
    "bank":	"BANJERCITO"
  },
  {
    "number" : "20202240",
    "bank":	"BANJERCITO"
  },
  {
    "number" : "54005157",
    "bank":	"BANJERCITO"
  },
  {
    "number" : "541221840",
    "bank":	"BANJERCITO"
  },
  {
    "number" : "451899",
    "bank":	"BANORTE"
  },
  {
    "number" : "493159",
    "bank":	"BANORTE"
  },
  {
    "number" : "493171",
    "bank":	"BANORTE"
  },
  {
    "number" : "499947",
    "bank":	"BANORTE"
  },
  {
    "number" : "544550",
    "bank":	"BANORTE"
  },
  {
    "number" : "20202207",
    "bank":	"BANORTE"
  },
  {
    "number" : "20202238",
    "bank":	"BANORTE"
  },
  {
    "number" : "49381507",
    "bank":	"BANORTE"
  },
  {
    "number" : "49381510",
    "bank":	"BANORTE"
  },
  {
    "number" : "49381516",
    "bank":	"BANORTE"
  },
  {
    "number" : "49381538",
    "bank":	"BANORTE"
  },
  {
    "number" : "52050007",
    "bank":	"BANORTE"
  },
  {
    "number" : "52050010",
    "bank":	"BANORTE"
  },
  {
    "number" : "54005107",
    "bank":	"BANORTE"
  },
  {
    "number" : "54005110",
    "bank":	"BANORTE"
  },
  {
    "number" : "54005116",
    "bank":	"BANORTE"
  },
  {
    "number" : "54005138",
    "bank":	"BANORTE"
  },
  {
    "number" : "521221807",
    "bank":	"BANORTE"
  },
  {
    "number" : "541221810",
    "bank":	"BANORTE"
  },
  {
    "number" : "541221838",
    "bank":	"BANORTE"
  },
  {
    "number" : "543221907",
    "bank":	"BANORTE"
  },
  {
    "number" : "543221910",
    "bank":	"BANORTE"
  },
  {
    "number" : "543221938",
    "bank":	"BANORTE"
  },
  {
    "number" : "20202216",
    "bank":	"BANORTE"
  },
  {
    "number" : "52050016",
    "bank":	"BANORTE"
  },
  {
    "number" : "58870316",
    "bank":	"BANORTE"
  },
  {
    "number" : "541221816",
    "bank":	"BANORTE"
  },
  {
    "number" : "543221916",
    "bank":	"BANORTE"
  },
  {
    "number" : "20202230",
    "bank":	"BANORTE"
  },
  {
    "number" : "20202260",
    "bank":	"BANORTE"
  },
  {
    "number" : "49381528",
    "bank":	"BANORTE"
  },
  {
    "number" : "49381530",
    "bank":	"BANORTE"
  },
  {
    "number" : "49381539",
    "bank":	"BANORTE"
  },
  {
    "number" : "49381560",
    "bank":	"BANORTE"
  },
  {
    "number" : "52050028",
    "bank":	"BANORTE"
  },
  {
    "number" : "52050030",
    "bank":	"BANORTE"
  },
  {
    "number" : "52050039",
    "bank":	"BANORTE"
  },
  {
    "number" : "52050060",
    "bank":	"BANORTE"
  },
  {
    "number" : "54005128",
    "bank":	"BANORTE"
  },
  {
    "number" : "54005130",
    "bank":	"BANORTE"
  },
  {
    "number" : "54005139",
    "bank":	"BANORTE"
  },
  {
    "number" : "54005160",
    "bank":	"BANORTE"
  },
  {
    "number" : "58870330",
    "bank":	"BANORTE"
  },
  {
    "number" : "58870360",
    "bank":	"BANORTE"
  },
  {
    "number" : "541221828",
    "bank":	"BANORTE"
  },
  {
    "number" : "541221830",
    "bank":	"BANORTE"
  },
  {
    "number" : "541221839",
    "bank":	"BANORTE"
  },
  {
    "number" : "541221860",
    "bank":	"BANORTE"
  },
  {
    "number" : "543221928",
    "bank":	"BANORTE"
  },
  {
    "number" : "543221930",
    "bank":	"BANORTE"
  },
  {
    "number" : "543221939",
    "bank":	"BANORTE"
  },
  {
    "number" : "543221960",
    "bank":	"BANORTE"
  },
  {
    "number" : "263800",
    "bank":	"BANORTE"
  },
  {
    "number" : "491341",
    "bank":	"BANORTE"
  },
  {
    "number" : "491366",
    "bank":	"BANORTE"
  },
  {
    "number" : "491369",
    "bank":	"BANORTE"
  },
  {
    "number" : "491371",
    "bank":	"BANORTE"
  },
  {
    "number" : "491375",
    "bank":	"BANORTE"
  },
  {
    "number" : "491376",
    "bank":	"BANORTE"
  },
  {
    "number" : "491586",
    "bank":	"BANORTE"
  },
  {
    "number" : "493157",
    "bank":	"BANORTE"
  },
  {
    "number" : "493158",
    "bank":	"BANORTE"
  },
  {
    "number" : "493172",
    "bank":	"BANORTE"
  },
  {
    "number" : "493173",
    "bank":	"BANORTE"
  },
  {
    "number" : "544548",
    "bank":	"BANORTE"
  },
  {
    "number" : "544549",
    "bank":	"BANORTE"
  },
  {
    "number" : "547050",
    "bank":	"BANORTE"
  },
  {
    "number" : "547078",
    "bank":	"BANORTE"
  },
  {
    "number" : "547079",
    "bank":	"BANORTE"
  },
  {
    "number" : "547096",
    "bank":	"BANORTE"
  },
  {
    "number" : "547097",
    "bank":	"BANORTE"
  },
  {
    "number" : "547088",
    "bank":	"BANORTE"
  },
  {
    "number" : "545293",
    "bank":	"BANORTE"
  },
  {
    "number" : "545294",
    "bank":	"BANORTE"
  },
  {
    "number" : "203020",
    "bank":	"BANORTE"
  },
  {
    "number" : "421016",
    "bank":	"BANORTE"
  },
  {
    "number" : "425959",
    "bank":	"BANORTE"
  },
  {
    "number" : "467508",
    "bank":	"BANORTE"
  },
  {
    "number" : "491584",
    "bank":	"BANORTE"
  },
  {
    "number" : "491585",
    "bank":	"BANORTE"
  },
  {
    "number" : "589741",
    "bank":	"BANORTE"
  },
  {
    "number" : "589888",
    "bank":	"BANORTE"
  },
  {
    "number" : "474175",
    "bank":	"BANREGIO"
  },
  {
    "number" : "410851",
    "bank":	"BBVA BANCOMER"
  },
  {
    "number" : "455548",
    "bank":	"BBVA BANCOMER"
  },
  {
    "number" : "547087",
    "bank":	"BBVA BANCOMER"
  },
  {
    "number" : "547565",
    "bank":	"BBVA BANCOMER"
  },
  {
    "number" : "49381509",
    "bank":	"BBVA BANCOMER"
  },
  {
    "number" : "49381570",
    "bank":	"BBVA BANCOMER"
  },
  {
    "number" : "52050009",
    "bank":	"BBVA BANCOMER"
  },
  {
    "number" : "52050070",
    "bank":	"BBVA BANCOMER"
  },
  {
    "number" : "54005109",
    "bank":	"BBVA BANCOMER"
  },
  {
    "number" : "54005170",
    "bank":	"BBVA BANCOMER"
  },
  {
    "number" : "521221809",
    "bank":	"BBVA BANCOMER"
  },
  {
    "number" : "541221870",
    "bank":	"BBVA BANCOMER"
  },
  {
    "number" : "543221909",
    "bank":	"BBVA BANCOMER"
  },
  {
    "number" : "543221970",
    "bank":	"BBVA BANCOMER"
  },
  {
    "number" : "410178",
    "bank":	"BBVA BANCOMER"
  },
  {
    "number" : "410179",
    "bank":	"BBVA BANCOMER"
  },
  {
    "number" : "410180",
    "bank":	"BBVA BANCOMER"
  },
  {
    "number" : "410181",
    "bank":	"BBVA BANCOMER"
  },
  {
    "number" : "441310",
    "bank":	"BBVA BANCOMER"
  },
  {
    "number" : "441311",
    "bank":	"BBVA BANCOMER"
  },
  {
    "number" : "441314",
    "bank":	"BBVA BANCOMER"
  },
  {
    "number" : "455500",
    "bank":	"BBVA BANCOMER"
  },
  {
    "number" : "455501",
    "bank":	"BBVA BANCOMER"
  },
  {
    "number" : "455502",
    "bank":	"BBVA BANCOMER"
  },
  {
    "number" : "455503",
    "bank":	"BBVA BANCOMER"
  },
  {
    "number" : "455504",
    "bank":	"BBVA BANCOMER"
  },
  {
    "number" : "455505",
    "bank":	"BBVA BANCOMER"
  },
  {
    "number" : "455506",
    "bank":	"BBVA BANCOMER"
  },
  {
    "number" : "455507",
    "bank":	"BBVA BANCOMER"
  },
  {
    "number" : "455509",
    "bank":	"BBVA BANCOMER"
  },
  {
    "number" : "455510",
    "bank":	"BBVA BANCOMER"
  },
  {
    "number" : "455513",
    "bank":	"BBVA BANCOMER"
  },
  {
    "number" : "455514",
    "bank":	"BBVA BANCOMER"
  },
  {
    "number" : "455515",
    "bank":	"BBVA BANCOMER"
  },
  {
    "number" : "455517",
    "bank":	"BBVA BANCOMER"
  },
  {
    "number" : "455518",
    "bank":	"BBVA BANCOMER"
  },
  {
    "number" : "455519",
    "bank":	"BBVA BANCOMER"
  },
  {
    "number" : "455525",
    "bank":	"BBVA BANCOMER"
  },
  {
    "number" : "455526",
    "bank":	"BBVA BANCOMER"
  },
  {
    "number" : "455527",
    "bank":	"BBVA BANCOMER"
  },
  {
    "number" : "455529",
    "bank":	"BBVA BANCOMER"
  },
  {
    "number" : "455540",
    "bank":	"BBVA BANCOMER"
  },
  {
    "number" : "455545",
    "bank":	"BBVA BANCOMER"
  },
  {
    "number" : "493160",
    "bank":	"BBVA BANCOMER"
  },
  {
    "number" : "493161",
    "bank":	"BBVA BANCOMER"
  },
  {
    "number" : "493162",
    "bank":	"BBVA BANCOMER"
  },
  {
    "number" : "494398",
    "bank":	"BBVA BANCOMER"
  },
  {
    "number" : "540267",
    "bank":	"BBVA BANCOMER"
  },
  {
    "number" : "542010",
    "bank":	"BBVA BANCOMER"
  },
  {
    "number" : "542977",
    "bank":	"BBVA BANCOMER"
  },
  {
    "number" : "544053",
    "bank":	"BBVA BANCOMER"
  },
  {
    "number" : "544551",
    "bank":	"BBVA BANCOMER"
  },
  {
    "number" : "544552",
    "bank":	"BBVA BANCOMER"
  },
  {
    "number" : "547077",
    "bank":	"BBVA BANCOMER"
  },
  {
    "number" : "547086",
    "bank":	"BBVA BANCOMER"
  },
  {
    "number" : "547095",
    "bank":	"BBVA BANCOMER"
  },
  {
    "number" : "547155",
    "bank":	"BBVA BANCOMER"
  },
  {
    "number" : "547156",
    "bank":	"BBVA BANCOMER"
  },
  {
    "number" : "547492",
    "bank":	"BBVA BANCOMER"
  },
  {
    "number" : "422582",
    "bank":	"CETELEM DE MEXICO"
  },
  {
    "number" : "400818",
    "bank":	"CETELEM DE MEXICO"
  },
  {
    "number" : "439185",
    "bank":	"CREDOMATIC DE MEXICO"
  },
  {
    "number" : "439186",
    "bank":	"CREDOMATIC DE MEXICO"
  },
  {
    "number" : "439187",
    "bank":	"CREDOMATIC DE MEXICO"
  },
  {
    "number" : "524385",
    "bank":	"CREDOMATIC DE MEXICO"
  },
  {
    "number" : "517844",
    "bank":	"CREDOMATIC DE MEXICO"
  },
  {
    "number" : "525797",
    "bank":	"CREDOMATIC DE MEXICO"
  },
  {
    "number" : "639161",
    "bank":	"FONACOT"
  },
  {
    "number" : "402514",
    "bank":	"GE CAPITAL"
  },
  {
    "number" : "407339",
    "bank":	"GE CAPITAL"
  },
  {
    "number" : "600973",
    "bank":	"GE CAPITAL"
  },
  {
    "number" : "421648",
    "bank":	"GE CAPITAL"
  },
  {
    "number" : "20202201",
    "bank":	"HSBC"
  },
  {
    "number" : "49381501",
    "bank":	"HSBC"
  },
  {
    "number" : "49381514",
    "bank":	"HSBC"
  },
  {
    "number" : "52050001",
    "bank":	"HSBC"
  },
  {
    "number" : "52050014",
    "bank":	"HSBC"
  },
  {
    "number" : "54005101",
    "bank":	"HSBC"
  },
  {
    "number" : "54005114",
    "bank":	"HSBC"
  },
  {
    "number" : "541221801",
    "bank":	"HSBC"
  },
  {
    "number" : "541221814",
    "bank":	"HSBC"
  },
  {
    "number" : "543221901",
    "bank":	"HSBC"
  },
  {
    "number" : "543221914",
    "bank":	"HSBC"
  },
  {
    "number" : "203102",
    "bank":	"HSBC"
  },
  {
    "number" : "203103",
    "bank":	"HSBC"
  },
  {
    "number" : "416502",
    "bank":	"HSBC"
  },
  {
    "number" : "426513",
    "bank":	"HSBC"
  },
  {
    "number" : "456880",
    "bank":	"HSBC"
  },
  {
    "number" : "491280",
    "bank":	"HSBC"
  },
  {
    "number" : "491281",
    "bank":	"HSBC"
  },
  {
    "number" : "491283",
    "bank":	"HSBC"
  },
  {
    "number" : "491284",
    "bank":	"HSBC"
  },
  {
    "number" : "491294",
    "bank":	"HSBC"
  },
  {
    "number" : "491295",
    "bank":	"HSBC"
  },
  {
    "number" : "491528",
    "bank":	"HSBC"
  },
  {
    "number" : "491529",
    "bank":	"HSBC"
  },
  {
    "number" : "491559",
    "bank":	"HSBC"
  },
  {
    "number" : "491560",
    "bank":	"HSBC"
  },
  {
    "number" : "493166",
    "bank":	"HSBC"
  },
  {
    "number" : "493170",
    "bank":	"HSBC"
  },
  {
    "number" : "540956",
    "bank":	"HSBC"
  },
  {
    "number" : "541278",
    "bank":	"HSBC"
  },
  {
    "number" : "541286",
    "bank":	"HSBC"
  },
  {
    "number" : "541290",
    "bank":	"HSBC"
  },
  {
    "number" : "543784",
    "bank":	"HSBC"
  },
  {
    "number" : "547068",
    "bank":	"HSBC"
  },
  {
    "number" : "547074",
    "bank":	"HSBC"
  },
  {
    "number" : "547092",
    "bank":	"HSBC"
  },
  {
    "number" : "547406",
    "bank":	"HSBC"
  },
  {
    "number" : "547489",
    "bank":	"HSBC"
  },
  {
    "number" : "20202203",
    "bank":	"HSBC"
  },
  {
    "number" : "49381503",
    "bank":	"HSBC"
  },
  {
    "number" : "52050003",
    "bank":	"HSBC"
  },
  {
    "number" : "54005103",
    "bank":	"HSBC"
  },
  {
    "number" : "58870303",
    "bank":	"HSBC"
  },
  {
    "number" : "491282",
    "bank":	"HSBC"
  },
  {
    "number" : "49381511",
    "bank":	"HSBC"
  },
  {
    "number" : "49381513",
    "bank":	"HSBC"
  },
  {
    "number" : "49381515",
    "bank":	"HSBC"
  },
  {
    "number" : "49381517",
    "bank":	"HSBC"
  },
  {
    "number" : "49381518",
    "bank":	"HSBC"
  },
  {
    "number" : "49381519",
    "bank":	"HSBC"
  },
  {
    "number" : "49381520",
    "bank":	"HSBC"
  },
  {
    "number" : "49381521",
    "bank":	"HSBC"
  },
  {
    "number" : "49381522",
    "bank":	"HSBC"
  },
  {
    "number" : "49381523",
    "bank":	"HSBC"
  },
  {
    "number" : "49381524",
    "bank":	"HSBC"
  },
  {
    "number" : "49381529",
    "bank":	"HSBC"
  },
  {
    "number" : "49381554",
    "bank":	"HSBC"
  },
  {
    "number" : "49381567",
    "bank":	"HSBC"
  },
  {
    "number" : "49381573",
    "bank":	"HSBC"
  },
  {
    "number" : "49381574",
    "bank":	"HSBC"
  },
  {
    "number" : "49381575",
    "bank":	"HSBC"
  },
  {
    "number" : "49381577",
    "bank":	"HSBC"
  },
  {
    "number" : "52050011",
    "bank":	"HSBC"
  },
  {
    "number" : "52050013",
    "bank":	"HSBC"
  },
  {
    "number" : "52050015",
    "bank":	"HSBC"
  },
  {
    "number" : "52050017",
    "bank":	"HSBC"
  },
  {
    "number" : "52050018",
    "bank":	"HSBC"
  },
  {
    "number" : "52050019",
    "bank":	"HSBC"
  },
  {
    "number" : "52050020",
    "bank":	"HSBC"
  },
  {
    "number" : "52050021",
    "bank":	"HSBC"
  },
  {
    "number" : "52050022",
    "bank":	"HSBC"
  },
  {
    "number" : "52050023",
    "bank":	"HSBC"
  },
  {
    "number" : "52050024",
    "bank":	"HSBC"
  },
  {
    "number" : "52050029",
    "bank":	"HSBC"
  },
  {
    "number" : "52050054",
    "bank":	"HSBC"
  },
  {
    "number" : "52050067",
    "bank":	"HSBC"
  },
  {
    "number" : "52050073",
    "bank":	"HSBC"
  },
  {
    "number" : "52050074",
    "bank":	"HSBC"
  },
  {
    "number" : "52050075",
    "bank":	"HSBC"
  },
  {
    "number" : "52050077",
    "bank":	"HSBC"
  },
  {
    "number" : "54005111",
    "bank":	"HSBC"
  },
  {
    "number" : "54005113",
    "bank":	"HSBC"
  },
  {
    "number" : "54005115",
    "bank":	"HSBC"
  },
  {
    "number" : "54005117",
    "bank":	"HSBC"
  },
  {
    "number" : "54005118",
    "bank":	"HSBC"
  },
  {
    "number" : "54005119",
    "bank":	"HSBC"
  },
  {
    "number" : "54005120",
    "bank":	"HSBC"
  },
  {
    "number" : "54005121",
    "bank":	"HSBC"
  },
  {
    "number" : "54005122",
    "bank":	"HSBC"
  },
  {
    "number" : "54005123",
    "bank":	"HSBC"
  },
  {
    "number" : "54005124",
    "bank":	"HSBC"
  },
  {
    "number" : "54005129",
    "bank":	"HSBC"
  },
  {
    "number" : "54005154",
    "bank":	"HSBC"
  },
  {
    "number" : "54005167",
    "bank":	"HSBC"
  },
  {
    "number" : "54005173",
    "bank":	"HSBC"
  },
  {
    "number" : "54005174",
    "bank":	"HSBC"
  },
  {
    "number" : "54005175",
    "bank":	"HSBC"
  },
  {
    "number" : "54005177",
    "bank":	"HSBC"
  },
  {
    "number" : "541221803",
    "bank":	"HSBC"
  },
  {
    "number" : "541221811",
    "bank":	"HSBC"
  },
  {
    "number" : "541221813",
    "bank":	"HSBC"
  },
  {
    "number" : "541221815",
    "bank":	"HSBC"
  },
  {
    "number" : "541221817",
    "bank":	"HSBC"
  },
  {
    "number" : "541221818",
    "bank":	"HSBC"
  },
  {
    "number" : "541221819",
    "bank":	"HSBC"
  },
  {
    "number" : "541221820",
    "bank":	"HSBC"
  },
  {
    "number" : "541221821",
    "bank":	"HSBC"
  },
  {
    "number" : "541221822",
    "bank":	"HSBC"
  },
  {
    "number" : "541221823",
    "bank":	"HSBC"
  },
  {
    "number" : "541221824",
    "bank":	"HSBC"
  },
  {
    "number" : "541221829",
    "bank":	"HSBC"
  },
  {
    "number" : "541221854",
    "bank":	"HSBC"
  },
  {
    "number" : "541221867",
    "bank":	"HSBC"
  },
  {
    "number" : "541221873",
    "bank":	"HSBC"
  },
  {
    "number" : "541221874",
    "bank":	"HSBC"
  },
  {
    "number" : "541221875",
    "bank":	"HSBC"
  },
  {
    "number" : "541221877",
    "bank":	"HSBC"
  },
  {
    "number" : "543221903",
    "bank":	"HSBC"
  },
  {
    "number" : "543221911",
    "bank":	"HSBC"
  },
  {
    "number" : "543221913",
    "bank":	"HSBC"
  },
  {
    "number" : "543221915",
    "bank":	"HSBC"
  },
  {
    "number" : "543221917",
    "bank":	"HSBC"
  },
  {
    "number" : "543221918",
    "bank":	"HSBC"
  },
  {
    "number" : "543221919",
    "bank":	"HSBC"
  },
  {
    "number" : "543221920",
    "bank":	"HSBC"
  },
  {
    "number" : "543221921",
    "bank":	"HSBC"
  },
  {
    "number" : "543221922",
    "bank":	"HSBC"
  },
  {
    "number" : "543221923",
    "bank":	"HSBC"
  },
  {
    "number" : "543221924",
    "bank":	"HSBC"
  },
  {
    "number" : "543221954",
    "bank":	"HSBC"
  },
  {
    "number" : "543221967",
    "bank":	"HSBC"
  },
  {
    "number" : "543221973",
    "bank":	"HSBC"
  },
  {
    "number" : "543221974",
    "bank":	"HSBC"
  },
  {
    "number" : "543221975",
    "bank":	"HSBC"
  },
  {
    "number" : "543221977",
    "bank":	"HSBC"
  },
  {
    "number" : "491279",
    "bank":	"HSBC"
  },
  {
    "number" : "426514",
    "bank":	"HSBC"
  },
  {
    "number" : "452421",
    "bank":	"HSBC"
  },
  {
    "number" : "522174",
    "bank":	"HSBC"
  },
  {
    "number" : "49381576",
    "bank":	"HSBC"
  },
  {
    "number" : "52050076",
    "bank":	"HSBC"
  },
  {
    "number" : "54005176",
    "bank":	"HSBC"
  },
  {
    "number" : "541221876",
    "bank":	"HSBC"
  },
  {
    "number" : "543221976",
    "bank":	"HSBC"
  },
  {
    "number" : "404360",
    "bank":	"INBURSA"
  },
  {
    "number" : "420576",
    "bank":	"INBURSA"
  },
  {
    "number" : "420577",
    "bank":	"INBURSA"
  },
  {
    "number" : "431479",
    "bank":	"INBURSA"
  },
  {
    "number" : "473701",
    "bank":	"INBURSA"
  },
  {
    "number" : "446565",
    "bank":	"INBURSA"
  },
  {
    "number" : "402029",
    "bank":	"INBURSA"
  },
  {
    "number" : "462974",
    "bank":	"INBURSA"
  },
  {
    "number" : "20202263",
    "bank":	"INTERACCIONES"
  },
  {
    "number" : "421811",
    "bank":	"INVEX"
  },
  {
    "number" : "463186",
    "bank":	"INVEX"
  },
  {
    "number" : "463187",
    "bank":	"INVEX"
  },
  {
    "number" : "421812",
    "bank":	"INVEX"
  },
  {
    "number" : "528615",
    "bank":	"INVEX"
  },
  {
    "number" : "548386",
    "bank":	"INVEX"
  },
  {
    "number" : "402145",
    "bank":	"INVEX"
  },
  {
    "number" : "406129",
    "bank":	"INVEX"
  },
  {
    "number" : "406130",
    "bank":	"INVEX"
  },
  {
    "number" : "446137",
    "bank":	"INVEX"
  },
  {
    "number" : "446138",
    "bank":	"INVEX"
  },
  {
    "number" : "446139",
    "bank":	"INVEX"
  },
  {
    "number" : "402318",
    "bank":	"IXE"
  },
  {
    "number" : "425981",
    "bank":	"IXE"
  },
  {
    "number" : "425982",
    "bank":	"IXE"
  },
  {
    "number" : "512745",
    "bank":	"IXE"
  },
  {
    "number" : "543710",
    "bank":	"IXE"
  },
  {
    "number" : "554764",
    "bank":	"IXE"
  },
  {
    "number" : "427213",
    "bank":	"MIFEL"
  },
  {
    "number" : "272800",
    "bank":	"SANTANDER SERFIN"
  },
  {
    "number" : "454747",
    "bank":	"SANTANDER SERFIN"
  },
  {
    "number" : "456300",
    "bank":	"SANTANDER SERFIN"
  },
  {
    "number" : "456344",
    "bank":	"SANTANDER SERFIN"
  },
  {
    "number" : "491327",
    "bank":	"SANTANDER SERFIN"
  },
  {
    "number" : "491405",
    "bank":	"SANTANDER SERFIN"
  },
  {
    "number" : "491406",
    "bank":	"SANTANDER SERFIN"
  },
  {
    "number" : "491418",
    "bank":	"SANTANDER SERFIN"
  },
  {
    "number" : "491512",
    "bank":	"SANTANDER SERFIN"
  },
  {
    "number" : "491572",
    "bank":	"SANTANDER SERFIN"
  },
  {
    "number" : "491573",
    "bank":	"SANTANDER SERFIN"
  },
  {
    "number" : "493135",
    "bank":	"SANTANDER SERFIN"
  },
  {
    "number" : "493136",
    "bank":	"SANTANDER SERFIN"
  },
  {
    "number" : "494133",
    "bank":	"SANTANDER SERFIN"
  },
  {
    "number" : "494134",
    "bank":	"SANTANDER SERFIN"
  },
  {
    "number" : "540845",
    "bank":	"SANTANDER SERFIN"
  },
  {
    "number" : "545307",
    "bank":	"SANTANDER SERFIN"
  },
  {
    "number" : "547015",
    "bank":	"SANTANDER SERFIN"
  },
  {
    "number" : "547046",
    "bank":	"SANTANDER SERFIN"
  },
  {
    "number" : "547067",
    "bank":	"SANTANDER SERFIN"
  },
  {
    "number" : "547146",
    "bank":	"SANTANDER SERFIN"
  },
  {
    "number" : "547157",
    "bank":	"SANTANDER SERFIN"
  },
  {
    "number" : "547484",
    "bank":	"SANTANDER SERFIN"
  },
  {
    "number" : "554900",
    "bank":	"SANTANDER SERFIN"
  },
  {
    "number" : "20202205",
    "bank":	"SANTANDER SERFIN"
  },
  {
    "number" : "49381505",
    "bank":	"SANTANDER SERFIN"
  },
  {
    "number" : "49381506",
    "bank":	"SANTANDER SERFIN"
  },
  {
    "number" : "52050005",
    "bank":	"SANTANDER SERFIN"
  },
  {
    "number" : "52050006",
    "bank":	"SANTANDER SERFIN"
  },
  {
    "number" : "54005105",
    "bank":	"SANTANDER SERFIN"
  },
  {
    "number" : "54005106",
    "bank":	"SANTANDER SERFIN"
  },
  {
    "number" : "541221805",
    "bank":	"SANTANDER SERFIN"
  },
  {
    "number" : "541221806",
    "bank":	"SANTANDER SERFIN"
  },
  {
    "number" : "543221905",
    "bank":	"SANTANDER SERFIN"
  },
  {
    "number" : "543221906",
    "bank":	"SANTANDER SERFIN"
  },
  {
    "number" : "49381533",
    "bank":	"SANTANDER SERFIN"
  },
  {
    "number" : "52050033",
    "bank":	"SANTANDER SERFIN"
  },
  {
    "number" : "54005133",
    "bank":	"SANTANDER SERFIN"
  },
  {
    "number" : "58870333",
    "bank":	"SANTANDER SERFIN"
  },
  {
    "number" : "541221833",
    "bank":	"SANTANDER SERFIN"
  },
  {
    "number" : "543221933",
    "bank":	"SANTANDER SERFIN"
  },
  {
    "number" : "286900",
    "bank":	"SANTANDER SERFIN"
  },
  {
    "number" : "547066",
    "bank":	"SANTANDER SERFIN"
  },
  {
    "number" : "49381541",
    "bank":	"SANTANDER SERFIN"
  },
  {
    "number" : "49381542",
    "bank":	"SANTANDER SERFIN"
  },
  {
    "number" : "49381543",
    "bank":	"SANTANDER SERFIN"
  },
  {
    "number" : "49381544",
    "bank":	"SANTANDER SERFIN"
  },
  {
    "number" : "49381545",
    "bank":	"SANTANDER SERFIN"
  },
  {
    "number" : "49381546",
    "bank":	"SANTANDER SERFIN"
  },
  {
    "number" : "49381548",
    "bank":	"SANTANDER SERFIN"
  },
  {
    "number" : "49381549",
    "bank":	"SANTANDER SERFIN"
  },
  {
    "number" : "49381550",
    "bank":	"SANTANDER SERFIN"
  },
  {
    "number" : "49381551",
    "bank":	"SANTANDER SERFIN"
  },
  {
    "number" : "49381552",
    "bank":	"SANTANDER SERFIN"
  },
  {
    "number" : "49381553",
    "bank":	"SANTANDER SERFIN"
  },
  {
    "number" : "49381568",
    "bank":	"SANTANDER SERFIN"
  },
  {
    "number" : "49381569",
    "bank":	"SANTANDER SERFIN"
  },
  {
    "number" : "52050041",
    "bank":	"SANTANDER SERFIN"
  },
  {
    "number" : "52050042",
    "bank":	"SANTANDER SERFIN"
  },
  {
    "number" : "52050043",
    "bank":	"SANTANDER SERFIN"
  },
  {
    "number" : "52050044",
    "bank":	"SANTANDER SERFIN"
  },
  {
    "number" : "52050045",
    "bank":	"SANTANDER SERFIN"
  },
  {
    "number" : "52050046",
    "bank":	"SANTANDER SERFIN"
  },
  {
    "number" : "52050047",
    "bank":	"SANTANDER SERFIN"
  },
  {
    "number" : "52050048",
    "bank":	"SANTANDER SERFIN"
  },
  {
    "number" : "52050049",
    "bank":	"SANTANDER SERFIN"
  },
  {
    "number" : "52050050",
    "bank":	"SANTANDER SERFIN"
  },
  {
    "number" : "52050051",
    "bank":	"SANTANDER SERFIN"
  },
  {
    "number" : "52050052",
    "bank":	"SANTANDER SERFIN"
  },
  {
    "number" : "52050053",
    "bank":	"SANTANDER SERFIN"
  },
  {
    "number" : "52050068",
    "bank":	"SANTANDER SERFIN"
  },
  {
    "number" : "52050069",
    "bank":	"SANTANDER SERFIN"
  },
  {
    "number" : "54005141",
    "bank":	"SANTANDER SERFIN"
  },
  {
    "number" : "54005142",
    "bank":	"SANTANDER SERFIN"
  },
  {
    "number" : "54005143",
    "bank":	"SANTANDER SERFIN"
  },
  {
    "number" : "54005144",
    "bank":	"SANTANDER SERFIN"
  },
  {
    "number" : "54005145",
    "bank":	"SANTANDER SERFIN"
  },
  {
    "number" : "54005146",
    "bank":	"SANTANDER SERFIN"
  },
  {
    "number" : "54005147",
    "bank":	"SANTANDER SERFIN"
  },
  {
    "number" : "54005148",
    "bank":	"SANTANDER SERFIN"
  },
  {
    "number" : "54005149",
    "bank":	"SANTANDER SERFIN"
  },
  {
    "number" : "54005150",
    "bank":	"SANTANDER SERFIN"
  },
  {
    "number" : "54005151",
    "bank":	"SANTANDER SERFIN"
  },
  {
    "number" : "54005152",
    "bank":	"SANTANDER SERFIN"
  },
  {
    "number" : "54005153",
    "bank":	"SANTANDER SERFIN"
  },
  {
    "number" : "54005168",
    "bank":	"SANTANDER SERFIN"
  },
  {
    "number" : "54005169",
    "bank":	"SANTANDER SERFIN"
  },
  {
    "number" : "541221841",
    "bank":	"SANTANDER SERFIN"
  },
  {
    "number" : "541221842",
    "bank":	"SANTANDER SERFIN"
  },
  {
    "number" : "541221843",
    "bank":	"SANTANDER SERFIN"
  },
  {
    "number" : "541221844",
    "bank":	"SANTANDER SERFIN"
  },
  {
    "number" : "541221845",
    "bank":	"SANTANDER SERFIN"
  },
  {
    "number" : "541221846",
    "bank":	"SANTANDER SERFIN"
  },
  {
    "number" : "541221847",
    "bank":	"SANTANDER SERFIN"
  },
  {
    "number" : "541221848",
    "bank":	"SANTANDER SERFIN"
  },
  {
    "number" : "541221849",
    "bank":	"SANTANDER SERFIN"
  },
  {
    "number" : "541221850",
    "bank":	"SANTANDER SERFIN"
  },
  {
    "number" : "541221851",
    "bank":	"SANTANDER SERFIN"
  },
  {
    "number" : "541221852",
    "bank":	"SANTANDER SERFIN"
  },
  {
    "number" : "541221853",
    "bank":	"SANTANDER SERFIN"
  },
  {
    "number" : "541221868",
    "bank":	"SANTANDER SERFIN"
  },
  {
    "number" : "541221869",
    "bank":	"SANTANDER SERFIN"
  },
  {
    "number" : "543221941",
    "bank":	"SANTANDER SERFIN"
  },
  {
    "number" : "543221942",
    "bank":	"SANTANDER SERFIN"
  },
  {
    "number" : "543221943",
    "bank":	"SANTANDER SERFIN"
  },
  {
    "number" : "543221944",
    "bank":	"SANTANDER SERFIN"
  },
  {
    "number" : "543221945",
    "bank":	"SANTANDER SERFIN"
  },
  {
    "number" : "543221946",
    "bank":	"SANTANDER SERFIN"
  },
  {
    "number" : "543221947",
    "bank":	"SANTANDER SERFIN"
  },
  {
    "number" : "543221948",
    "bank":	"SANTANDER SERFIN"
  },
  {
    "number" : "543221949",
    "bank":	"SANTANDER SERFIN"
  },
  {
    "number" : "543221950",
    "bank":	"SANTANDER SERFIN"
  },
  {
    "number" : "543221951",
    "bank":	"SANTANDER SERFIN"
  },
  {
    "number" : "543221952",
    "bank":	"SANTANDER SERFIN"
  },
  {
    "number" : "543221953",
    "bank":	"SANTANDER SERFIN"
  },
  {
    "number" : "543221968",
    "bank":	"SANTANDER SERFIN"
  },
  {
    "number" : "543221969",
    "bank":	"SANTANDER SERFIN"
  },
  {
    "number" : "202027",
    "bank":	"SCOTIABANK INVERLAT"
  },
  {
    "number" : "491871",
    "bank":	"SCOTIABANK INVERLAT"
  },
  {
    "number" : "491872",
    "bank":	"SCOTIABANK INVERLAT"
  },
  {
    "number" : "491873",
    "bank":	"SCOTIABANK INVERLAT"
  },
  {
    "number" : "520502",
    "bank":	"SCOTIABANK INVERLAT"
  },
  {
    "number" : "544204",
    "bank":	"SCOTIABANK INVERLAT"
  },
  {
    "number" : "545375",
    "bank":	"SCOTIABANK INVERLAT"
  },
  {
    "number" : "547407",
    "bank":	"SCOTIABANK INVERLAT"
  },
  {
    "number" : "552263",
    "bank":	"SCOTIABANK INVERLAT"
  },
  {
    "number" : "20202202",
    "bank":	"SCOTIABANK INVERLAT"
  },
  {
    "number" : "45561602",
    "bank":	"SCOTIABANK INVERLAT"
  },
  {
    "number" : "49381502",
    "bank":	"SCOTIABANK INVERLAT"
  },
  {
    "number" : "52050002",
    "bank":	"SCOTIABANK INVERLAT"
  },
  {
    "number" : "54005102",
    "bank":	"SCOTIABANK INVERLAT"
  },
  {
    "number" : "541221802",
    "bank":	"SCOTIABANK INVERLAT"
  },
  {
    "number" : "543221902",
    "bank":	"SCOTIABANK INVERLAT"
  },
  {
    "number" : "573785",
    "bank":	"SCOTIABANK INVERLAT"
  },
  {
    "number" : "45561702",
    "bank":	"SCOTIABANK INVERLAT"
  },
  {
    "number" : "426807",
    "bank":	"BANCOPPEL"
  }
]
