{
	"id": 0,
	"name": "@santander/flame-component-library",
	"kind": 0,
	"flags": {},
	"children": [
		{
			"id": 1,
			"name": "\"navbar.component\"",
			"kind": 1,
			"kindString": "External module",
			"flags": {
				"isExported": true
			},
			"originalName": "/Users/mlmv/Workspace/SANTANDER/flame-santander/flame-workspace/libs/flame-component-library/src/lib/molecules/navbar/navbar.component.ts",
			"children": [
				{
					"id": 2,
					"name": "NavbarComponent",
					"kind": 128,
					"kindString": "Class",
					"flags": {
						"isExported": true
					},
					"decorators": [
						{
							"name": "Component",
							"type": {
								"type": "reference",
								"name": "Component"
							},
							"arguments": {
								"obj": "{\n\tselector: 'sn-navbar',\n\ttemplate: `\n\t\t<footer>\n\t\t\t<div\n\t\t\t\tclass=\"flat-button\"\n\t\t\t\t[ngClass]=\"active === i ? 'active' : 'inactive'\"\n\t\t\t\t*ngFor=\"let ele of buttons; index as i\"\n\t\t\t\t(click)=\"selectElement(i, ele.route)\"\n\t\t\t>\n\t\t\t\t<sn-icon [icon]=\"'sn-' + ele.icon\" color=\"gray\"></sn-icon>\n\t\t\t\t<div class=\"title\">{{ ele.name }}</div>\n\t\t\t</div>\n\t\t</footer>\n\t`,\n\tstyleUrls: ['./navbar.component.scss']\n}"
							}
						}
					],
					"children": [
						{
							"id": 5,
							"name": "constructor",
							"kind": 512,
							"kindString": "Constructor",
							"flags": {
								"isExported": true
							},
							"signatures": [
								{
									"id": 6,
									"name": "new NavbarComponent",
									"kind": 16384,
									"kindString": "Constructor signature",
									"flags": {},
									"type": {
										"type": "reference",
										"name": "NavbarComponent",
										"id": 2
									}
								}
							],
							"sources": [
								{
									"fileName": "navbar.component.ts",
									"line": 22,
									"character": 44
								}
							]
						},
						{
							"id": 7,
							"name": "active",
							"kind": 1024,
							"kindString": "Property",
							"flags": {
								"isExported": true
							},
							"sources": [
								{
									"fileName": "navbar.component.ts",
									"line": 24,
									"character": 7
								}
							],
							"type": {
								"type": "intrinsic",
								"name": "number"
							},
							"defaultValue": "0"
						},
						{
							"id": 3,
							"name": "buttons",
							"kind": 1024,
							"kindString": "Property",
							"flags": {
								"isExported": true
							},
							"decorators": [
								{
									"name": "Input",
									"type": {
										"type": "reference",
										"name": "Input"
									},
									"arguments": {}
								}
							],
							"sources": [
								{
									"fileName": "navbar.component.ts",
									"line": 21,
									"character": 17
								}
							],
							"type": {
								"type": "intrinsic",
								"name": "any"
							}
						},
						{
							"id": 4,
							"name": "onSelection",
							"kind": 1024,
							"kindString": "Property",
							"flags": {
								"isExported": true
							},
							"decorators": [
								{
									"name": "Output",
									"type": {
										"type": "reference",
										"name": "Output"
									},
									"arguments": {}
								}
							],
							"sources": [
								{
									"fileName": "navbar.component.ts",
									"line": 22,
									"character": 22
								}
							],
							"type": {
								"type": "reference",
								"name": "EventEmitter",
								"typeArguments": [
									{
										"type": "intrinsic",
										"name": "Object"
									}
								]
							},
							"defaultValue": " new EventEmitter()"
						},
						{
							"id": 8,
							"name": "selectElement",
							"kind": 2048,
							"kindString": "Method",
							"flags": {
								"isExported": true
							},
							"signatures": [
								{
									"id": 9,
									"name": "selectElement",
									"kind": 4096,
									"kindString": "Call signature",
									"flags": {},
									"parameters": [
										{
											"id": 10,
											"name": "i",
											"kind": 32768,
											"kindString": "Parameter",
											"flags": {},
											"type": {
												"type": "intrinsic",
												"name": "number"
											}
										},
										{
											"id": 11,
											"name": "route",
											"kind": 32768,
											"kindString": "Parameter",
											"flags": {},
											"type": {
												"type": "intrinsic",
												"name": "string"
											}
										}
									],
									"type": {
										"type": "intrinsic",
										"name": "void"
									}
								}
							],
							"sources": [
								{
									"fileName": "navbar.component.ts",
									"line": 25,
									"character": 14
								}
							]
						}
					],
					"groups": [
						{
							"title": "Constructors",
							"kind": 512,
							"children": [5]
						},
						{
							"title": "Properties",
							"kind": 1024,
							"children": [7, 3, 4]
						},
						{
							"title": "Methods",
							"kind": 2048,
							"children": [8]
						}
					],
					"sources": [
						{
							"fileName": "navbar.component.ts",
							"line": 20,
							"character": 28
						}
					]
				}
			],
			"groups": [
				{
					"title": "Classes",
					"kind": 128,
					"children": [2]
				}
			],
			"sources": [
				{
					"fileName": "navbar.component.ts",
					"line": 1,
					"character": 0
				}
			]
		}
	],
	"groups": [
		{
			"title": "External modules",
			"kind": 1,
			"children": [1]
		}
	]
}
