{
  "ABIRoot": {
    "kind": "Root",
    "name": "TopLevel",
    "printedName": "TopLevel",
    "children": [
      {
        "kind": "Import",
        "name": "Combine",
        "printedName": "Combine",
        "declKind": "Import",
        "moduleName": "Devices",
        "declAttributes": [
          "RawDocComment"
        ]
      },
      {
        "kind": "Import",
        "name": "CoreLocation",
        "printedName": "CoreLocation",
        "declKind": "Import",
        "moduleName": "Devices"
      },
      {
        "kind": "Import",
        "name": "Foundation",
        "printedName": "Foundation",
        "declKind": "Import",
        "moduleName": "Devices"
      },
      {
        "kind": "Import",
        "name": "IMSInterfaces",
        "printedName": "IMSInterfaces",
        "declKind": "Import",
        "moduleName": "Devices"
      },
      {
        "kind": "Import",
        "name": "Primitives",
        "printedName": "Primitives",
        "declKind": "Import",
        "moduleName": "Devices"
      },
      {
        "kind": "Import",
        "name": "Combine",
        "printedName": "Combine",
        "declKind": "Import",
        "moduleName": "Devices",
        "declAttributes": [
          "RawDocComment"
        ]
      },
      {
        "kind": "Import",
        "name": "Primitives",
        "printedName": "Primitives",
        "declKind": "Import",
        "moduleName": "Devices"
      },
      {
        "kind": "Import",
        "name": "IMSInterfaces",
        "printedName": "IMSInterfaces",
        "declKind": "Import",
        "moduleName": "Devices"
      },
      {
        "kind": "TypeDecl",
        "name": "IMSDeviceManager",
        "printedName": "IMSDeviceManager",
        "children": [
          {
            "kind": "Function",
            "name": "configure",
            "printedName": "configure(providers:)",
            "children": [
              {
                "kind": "TypeNominal",
                "name": "Void",
                "printedName": "()"
              },
              {
                "kind": "TypeNominal",
                "name": "Array",
                "printedName": "[IMSInterfaces.IMSDeviceProvidable]",
                "children": [
                  {
                    "kind": "TypeNominal",
                    "name": "IMSDeviceProvidable",
                    "printedName": "IMSInterfaces.IMSDeviceProvidable",
                    "usr": "s:13IMSInterfaces19IMSDeviceProvidableP"
                  }
                ],
                "usr": "s:Sa"
              }
            ],
            "declKind": "Func",
            "usr": "s:7Devices16IMSDeviceManagerC9configure9providersySay13IMSInterfaces0B10Providable_pG_tFZ",
            "mangledName": "$s7Devices16IMSDeviceManagerC9configure9providersySay13IMSInterfaces0B10Providable_pG_tFZ",
            "moduleName": "Devices",
            "static": true,
            "declAttributes": [
              "Final",
              "AccessControl",
              "RawDocComment"
            ],
            "funcSelfKind": "NonMutating"
          },
          {
            "kind": "Var",
            "name": "hasConnectedDevice",
            "printedName": "hasConnectedDevice",
            "children": [
              {
                "kind": "TypeNominal",
                "name": "Bool",
                "printedName": "Swift.Bool",
                "usr": "s:Sb"
              }
            ],
            "declKind": "Var",
            "usr": "s:7Devices16IMSDeviceManagerC18hasConnectedDeviceSbvpZ",
            "mangledName": "$s7Devices16IMSDeviceManagerC18hasConnectedDeviceSbvpZ",
            "moduleName": "Devices",
            "static": true,
            "declAttributes": [
              "HasInitialValue",
              "Final",
              "HasStorage",
              "AccessControl",
              "RawDocComment"
            ],
            "hasStorage": true,
            "accessors": [
              {
                "kind": "Accessor",
                "name": "Get",
                "printedName": "Get()",
                "children": [
                  {
                    "kind": "TypeNominal",
                    "name": "Bool",
                    "printedName": "Swift.Bool",
                    "usr": "s:Sb"
                  }
                ],
                "declKind": "Accessor",
                "usr": "s:7Devices16IMSDeviceManagerC18hasConnectedDeviceSbvgZ",
                "mangledName": "$s7Devices16IMSDeviceManagerC18hasConnectedDeviceSbvgZ",
                "moduleName": "Devices",
                "static": true,
                "implicit": true,
                "declAttributes": [
                  "Final"
                ],
                "accessorKind": "get"
              },
              {
                "kind": "Accessor",
                "name": "Set",
                "printedName": "Set()",
                "children": [
                  {
                    "kind": "TypeNominal",
                    "name": "Void",
                    "printedName": "()"
                  },
                  {
                    "kind": "TypeNominal",
                    "name": "Bool",
                    "printedName": "Swift.Bool",
                    "usr": "s:Sb"
                  }
                ],
                "declKind": "Accessor",
                "usr": "s:7Devices16IMSDeviceManagerC18hasConnectedDeviceSbvsZ",
                "mangledName": "$s7Devices16IMSDeviceManagerC18hasConnectedDeviceSbvsZ",
                "moduleName": "Devices",
                "static": true,
                "implicit": true,
                "declAttributes": [
                  "Final"
                ],
                "accessorKind": "set"
              },
              {
                "kind": "Accessor",
                "name": "Modify",
                "printedName": "Modify()",
                "children": [
                  {
                    "kind": "TypeNominal",
                    "name": "Void",
                    "printedName": "()"
                  }
                ],
                "declKind": "Accessor",
                "usr": "s:7Devices16IMSDeviceManagerC18hasConnectedDeviceSbvMZ",
                "mangledName": "$s7Devices16IMSDeviceManagerC18hasConnectedDeviceSbvMZ",
                "moduleName": "Devices",
                "static": true,
                "implicit": true,
                "declAttributes": [
                  "Final"
                ],
                "accessorKind": "_modify"
              }
            ]
          },
          {
            "kind": "Var",
            "name": "connectedDeviceSubject",
            "printedName": "connectedDeviceSubject",
            "children": [
              {
                "kind": "TypeNominal",
                "name": "AnyPublisher",
                "printedName": "Combine.AnyPublisher<Swift.Bool, Swift.Never>",
                "children": [
                  {
                    "kind": "TypeNominal",
                    "name": "Bool",
                    "printedName": "Swift.Bool",
                    "usr": "s:Sb"
                  },
                  {
                    "kind": "TypeNominal",
                    "name": "Never",
                    "printedName": "Swift.Never",
                    "usr": "s:s5NeverO"
                  }
                ],
                "usr": "s:7Combine12AnyPublisherV"
              }
            ],
            "declKind": "Var",
            "usr": "s:7Devices16IMSDeviceManagerC22connectedDeviceSubject7Combine12AnyPublisherVySbs5NeverOGvpZ",
            "mangledName": "$s7Devices16IMSDeviceManagerC22connectedDeviceSubject7Combine12AnyPublisherVySbs5NeverOGvpZ",
            "moduleName": "Devices",
            "static": true,
            "declAttributes": [
              "HasInitialValue",
              "Final",
              "HasStorage",
              "AccessControl"
            ],
            "hasStorage": true,
            "accessors": [
              {
                "kind": "Accessor",
                "name": "Get",
                "printedName": "Get()",
                "children": [
                  {
                    "kind": "TypeNominal",
                    "name": "AnyPublisher",
                    "printedName": "Combine.AnyPublisher<Swift.Bool, Swift.Never>",
                    "children": [
                      {
                        "kind": "TypeNominal",
                        "name": "Bool",
                        "printedName": "Swift.Bool",
                        "usr": "s:Sb"
                      },
                      {
                        "kind": "TypeNominal",
                        "name": "Never",
                        "printedName": "Swift.Never",
                        "usr": "s:s5NeverO"
                      }
                    ],
                    "usr": "s:7Combine12AnyPublisherV"
                  }
                ],
                "declKind": "Accessor",
                "usr": "s:7Devices16IMSDeviceManagerC22connectedDeviceSubject7Combine12AnyPublisherVySbs5NeverOGvgZ",
                "mangledName": "$s7Devices16IMSDeviceManagerC22connectedDeviceSubject7Combine12AnyPublisherVySbs5NeverOGvgZ",
                "moduleName": "Devices",
                "static": true,
                "implicit": true,
                "declAttributes": [
                  "Final"
                ],
                "accessorKind": "get"
              },
              {
                "kind": "Accessor",
                "name": "Set",
                "printedName": "Set()",
                "children": [
                  {
                    "kind": "TypeNominal",
                    "name": "Void",
                    "printedName": "()"
                  },
                  {
                    "kind": "TypeNominal",
                    "name": "AnyPublisher",
                    "printedName": "Combine.AnyPublisher<Swift.Bool, Swift.Never>",
                    "children": [
                      {
                        "kind": "TypeNominal",
                        "name": "Bool",
                        "printedName": "Swift.Bool",
                        "usr": "s:Sb"
                      },
                      {
                        "kind": "TypeNominal",
                        "name": "Never",
                        "printedName": "Swift.Never",
                        "usr": "s:s5NeverO"
                      }
                    ],
                    "usr": "s:7Combine12AnyPublisherV"
                  }
                ],
                "declKind": "Accessor",
                "usr": "s:7Devices16IMSDeviceManagerC22connectedDeviceSubject7Combine12AnyPublisherVySbs5NeverOGvsZ",
                "mangledName": "$s7Devices16IMSDeviceManagerC22connectedDeviceSubject7Combine12AnyPublisherVySbs5NeverOGvsZ",
                "moduleName": "Devices",
                "static": true,
                "implicit": true,
                "declAttributes": [
                  "Final"
                ],
                "accessorKind": "set"
              },
              {
                "kind": "Accessor",
                "name": "Modify",
                "printedName": "Modify()",
                "children": [
                  {
                    "kind": "TypeNominal",
                    "name": "Void",
                    "printedName": "()"
                  }
                ],
                "declKind": "Accessor",
                "usr": "s:7Devices16IMSDeviceManagerC22connectedDeviceSubject7Combine12AnyPublisherVySbs5NeverOGvMZ",
                "mangledName": "$s7Devices16IMSDeviceManagerC22connectedDeviceSubject7Combine12AnyPublisherVySbs5NeverOGvMZ",
                "moduleName": "Devices",
                "static": true,
                "implicit": true,
                "declAttributes": [
                  "Final"
                ],
                "accessorKind": "_modify"
              }
            ]
          },
          {
            "kind": "Var",
            "name": "wakeUpSubjects",
            "printedName": "wakeUpSubjects",
            "children": [
              {
                "kind": "TypeNominal",
                "name": "AnyPublisher",
                "printedName": "Combine.AnyPublisher<Swift.Bool, Swift.Never>",
                "children": [
                  {
                    "kind": "TypeNominal",
                    "name": "Bool",
                    "printedName": "Swift.Bool",
                    "usr": "s:Sb"
                  },
                  {
                    "kind": "TypeNominal",
                    "name": "Never",
                    "printedName": "Swift.Never",
                    "usr": "s:s5NeverO"
                  }
                ],
                "usr": "s:7Combine12AnyPublisherV"
              }
            ],
            "declKind": "Var",
            "usr": "s:7Devices16IMSDeviceManagerC14wakeUpSubjects7Combine12AnyPublisherVySbs5NeverOGvpZ",
            "mangledName": "$s7Devices16IMSDeviceManagerC14wakeUpSubjects7Combine12AnyPublisherVySbs5NeverOGvpZ",
            "moduleName": "Devices",
            "static": true,
            "declAttributes": [
              "HasInitialValue",
              "Final",
              "HasStorage",
              "AccessControl"
            ],
            "hasStorage": true,
            "accessors": [
              {
                "kind": "Accessor",
                "name": "Get",
                "printedName": "Get()",
                "children": [
                  {
                    "kind": "TypeNominal",
                    "name": "AnyPublisher",
                    "printedName": "Combine.AnyPublisher<Swift.Bool, Swift.Never>",
                    "children": [
                      {
                        "kind": "TypeNominal",
                        "name": "Bool",
                        "printedName": "Swift.Bool",
                        "usr": "s:Sb"
                      },
                      {
                        "kind": "TypeNominal",
                        "name": "Never",
                        "printedName": "Swift.Never",
                        "usr": "s:s5NeverO"
                      }
                    ],
                    "usr": "s:7Combine12AnyPublisherV"
                  }
                ],
                "declKind": "Accessor",
                "usr": "s:7Devices16IMSDeviceManagerC14wakeUpSubjects7Combine12AnyPublisherVySbs5NeverOGvgZ",
                "mangledName": "$s7Devices16IMSDeviceManagerC14wakeUpSubjects7Combine12AnyPublisherVySbs5NeverOGvgZ",
                "moduleName": "Devices",
                "static": true,
                "implicit": true,
                "declAttributes": [
                  "Final"
                ],
                "accessorKind": "get"
              },
              {
                "kind": "Accessor",
                "name": "Set",
                "printedName": "Set()",
                "children": [
                  {
                    "kind": "TypeNominal",
                    "name": "Void",
                    "printedName": "()"
                  },
                  {
                    "kind": "TypeNominal",
                    "name": "AnyPublisher",
                    "printedName": "Combine.AnyPublisher<Swift.Bool, Swift.Never>",
                    "children": [
                      {
                        "kind": "TypeNominal",
                        "name": "Bool",
                        "printedName": "Swift.Bool",
                        "usr": "s:Sb"
                      },
                      {
                        "kind": "TypeNominal",
                        "name": "Never",
                        "printedName": "Swift.Never",
                        "usr": "s:s5NeverO"
                      }
                    ],
                    "usr": "s:7Combine12AnyPublisherV"
                  }
                ],
                "declKind": "Accessor",
                "usr": "s:7Devices16IMSDeviceManagerC14wakeUpSubjects7Combine12AnyPublisherVySbs5NeverOGvsZ",
                "mangledName": "$s7Devices16IMSDeviceManagerC14wakeUpSubjects7Combine12AnyPublisherVySbs5NeverOGvsZ",
                "moduleName": "Devices",
                "static": true,
                "implicit": true,
                "declAttributes": [
                  "Final"
                ],
                "accessorKind": "set"
              },
              {
                "kind": "Accessor",
                "name": "Modify",
                "printedName": "Modify()",
                "children": [
                  {
                    "kind": "TypeNominal",
                    "name": "Void",
                    "printedName": "()"
                  }
                ],
                "declKind": "Accessor",
                "usr": "s:7Devices16IMSDeviceManagerC14wakeUpSubjects7Combine12AnyPublisherVySbs5NeverOGvMZ",
                "mangledName": "$s7Devices16IMSDeviceManagerC14wakeUpSubjects7Combine12AnyPublisherVySbs5NeverOGvMZ",
                "moduleName": "Devices",
                "static": true,
                "implicit": true,
                "declAttributes": [
                  "Final"
                ],
                "accessorKind": "_modify"
              }
            ]
          },
          {
            "kind": "Function",
            "name": "scanForDevices",
            "printedName": "scanForDevices(withTimeout:)",
            "children": [
              {
                "kind": "TypeNominal",
                "name": "AnyPublisher",
                "printedName": "Combine.AnyPublisher<Primitives.IMSDevice, Primitives.IMSBluetoothError>",
                "children": [
                  {
                    "kind": "TypeNominal",
                    "name": "IMSDevice",
                    "printedName": "Primitives.IMSDevice",
                    "usr": "s:10Primitives9IMSDeviceC"
                  },
                  {
                    "kind": "TypeNominal",
                    "name": "IMSBluetoothError",
                    "printedName": "Primitives.IMSBluetoothError",
                    "usr": "s:10Primitives17IMSBluetoothErrorO"
                  }
                ],
                "usr": "s:7Combine12AnyPublisherV"
              },
              {
                "kind": "TypeNominal",
                "name": "Double",
                "printedName": "Swift.Double",
                "usr": "s:Sd"
              }
            ],
            "declKind": "Func",
            "usr": "s:7Devices16IMSDeviceManagerC07scanForA011withTimeout7Combine12AnyPublisherVy10Primitives0B0CAI17IMSBluetoothErrorOGSd_tFZ",
            "mangledName": "$s7Devices16IMSDeviceManagerC07scanForA011withTimeout7Combine12AnyPublisherVy10Primitives0B0CAI17IMSBluetoothErrorOGSd_tFZ",
            "moduleName": "Devices",
            "static": true,
            "declAttributes": [
              "Final",
              "AccessControl",
              "RawDocComment"
            ],
            "funcSelfKind": "NonMutating"
          },
          {
            "kind": "Function",
            "name": "stopScanning",
            "printedName": "stopScanning()",
            "children": [
              {
                "kind": "TypeNominal",
                "name": "Void",
                "printedName": "()"
              }
            ],
            "declKind": "Func",
            "usr": "s:7Devices16IMSDeviceManagerC12stopScanningyyFZ",
            "mangledName": "$s7Devices16IMSDeviceManagerC12stopScanningyyFZ",
            "moduleName": "Devices",
            "static": true,
            "declAttributes": [
              "Final",
              "AccessControl"
            ],
            "funcSelfKind": "NonMutating"
          },
          {
            "kind": "Function",
            "name": "startDetecting",
            "printedName": "startDetecting()",
            "children": [
              {
                "kind": "TypeNominal",
                "name": "AnyPublisher",
                "printedName": "Combine.AnyPublisher<[Primitives.IMSDevice], Primitives.IMSBluetoothError>",
                "children": [
                  {
                    "kind": "TypeNominal",
                    "name": "Array",
                    "printedName": "[Primitives.IMSDevice]",
                    "children": [
                      {
                        "kind": "TypeNominal",
                        "name": "IMSDevice",
                        "printedName": "Primitives.IMSDevice",
                        "usr": "s:10Primitives9IMSDeviceC"
                      }
                    ],
                    "usr": "s:Sa"
                  },
                  {
                    "kind": "TypeNominal",
                    "name": "IMSBluetoothError",
                    "printedName": "Primitives.IMSBluetoothError",
                    "usr": "s:10Primitives17IMSBluetoothErrorO"
                  }
                ],
                "usr": "s:7Combine12AnyPublisherV"
              }
            ],
            "declKind": "Func",
            "usr": "s:7Devices16IMSDeviceManagerC14startDetecting7Combine12AnyPublisherVySay10Primitives0B0CGAH17IMSBluetoothErrorOGyFZ",
            "mangledName": "$s7Devices16IMSDeviceManagerC14startDetecting7Combine12AnyPublisherVySay10Primitives0B0CGAH17IMSBluetoothErrorOGyFZ",
            "moduleName": "Devices",
            "static": true,
            "declAttributes": [
              "Final",
              "AccessControl"
            ],
            "funcSelfKind": "NonMutating"
          },
          {
            "kind": "Function",
            "name": "stopDetecting",
            "printedName": "stopDetecting()",
            "children": [
              {
                "kind": "TypeNominal",
                "name": "Void",
                "printedName": "()"
              }
            ],
            "declKind": "Func",
            "usr": "s:7Devices16IMSDeviceManagerC13stopDetectingyyFZ",
            "mangledName": "$s7Devices16IMSDeviceManagerC13stopDetectingyyFZ",
            "moduleName": "Devices",
            "static": true,
            "declAttributes": [
              "Final",
              "AccessControl"
            ],
            "funcSelfKind": "NonMutating"
          },
          {
            "kind": "Function",
            "name": "connect",
            "printedName": "connect(toDevice:with:)",
            "children": [
              {
                "kind": "TypeNominal",
                "name": "AnyPublisher",
                "printedName": "Combine.AnyPublisher<Swift.Bool, Primitives.IMSBluetoothError>",
                "children": [
                  {
                    "kind": "TypeNominal",
                    "name": "Bool",
                    "printedName": "Swift.Bool",
                    "usr": "s:Sb"
                  },
                  {
                    "kind": "TypeNominal",
                    "name": "IMSBluetoothError",
                    "printedName": "Primitives.IMSBluetoothError",
                    "usr": "s:10Primitives17IMSBluetoothErrorO"
                  }
                ],
                "usr": "s:7Combine12AnyPublisherV"
              },
              {
                "kind": "TypeNominal",
                "name": "IMSDevice",
                "printedName": "Primitives.IMSDevice",
                "usr": "s:10Primitives9IMSDeviceC"
              },
              {
                "kind": "TypeNominal",
                "name": "Double",
                "printedName": "Swift.Double",
                "usr": "s:Sd"
              }
            ],
            "declKind": "Func",
            "usr": "s:7Devices16IMSDeviceManagerC7connect8toDevice4with7Combine12AnyPublisherVySb10Primitives17IMSBluetoothErrorOGAJ0B0C_SdtFZ",
            "mangledName": "$s7Devices16IMSDeviceManagerC7connect8toDevice4with7Combine12AnyPublisherVySb10Primitives17IMSBluetoothErrorOGAJ0B0C_SdtFZ",
            "moduleName": "Devices",
            "static": true,
            "declAttributes": [
              "Final",
              "AccessControl"
            ],
            "funcSelfKind": "NonMutating"
          },
          {
            "kind": "Var",
            "name": "associatedDevices",
            "printedName": "associatedDevices",
            "children": [
              {
                "kind": "TypeNominal",
                "name": "Set",
                "printedName": "Swift.Set<Primitives.IMSDevice>",
                "children": [
                  {
                    "kind": "TypeNominal",
                    "name": "IMSDevice",
                    "printedName": "Primitives.IMSDevice",
                    "usr": "s:10Primitives9IMSDeviceC"
                  }
                ],
                "usr": "s:Sh"
              }
            ],
            "declKind": "Var",
            "usr": "s:7Devices16IMSDeviceManagerC010associatedA0Shy10Primitives0B0CGvpZ",
            "mangledName": "$s7Devices16IMSDeviceManagerC010associatedA0Shy10Primitives0B0CGvpZ",
            "moduleName": "Devices",
            "static": true,
            "declAttributes": [
              "Final",
              "AccessControl"
            ],
            "accessors": [
              {
                "kind": "Accessor",
                "name": "Get",
                "printedName": "Get()",
                "children": [
                  {
                    "kind": "TypeNominal",
                    "name": "Set",
                    "printedName": "Swift.Set<Primitives.IMSDevice>",
                    "children": [
                      {
                        "kind": "TypeNominal",
                        "name": "IMSDevice",
                        "printedName": "Primitives.IMSDevice",
                        "usr": "s:10Primitives9IMSDeviceC"
                      }
                    ],
                    "usr": "s:Sh"
                  }
                ],
                "declKind": "Accessor",
                "usr": "s:7Devices16IMSDeviceManagerC010associatedA0Shy10Primitives0B0CGvgZ",
                "mangledName": "$s7Devices16IMSDeviceManagerC010associatedA0Shy10Primitives0B0CGvgZ",
                "moduleName": "Devices",
                "static": true,
                "declAttributes": [
                  "Final"
                ],
                "accessorKind": "get"
              }
            ]
          },
          {
            "kind": "Function",
            "name": "associateDevice",
            "printedName": "associateDevice(_:toVehicleId:)",
            "children": [
              {
                "kind": "TypeNominal",
                "name": "Void",
                "printedName": "()"
              },
              {
                "kind": "TypeNominal",
                "name": "IMSDevice",
                "printedName": "Primitives.IMSDevice",
                "usr": "s:10Primitives9IMSDeviceC"
              },
              {
                "kind": "TypeNominal",
                "name": "Optional",
                "printedName": "Swift.String?",
                "children": [
                  {
                    "kind": "TypeNominal",
                    "name": "String",
                    "printedName": "Swift.String",
                    "usr": "s:SS"
                  }
                ],
                "usr": "s:Sq"
              }
            ],
            "declKind": "Func",
            "usr": "s:7Devices16IMSDeviceManagerC15associateDevice_11toVehicleIdy10Primitives0B0C_SSSgtFZ",
            "mangledName": "$s7Devices16IMSDeviceManagerC15associateDevice_11toVehicleIdy10Primitives0B0C_SSSgtFZ",
            "moduleName": "Devices",
            "static": true,
            "declAttributes": [
              "Final",
              "AccessControl"
            ],
            "funcSelfKind": "NonMutating"
          },
          {
            "kind": "Function",
            "name": "disassociateDevice",
            "printedName": "disassociateDevice(_:)",
            "children": [
              {
                "kind": "TypeNominal",
                "name": "Void",
                "printedName": "()"
              },
              {
                "kind": "TypeNominal",
                "name": "IMSDevice",
                "printedName": "Primitives.IMSDevice",
                "usr": "s:10Primitives9IMSDeviceC"
              }
            ],
            "declKind": "Func",
            "usr": "s:7Devices16IMSDeviceManagerC18disassociateDeviceyy10Primitives0B0CFZ",
            "mangledName": "$s7Devices16IMSDeviceManagerC18disassociateDeviceyy10Primitives0B0CFZ",
            "moduleName": "Devices",
            "static": true,
            "declAttributes": [
              "Final",
              "AccessControl"
            ],
            "funcSelfKind": "NonMutating"
          },
          {
            "kind": "Function",
            "name": "clearAllAssociatedDevices",
            "printedName": "clearAllAssociatedDevices()",
            "children": [
              {
                "kind": "TypeNominal",
                "name": "Void",
                "printedName": "()"
              }
            ],
            "declKind": "Func",
            "usr": "s:7Devices16IMSDeviceManagerC018clearAllAssociatedA0yyFZ",
            "mangledName": "$s7Devices16IMSDeviceManagerC018clearAllAssociatedA0yyFZ",
            "moduleName": "Devices",
            "static": true,
            "declAttributes": [
              "Final",
              "AccessControl"
            ],
            "funcSelfKind": "NonMutating"
          }
        ],
        "declKind": "Class",
        "usr": "s:7Devices16IMSDeviceManagerC",
        "mangledName": "$s7Devices16IMSDeviceManagerC",
        "moduleName": "Devices",
        "declAttributes": [
          "Final",
          "AccessControl"
        ],
        "hasMissingDesignatedInitializers": true
      },
      {
        "kind": "Import",
        "name": "Foundation",
        "printedName": "Foundation",
        "declKind": "Import",
        "moduleName": "Devices",
        "declAttributes": [
          "RawDocComment"
        ]
      },
      {
        "kind": "Import",
        "name": "Foundation",
        "printedName": "Foundation",
        "declKind": "Import",
        "moduleName": "Devices",
        "declAttributes": [
          "RawDocComment"
        ]
      },
      {
        "kind": "TypeDecl",
        "name": "Devices",
        "printedName": "Devices",
        "children": [
          {
            "kind": "Function",
            "name": "validateTestCoverage",
            "printedName": "validateTestCoverage()",
            "children": [
              {
                "kind": "TypeNominal",
                "name": "Int",
                "printedName": "Swift.Int",
                "usr": "s:Si"
              }
            ],
            "declKind": "Func",
            "usr": "s:7DevicesAAC20validateTestCoverageSiyF",
            "mangledName": "$s7DevicesAAC20validateTestCoverageSiyF",
            "moduleName": "Devices",
            "declAttributes": [
              "AccessControl"
            ],
            "funcSelfKind": "NonMutating"
          }
        ],
        "declKind": "Class",
        "usr": "s:7DevicesAAC",
        "mangledName": "$s7DevicesAAC",
        "moduleName": "Devices",
        "declAttributes": [
          "AccessControl"
        ],
        "hasMissingDesignatedInitializers": true
      },
      {
        "kind": "Import",
        "name": "Foundation",
        "printedName": "Foundation",
        "declKind": "Import",
        "moduleName": "Devices",
        "declAttributes": [
          "RawDocComment"
        ]
      },
      {
        "kind": "Import",
        "name": "Primitives",
        "printedName": "Primitives",
        "declKind": "Import",
        "moduleName": "Devices"
      },
      {
        "kind": "Import",
        "name": "IMSInterfaces",
        "printedName": "IMSInterfaces",
        "declKind": "Import",
        "moduleName": "Devices"
      },
      {
        "kind": "Import",
        "name": "Common",
        "printedName": "Common",
        "declKind": "Import",
        "moduleName": "Devices"
      }
    ],
    "json_format_version": 8
  },
  "ConstValues": [
    {
      "filePath": "\/Users\/runner\/work\/1\/s\/Frameworks\/Devices\/Devices\/DevicesProvider.swift",
      "kind": "Array",
      "offset": 663,
      "length": 2,
      "value": "[]"
    },
    {
      "filePath": "\/Users\/runner\/work\/1\/s\/Frameworks\/Devices\/Devices\/IMSDeviceManager.swift",
      "kind": "Array",
      "offset": 249,
      "length": 2,
      "value": "[]"
    },
    {
      "filePath": "\/Users\/runner\/work\/1\/s\/Frameworks\/Devices\/Devices\/Devices.swift",
      "kind": "IntegerLiteral",
      "offset": 188,
      "length": 1,
      "value": "1"
    },
    {
      "filePath": "\/Users\/runner\/work\/1\/s\/Frameworks\/Devices\/Devices\/DevicesLocalRepository.swift",
      "kind": "StringLiteral",
      "offset": 268,
      "length": 45,
      "value": "\"TelematicsBluetoothManagerAssociationsArray\""
    },
    {
      "filePath": "\/Users\/runner\/work\/1\/s\/Frameworks\/Devices\/Devices\/DevicesLocalRepository.swift",
      "kind": "Array",
      "offset": 403,
      "length": 2,
      "value": "[]"
    },
    {
      "filePath": "\/Users\/runner\/work\/1\/s\/Frameworks\/Devices\/Devices\/DevicesLocalRepository.swift",
      "kind": "Array",
      "offset": 1150,
      "length": 2,
      "value": "[]"
    },
    {
      "filePath": "\/Users\/runner\/work\/1\/s\/Frameworks\/Devices\/Devices\/DevicesLocalRepository.swift",
      "kind": "Array",
      "offset": 1328,
      "length": 2,
      "value": "[]"
    },
    {
      "filePath": "\/Users\/runner\/work\/1\/s\/Frameworks\/Devices\/Devices\/DevicesLocalRepository.swift",
      "kind": "Array",
      "offset": 2290,
      "length": 2,
      "value": "[]"
    },
    {
      "filePath": "\/Users\/runner\/work\/1\/s\/Frameworks\/Devices\/Devices\/DevicesLocalRepository.swift",
      "kind": "StringLiteral",
      "offset": 2526,
      "length": 55,
      "value": "\"AssociatedArray casting failed to retrieve the device\""
    },
    {
      "filePath": "\/Users\/runner\/work\/1\/s\/Frameworks\/Devices\/Devices\/DevicesLocalRepository.swift",
      "kind": "Array",
      "offset": 2606,
      "length": 2,
      "value": "[]"
    },
    {
      "filePath": "\/Users\/runner\/work\/1\/s\/Frameworks\/Devices\/Devices\/DevicesLocalRepository.swift",
      "kind": "IntegerLiteral",
      "offset": 2666,
      "length": 1,
      "value": "0"
    },
    {
      "filePath": "\/Users\/runner\/work\/1\/s\/Frameworks\/Devices\/Devices\/DevicesLocalRepository.swift",
      "kind": "IntegerLiteral",
      "offset": 2714,
      "length": 1,
      "value": "1"
    }
  ]
}