{
  "dwEOLEnabled": true,
  "dwFAQsEnabled": true,
  "dwFindAndCombineEnabled": true,
  "dwSimpleWealthEnabled": true,
  "dwSimpleWealthDigitalAdviceEnabled": true,
  "dwIsaApplyDirectNativeFlowEnabled": true,
  "dwIsaApplySimpleWealthNativeFlowEnabled": true,
  "dwIsaApplySimpleWealthIgnoreCIDocFail": true,
  "dwIsaApplySimpleWealthIgnoreEligibility": true,
  "dwIsaApplyBypassSubmitApiLogic": true,
  "dwPCSAllowMultiSelect": true,
  "dwSIPPPensionEditEnabled": true,
  "dwVirtualAssistantEnabled": true,
  "myDriveOnboardingComplete": true,
  "myDriveUseMockData": true,
  "simpleWealthPopupEnabled": true
}
