{
	"id": 0,
	"name": "@santander/flame-component-library",
	"kind": 0,
	"flags": {},
	"children": [
		{
			"id": 1,
			"name": "\"tooltip.component\"",
			"kind": 1,
			"kindString": "External module",
			"flags": {
				"isExported": true,
				"isExternal": true
			},
			"originalName": "/Users/mlmv/Workspace/SANTANDER/flame-santander/flame-workspace/libs/flame-component-library/src/lib/atoms/tooltip/tooltip.component.ts",
			"children": [
				{
					"id": 2,
					"name": "TooltipComponent",
					"kind": 128,
					"kindString": "Class",
					"flags": {
						"isExported": true,
						"isExternal": true
					},
					"decorators": [
						{
							"name": "Component",
							"type": {
								"type": "reference",
								"name": "Component"
							},
							"arguments": {
								"obj": "{\n\tselector: 'sn-tooltip',\n\ttemplateUrl: './tooltip.component.html',\n\tstyleUrls: ['./tooltip.component.scss'],\n\tchangeDetection: ChangeDetectionStrategy.OnPush,\n\tencapsulation: ViewEncapsulation.None\n}"
							}
						}
					],
					"children": [
						{
							"id": 9,
							"name": "constructor",
							"kind": 512,
							"kindString": "Constructor",
							"flags": {
								"isExported": true,
								"isExternal": true
							},
							"signatures": [
								{
									"id": 11,
									"name": "new TooltipComponent",
									"kind": 16384,
									"kindString": "Constructor signature",
									"flags": {},
									"parameters": [
										{
											"id": 12,
											"name": "_changeDetectorRef",
											"kind": 32768,
											"kindString": "Parameter",
											"flags": {},
											"type": {
												"type": "reference",
												"name": "ChangeDetectorRef"
											}
										}
									],
									"type": {
										"type": "reference",
										"name": "TooltipComponent",
										"id": 2
									}
								}
							],
							"sources": [
								{
									"fileName": "tooltip.component.ts",
									"line": 19,
									"character": 72
								}
							]
						},
						{
							"id": 10,
							"name": "_changeDetectorRef",
							"kind": 1024,
							"kindString": "Property",
							"flags": {
								"isPrivate": true,
								"isExported": true,
								"isExternal": true,
								"isConstructorProperty": true
							},
							"sources": [
								{
									"fileName": "tooltip.component.ts",
									"line": 21,
									"character": 39
								}
							],
							"type": {
								"type": "reference",
								"name": "ChangeDetectorRef"
							}
						},
						{
							"id": 3,
							"name": "message",
							"kind": 1024,
							"kindString": "Property",
							"flags": {
								"isExported": true,
								"isExternal": true
							},
							"sources": [
								{
									"fileName": "tooltip.component.ts",
									"line": 16,
									"character": 8
								}
							],
							"type": {
								"type": "intrinsic",
								"name": "string"
							}
						},
						{
							"id": 5,
							"name": "tooltipClass",
							"kind": 1024,
							"kindString": "Property",
							"flags": {
								"isExported": true,
								"isExternal": true
							},
							"sources": [
								{
									"fileName": "tooltip.component.ts",
									"line": 19,
									"character": 13
								}
							],
							"type": {
								"type": "union",
								"types": [
									{
										"type": "intrinsic",
										"name": "string"
									},
									{
										"type": "array",
										"elementType": {
											"type": "intrinsic",
											"name": "string"
										}
									},
									{
										"type": "reference",
										"name": "Set",
										"typeArguments": [
											{
												"type": "intrinsic",
												"name": "string"
											}
										]
									},
									{
										"type": "reflection",
										"declaration": {
											"id": 6,
											"name": "__type",
											"kind": 65536,
											"kindString": "Type literal",
											"flags": {},
											"indexSignature": [
												{
													"id": 7,
													"name": "__index",
													"kind": 8192,
													"kindString": "Index signature",
													"flags": {},
													"parameters": [
														{
															"id": 8,
															"name": "key",
															"kind": 32768,
															"kindString": "Parameter",
															"flags": {},
															"type": {
																"type": "intrinsic",
																"name": "string"
															}
														}
													],
													"type": {
														"type": "intrinsic",
														"name": "any"
													}
												}
											],
											"sources": [
												{
													"fileName": "tooltip.component.ts",
													"line": 19,
													"character": 48
												}
											]
										}
									}
								]
							}
						},
						{
							"id": 4,
							"name": "visibility",
							"kind": 1024,
							"kindString": "Property",
							"flags": {
								"isExported": true,
								"isExternal": true
							},
							"sources": [
								{
									"fileName": "tooltip.component.ts",
									"line": 17,
									"character": 11
								}
							],
							"type": {
								"type": "intrinsic",
								"name": "boolean"
							},
							"defaultValue": "false"
						},
						{
							"id": 16,
							"name": "hide",
							"kind": 2048,
							"kindString": "Method",
							"flags": {
								"isExported": true,
								"isExternal": true
							},
							"signatures": [
								{
									"id": 17,
									"name": "hide",
									"kind": 4096,
									"kindString": "Call signature",
									"flags": {},
									"parameters": [
										{
											"id": 18,
											"name": "delay",
											"kind": 32768,
											"kindString": "Parameter",
											"flags": {},
											"type": {
												"type": "intrinsic",
												"name": "number"
											}
										}
									],
									"type": {
										"type": "reference",
										"name": "Promise",
										"typeArguments": [
											{
												"type": "intrinsic",
												"name": "Object"
											}
										]
									}
								}
							],
							"sources": [
								{
									"fileName": "tooltip.component.ts",
									"line": 30,
									"character": 5
								}
							]
						},
						{
							"id": 22,
							"name": "markForCheck",
							"kind": 2048,
							"kindString": "Method",
							"flags": {
								"isPublic": true,
								"isExported": true,
								"isExternal": true
							},
							"signatures": [
								{
									"id": 23,
									"name": "markForCheck",
									"kind": 4096,
									"kindString": "Call signature",
									"flags": {},
									"type": {
										"type": "intrinsic",
										"name": "void"
									}
								}
							],
							"sources": [
								{
									"fileName": "tooltip.component.ts",
									"line": 45,
									"character": 20
								}
							]
						},
						{
							"id": 13,
							"name": "show",
							"kind": 2048,
							"kindString": "Method",
							"flags": {
								"isExported": true,
								"isExternal": true
							},
							"signatures": [
								{
									"id": 14,
									"name": "show",
									"kind": 4096,
									"kindString": "Call signature",
									"flags": {},
									"parameters": [
										{
											"id": 15,
											"name": "delay",
											"kind": 32768,
											"kindString": "Parameter",
											"flags": {},
											"type": {
												"type": "intrinsic",
												"name": "number"
											}
										}
									],
									"type": {
										"type": "intrinsic",
										"name": "void"
									}
								}
							],
							"sources": [
								{
									"fileName": "tooltip.component.ts",
									"line": 23,
									"character": 5
								}
							]
						},
						{
							"id": 19,
							"name": "toggle",
							"kind": 2048,
							"kindString": "Method",
							"flags": {
								"isExported": true,
								"isExternal": true
							},
							"signatures": [
								{
									"id": 20,
									"name": "toggle",
									"kind": 4096,
									"kindString": "Call signature",
									"flags": {},
									"parameters": [
										{
											"id": 21,
											"name": "delay",
											"kind": 32768,
											"kindString": "Parameter",
											"flags": {},
											"type": {
												"type": "intrinsic",
												"name": "number"
											}
										}
									],
									"type": {
										"type": "intrinsic",
										"name": "void"
									}
								}
							],
							"sources": [
								{
									"fileName": "tooltip.component.ts",
									"line": 38,
									"character": 7
								}
							]
						}
					],
					"groups": [
						{
							"title": "Constructors",
							"kind": 512,
							"children": [9]
						},
						{
							"title": "Properties",
							"kind": 1024,
							"children": [10, 3, 5, 4]
						},
						{
							"title": "Methods",
							"kind": 2048,
							"children": [16, 22, 13, 19]
						}
					],
					"sources": [
						{
							"fileName": "tooltip.component.ts",
							"line": 15,
							"character": 29
						}
					]
				}
			],
			"groups": [
				{
					"title": "Classes",
					"kind": 128,
					"children": [2]
				}
			],
			"sources": [
				{
					"fileName": "tooltip.component.ts",
					"line": 1,
					"character": 0
				}
			]
		},
		{
			"id": 24,
			"name": "\"tooltip.directive\"",
			"kind": 1,
			"kindString": "External module",
			"flags": {
				"isExported": true
			},
			"originalName": "/Users/mlmv/Workspace/SANTANDER/flame-santander/flame-workspace/libs/flame-component-library/src/lib/atoms/tooltip/tooltip.directive.ts",
			"children": [
				{
					"id": 25,
					"name": "SnTooltipDirective",
					"kind": 128,
					"kindString": "Class",
					"flags": {
						"isExported": true
					},
					"decorators": [
						{
							"name": "Directive",
							"type": {
								"type": "reference",
								"name": "Directive"
							},
							"arguments": {
								"obj": "{\n\tselector: '[snTooltip], [sn-tooltip]',\n\texportAs: 'SnTooltipDirective'\n}"
							}
						}
					],
					"children": [
						{
							"id": 41,
							"name": "constructor",
							"kind": 512,
							"kindString": "Constructor",
							"flags": {
								"isExported": true
							},
							"signatures": [
								{
									"id": 47,
									"name": "new SnTooltipDirective",
									"kind": 16384,
									"kindString": "Constructor signature",
									"flags": {},
									"parameters": [
										{
											"id": 48,
											"name": "_overlay",
											"kind": 32768,
											"kindString": "Parameter",
											"flags": {},
											"type": {
												"type": "reference",
												"name": "Overlay"
											}
										},
										{
											"id": 49,
											"name": "_elementRef",
											"kind": 32768,
											"kindString": "Parameter",
											"flags": {},
											"type": {
												"type": "reference",
												"name": "ElementRef",
												"typeArguments": [
													{
														"type": "reference",
														"name": "HTMLElement"
													}
												]
											}
										},
										{
											"id": 50,
											"name": "_scrollDispatcher",
											"kind": 32768,
											"kindString": "Parameter",
											"flags": {},
											"type": {
												"type": "reference",
												"name": "ScrollDispatcher"
											}
										},
										{
											"id": 51,
											"name": "_viewContainerRef",
											"kind": 32768,
											"kindString": "Parameter",
											"flags": {},
											"type": {
												"type": "reference",
												"name": "ViewContainerRef"
											}
										},
										{
											"id": 52,
											"name": "_dir",
											"kind": 32768,
											"kindString": "Parameter",
											"flags": {},
											"decorators": [
												{
													"name": "Optional",
													"type": {
														"type": "reference",
														"name": "Optional"
													},
													"arguments": {}
												}
											],
											"type": {
												"type": "reference",
												"name": "Directionality"
											}
										},
										{
											"id": 53,
											"name": "scrollStrategy",
											"kind": 32768,
											"kindString": "Parameter",
											"flags": {},
											"decorators": [
												{
													"name": "Inject",
													"type": {
														"type": "reference",
														"name": "Inject"
													},
													"arguments": {
														"token": "SN_TOOLTIP_SCROLL_STRATEGY"
													}
												}
											],
											"type": {
												"type": "intrinsic",
												"name": "any"
											}
										}
									],
									"type": {
										"type": "reference",
										"name": "SnTooltipDirective",
										"id": 25
									}
								}
							],
							"sources": [
								{
									"fileName": "tooltip.directive.ts",
									"line": 68,
									"character": 47
								}
							]
						},
						{
							"id": 46,
							"name": "_dir",
							"kind": 1024,
							"kindString": "Property",
							"flags": {
								"isPrivate": true,
								"isExported": true,
								"isConstructorProperty": true
							},
							"decorators": [
								{
									"name": "Optional",
									"type": {
										"type": "reference",
										"name": "Optional"
									},
									"arguments": {}
								}
							],
							"sources": [
								{
									"fileName": "tooltip.directive.ts",
									"line": 75,
									"character": 26
								}
							],
							"type": {
								"type": "reference",
								"name": "Directionality"
							}
						},
						{
							"id": 30,
							"name": "_disabled",
							"kind": 1024,
							"kindString": "Property",
							"flags": {
								"isPrivate": true,
								"isExported": true
							},
							"sources": [
								{
									"fileName": "tooltip.directive.ts",
									"line": 59,
									"character": 18
								}
							],
							"type": {
								"type": "intrinsic",
								"name": "boolean"
							},
							"defaultValue": "false"
						},
						{
							"id": 43,
							"name": "_elementRef",
							"kind": 1024,
							"kindString": "Property",
							"flags": {
								"isPrivate": true,
								"isExported": true,
								"isConstructorProperty": true
							},
							"sources": [
								{
									"fileName": "tooltip.directive.ts",
									"line": 72,
									"character": 21
								}
							],
							"type": {
								"type": "reference",
								"name": "ElementRef",
								"typeArguments": [
									{
										"type": "reference",
										"name": "HTMLElement"
									}
								]
							}
						},
						{
							"id": 33,
							"name": "_hideDelay",
							"kind": 1024,
							"kindString": "Property",
							"flags": {
								"isPrivate": true,
								"isExported": true
							},
							"sources": [
								{
									"fileName": "tooltip.directive.ts",
									"line": 62,
									"character": 19
								}
							],
							"type": {
								"type": "intrinsic",
								"name": "number"
							},
							"defaultValue": "0"
						},
						{
							"id": 31,
							"name": "_message",
							"kind": 1024,
							"kindString": "Property",
							"flags": {
								"isPrivate": true,
								"isExported": true
							},
							"sources": [
								{
									"fileName": "tooltip.directive.ts",
									"line": 60,
									"character": 17
								}
							],
							"type": {
								"type": "intrinsic",
								"name": "string"
							},
							"defaultValue": "\"\""
						},
						{
							"id": 42,
							"name": "_overlay",
							"kind": 1024,
							"kindString": "Property",
							"flags": {
								"isPrivate": true,
								"isExported": true,
								"isConstructorProperty": true
							},
							"sources": [
								{
									"fileName": "tooltip.directive.ts",
									"line": 71,
									"character": 18
								}
							],
							"type": {
								"type": "reference",
								"name": "Overlay"
							}
						},
						{
							"id": 27,
							"name": "_overlayRef",
							"kind": 1024,
							"kindString": "Property",
							"flags": {
								"isPrivate": true,
								"isExported": true
							},
							"sources": [
								{
									"fileName": "tooltip.directive.ts",
									"line": 55,
									"character": 20
								}
							],
							"type": {
								"type": "union",
								"types": [
									{
										"type": "reference",
										"name": "OverlayRef"
									},
									{
										"type": "intrinsic",
										"name": "null"
									}
								]
							}
						},
						{
							"id": 28,
							"name": "_portal",
							"kind": 1024,
							"kindString": "Property",
							"flags": {
								"isPrivate": true,
								"isExported": true
							},
							"sources": [
								{
									"fileName": "tooltip.directive.ts",
									"line": 57,
									"character": 16
								}
							],
							"type": {
								"type": "reference",
								"name": "ComponentPortal",
								"typeArguments": [
									{
										"type": "reference",
										"name": "TooltipComponent",
										"id": 2
									}
								]
							}
						},
						{
							"id": 29,
							"name": "_position",
							"kind": 1024,
							"kindString": "Property",
							"flags": {
								"isPrivate": true,
								"isExported": true
							},
							"sources": [
								{
									"fileName": "tooltip.directive.ts",
									"line": 58,
									"character": 18
								}
							],
							"type": {
								"type": "intrinsic",
								"name": "string"
							},
							"defaultValue": "\"below\""
						},
						{
							"id": 44,
							"name": "_scrollDispatcher",
							"kind": 1024,
							"kindString": "Property",
							"flags": {
								"isPrivate": true,
								"isExported": true,
								"isConstructorProperty": true
							},
							"sources": [
								{
									"fileName": "tooltip.directive.ts",
									"line": 73,
									"character": 27
								}
							],
							"type": {
								"type": "reference",
								"name": "ScrollDispatcher"
							}
						},
						{
							"id": 38,
							"name": "_scrollStrategy",
							"kind": 1024,
							"kindString": "Property",
							"flags": {
								"isPrivate": true,
								"isExported": true
							},
							"sources": [
								{
									"fileName": "tooltip.directive.ts",
									"line": 68,
									"character": 24
								}
							],
							"type": {
								"type": "reflection",
								"declaration": {
									"id": 39,
									"name": "__type",
									"kind": 65536,
									"kindString": "Type literal",
									"flags": {},
									"signatures": [
										{
											"id": 40,
											"name": "__call",
											"kind": 4096,
											"kindString": "Call signature",
											"flags": {},
											"type": {
												"type": "reference",
												"name": "ScrollStrategy"
											}
										}
									],
									"sources": [
										{
											"fileName": "tooltip.directive.ts",
											"line": 68,
											"character": 25
										}
									]
								}
							}
						},
						{
							"id": 32,
							"name": "_showDelay",
							"kind": 1024,
							"kindString": "Property",
							"flags": {
								"isPrivate": true,
								"isExported": true
							},
							"sources": [
								{
									"fileName": "tooltip.directive.ts",
									"line": 61,
									"character": 19
								}
							],
							"type": {
								"type": "intrinsic",
								"name": "number"
							},
							"defaultValue": "0"
						},
						{
							"id": 34,
							"name": "_tooltipClass",
							"kind": 1024,
							"kindString": "Property",
							"flags": {
								"isPrivate": true,
								"isExported": true
							},
							"sources": [
								{
									"fileName": "tooltip.directive.ts",
									"line": 63,
									"character": 22
								}
							],
							"type": {
								"type": "union",
								"types": [
									{
										"type": "intrinsic",
										"name": "string"
									},
									{
										"type": "array",
										"elementType": {
											"type": "intrinsic",
											"name": "string"
										}
									},
									{
										"type": "reference",
										"name": "Set",
										"typeArguments": [
											{
												"type": "intrinsic",
												"name": "string"
											}
										]
									},
									{
										"type": "reflection",
										"declaration": {
											"id": 35,
											"name": "__type",
											"kind": 65536,
											"kindString": "Type literal",
											"flags": {},
											"indexSignature": [
												{
													"id": 36,
													"name": "__index",
													"kind": 8192,
													"kindString": "Index signature",
													"flags": {},
													"parameters": [
														{
															"id": 37,
															"name": "key",
															"kind": 32768,
															"kindString": "Parameter",
															"flags": {},
															"type": {
																"type": "intrinsic",
																"name": "string"
															}
														}
													],
													"type": {
														"type": "intrinsic",
														"name": "any"
													}
												}
											],
											"sources": [
												{
													"fileName": "tooltip.directive.ts",
													"line": 67,
													"character": 3
												}
											]
										}
									}
								]
							}
						},
						{
							"id": 26,
							"name": "_tooltipInstance",
							"kind": 1024,
							"kindString": "Property",
							"flags": {
								"isPrivate": true,
								"isExported": true
							},
							"sources": [
								{
									"fileName": "tooltip.directive.ts",
									"line": 54,
									"character": 25
								}
							],
							"type": {
								"type": "union",
								"types": [
									{
										"type": "reference",
										"name": "TooltipComponent",
										"id": 2
									},
									{
										"type": "intrinsic",
										"name": "null"
									}
								]
							}
						},
						{
							"id": 45,
							"name": "_viewContainerRef",
							"kind": 1024,
							"kindString": "Property",
							"flags": {
								"isPrivate": true,
								"isExported": true,
								"isConstructorProperty": true
							},
							"sources": [
								{
									"fileName": "tooltip.directive.ts",
									"line": 74,
									"character": 27
								}
							],
							"type": {
								"type": "reference",
								"name": "ViewContainerRef"
							}
						},
						{
							"id": 62,
							"name": "disabled",
							"kind": 262144,
							"kindString": "Accessor",
							"flags": {
								"isExported": true
							},
							"decorators": [
								{
									"name": "Input",
									"type": {
										"type": "reference",
										"name": "Input"
									},
									"arguments": {
										"bindingPropertyName": "'snTooltipDisabled'"
									}
								}
							],
							"getSignature": [
								{
									"id": 63,
									"name": "__get",
									"kind": 524288,
									"kindString": "Get signature",
									"flags": {},
									"type": {
										"type": "intrinsic",
										"name": "boolean"
									}
								}
							],
							"setSignature": [
								{
									"id": 64,
									"name": "__set",
									"kind": 1048576,
									"kindString": "Set signature",
									"flags": {},
									"parameters": [
										{
											"id": 65,
											"name": "value",
											"kind": 32768,
											"kindString": "Parameter",
											"flags": {},
											"type": {
												"type": "intrinsic",
												"name": "boolean"
											}
										}
									],
									"type": {
										"type": "intrinsic",
										"name": "void"
									}
								}
							],
							"sources": [
								{
									"fileName": "tooltip.directive.ts",
									"line": 108,
									"character": 13
								},
								{
									"fileName": "tooltip.directive.ts",
									"line": 111,
									"character": 13
								}
							]
						},
						{
							"id": 66,
							"name": "hideDelay",
							"kind": 262144,
							"kindString": "Accessor",
							"flags": {
								"isExported": true
							},
							"decorators": [
								{
									"name": "Input",
									"type": {
										"type": "reference",
										"name": "Input"
									},
									"arguments": {
										"bindingPropertyName": "'snTooltipHideDelay'"
									}
								}
							],
							"getSignature": [
								{
									"id": 67,
									"name": "__get",
									"kind": 524288,
									"kindString": "Get signature",
									"flags": {},
									"type": {
										"type": "intrinsic",
										"name": "number"
									}
								}
							],
							"setSignature": [
								{
									"id": 68,
									"name": "__set",
									"kind": 1048576,
									"kindString": "Set signature",
									"flags": {},
									"parameters": [
										{
											"id": 69,
											"name": "value",
											"kind": 32768,
											"kindString": "Parameter",
											"flags": {},
											"type": {
												"type": "intrinsic",
												"name": "number"
											}
										}
									],
									"type": {
										"type": "intrinsic",
										"name": "void"
									}
								}
							],
							"sources": [
								{
									"fileName": "tooltip.directive.ts",
									"line": 119,
									"character": 14
								},
								{
									"fileName": "tooltip.directive.ts",
									"line": 122,
									"character": 14
								}
							]
						},
						{
							"id": 54,
							"name": "message",
							"kind": 262144,
							"kindString": "Accessor",
							"flags": {
								"isExported": true
							},
							"decorators": [
								{
									"name": "Input",
									"type": {
										"type": "reference",
										"name": "Input"
									},
									"arguments": {
										"bindingPropertyName": "'snTooltip'"
									}
								}
							],
							"getSignature": [
								{
									"id": 55,
									"name": "__get",
									"kind": 524288,
									"kindString": "Get signature",
									"flags": {},
									"type": {
										"type": "intrinsic",
										"name": "string"
									}
								}
							],
							"setSignature": [
								{
									"id": 56,
									"name": "__set",
									"kind": 1048576,
									"kindString": "Set signature",
									"flags": {},
									"parameters": [
										{
											"id": 57,
											"name": "value",
											"kind": 32768,
											"kindString": "Parameter",
											"flags": {},
											"type": {
												"type": "intrinsic",
												"name": "string"
											}
										}
									],
									"type": {
										"type": "intrinsic",
										"name": "void"
									}
								}
							],
							"sources": [
								{
									"fileName": "tooltip.directive.ts",
									"line": 82,
									"character": 12
								},
								{
									"fileName": "tooltip.directive.ts",
									"line": 85,
									"character": 12
								}
							]
						},
						{
							"id": 58,
							"name": "position",
							"kind": 262144,
							"kindString": "Accessor",
							"flags": {
								"isExported": true
							},
							"decorators": [
								{
									"name": "Input",
									"type": {
										"type": "reference",
										"name": "Input"
									},
									"arguments": {
										"bindingPropertyName": "'snTooltipPosition'"
									}
								}
							],
							"getSignature": [
								{
									"id": 59,
									"name": "__get",
									"kind": 524288,
									"kindString": "Get signature",
									"flags": {},
									"type": {
										"type": "intrinsic",
										"name": "string"
									}
								}
							],
							"setSignature": [
								{
									"id": 60,
									"name": "__set",
									"kind": 1048576,
									"kindString": "Set signature",
									"flags": {},
									"parameters": [
										{
											"id": 61,
											"name": "value",
											"kind": 32768,
											"kindString": "Parameter",
											"flags": {},
											"type": {
												"type": "intrinsic",
												"name": "string"
											}
										}
									],
									"type": {
										"type": "intrinsic",
										"name": "void"
									}
								}
							],
							"sources": [
								{
									"fileName": "tooltip.directive.ts",
									"line": 90,
									"character": 13
								},
								{
									"fileName": "tooltip.directive.ts",
									"line": 93,
									"character": 13
								}
							]
						},
						{
							"id": 70,
							"name": "showDelay",
							"kind": 262144,
							"kindString": "Accessor",
							"flags": {
								"isExported": true
							},
							"decorators": [
								{
									"name": "Input",
									"type": {
										"type": "reference",
										"name": "Input"
									},
									"arguments": {
										"bindingPropertyName": "'snTooltipShowDelay'"
									}
								}
							],
							"getSignature": [
								{
									"id": 71,
									"name": "__get",
									"kind": 524288,
									"kindString": "Get signature",
									"flags": {},
									"type": {
										"type": "intrinsic",
										"name": "number"
									}
								}
							],
							"setSignature": [
								{
									"id": 72,
									"name": "__set",
									"kind": 1048576,
									"kindString": "Set signature",
									"flags": {},
									"parameters": [
										{
											"id": 73,
											"name": "value",
											"kind": 32768,
											"kindString": "Parameter",
											"flags": {},
											"type": {
												"type": "intrinsic",
												"name": "number"
											}
										}
									],
									"type": {
										"type": "intrinsic",
										"name": "void"
									}
								}
							],
							"sources": [
								{
									"fileName": "tooltip.directive.ts",
									"line": 127,
									"character": 14
								},
								{
									"fileName": "tooltip.directive.ts",
									"line": 130,
									"character": 14
								}
							]
						},
						{
							"id": 74,
							"name": "tooltipClass",
							"kind": 262144,
							"kindString": "Accessor",
							"flags": {
								"isExported": true
							},
							"decorators": [
								{
									"name": "Input",
									"type": {
										"type": "reference",
										"name": "Input"
									},
									"arguments": {
										"bindingPropertyName": "'snTooltipClass'"
									}
								}
							],
							"getSignature": [
								{
									"id": 75,
									"name": "__get",
									"kind": 524288,
									"kindString": "Get signature",
									"flags": {},
									"type": {
										"type": "union",
										"types": [
											{
												"type": "intrinsic",
												"name": "string"
											},
											{
												"type": "array",
												"elementType": {
													"type": "intrinsic",
													"name": "string"
												}
											},
											{
												"type": "reference",
												"name": "Set",
												"typeArguments": [
													{
														"type": "intrinsic",
														"name": "string"
													}
												]
											},
											{
												"type": "reflection",
												"declaration": {
													"id": 76,
													"name": "__type",
													"kind": 65536,
													"kindString": "Type literal",
													"flags": {},
													"indexSignature": [
														{
															"id": 77,
															"name": "__index",
															"kind": 8192,
															"kindString": "Index signature",
															"flags": {},
															"parameters": [
																{
																	"id": 78,
																	"name": "key",
																	"kind": 32768,
																	"kindString": "Parameter",
																	"flags": {},
																	"type": {
																		"type": "intrinsic",
																		"name": "string"
																	}
																}
															],
															"type": {
																"type": "intrinsic",
																"name": "any"
															}
														}
													]
												}
											}
										]
									}
								}
							],
							"setSignature": [
								{
									"id": 79,
									"name": "__set",
									"kind": 1048576,
									"kindString": "Set signature",
									"flags": {},
									"parameters": [
										{
											"id": 80,
											"name": "value",
											"kind": 32768,
											"kindString": "Parameter",
											"flags": {},
											"type": {
												"type": "union",
												"types": [
													{
														"type": "intrinsic",
														"name": "string"
													},
													{
														"type": "array",
														"elementType": {
															"type": "intrinsic",
															"name": "string"
														}
													},
													{
														"type": "reference",
														"name": "Set",
														"typeArguments": [
															{
																"type": "intrinsic",
																"name": "string"
															}
														]
													},
													{
														"type": "reflection",
														"declaration": {
															"id": 81,
															"name": "__type",
															"kind": 65536,
															"kindString": "Type literal",
															"flags": {},
															"indexSignature": [
																{
																	"id": 82,
																	"name": "__index",
																	"kind": 8192,
																	"kindString": "Index signature",
																	"flags": {},
																	"parameters": [
																		{
																			"id": 83,
																			"name": "key",
																			"kind": 32768,
																			"kindString": "Parameter",
																			"flags": {},
																			"type": {
																				"type": "intrinsic",
																				"name": "string"
																			}
																		}
																	],
																	"type": {
																		"type": "intrinsic",
																		"name": "any"
																	}
																}
															],
															"sources": [
																{
																	"fileName": "tooltip.directive.ts",
																	"line": 140,
																	"character": 42
																}
															]
														}
													}
												]
											}
										}
									],
									"type": {
										"type": "intrinsic",
										"name": "void"
									}
								}
							],
							"sources": [
								{
									"fileName": "tooltip.directive.ts",
									"line": 136,
									"character": 17
								},
								{
									"fileName": "tooltip.directive.ts",
									"line": 139,
									"character": 17
								}
							]
						},
						{
							"id": 96,
							"name": "_createOverlay",
							"kind": 2048,
							"kindString": "Method",
							"flags": {
								"isPrivate": true,
								"isExported": true
							},
							"signatures": [
								{
									"id": 97,
									"name": "_createOverlay",
									"kind": 4096,
									"kindString": "Call signature",
									"flags": {},
									"type": {
										"type": "reference",
										"name": "OverlayRef"
									}
								}
							],
							"sources": [
								{
									"fileName": "tooltip.directive.ts",
									"line": 195,
									"character": 23
								}
							]
						},
						{
							"id": 108,
							"name": "_getOrigin",
							"kind": 2048,
							"kindString": "Method",
							"flags": {
								"isPrivate": true,
								"isExported": true
							},
							"signatures": [
								{
									"id": 109,
									"name": "_getOrigin",
									"kind": 4096,
									"kindString": "Call signature",
									"flags": {},
									"type": {
										"type": "reflection",
										"declaration": {
											"id": 110,
											"name": "__type",
											"kind": 65536,
											"kindString": "Type literal",
											"flags": {},
											"children": [
												{
													"id": 112,
													"name": "fallback",
													"kind": 32,
													"kindString": "Variable",
													"flags": {},
													"sources": [
														{
															"fileName": "tooltip.directive.ts",
															"line": 257,
															"character": 10
														}
													],
													"type": {
														"type": "reference",
														"name": "OriginConnectionPosition"
													}
												},
												{
													"id": 111,
													"name": "main",
													"kind": 32,
													"kindString": "Variable",
													"flags": {},
													"sources": [
														{
															"fileName": "tooltip.directive.ts",
															"line": 256,
															"character": 6
														}
													],
													"type": {
														"type": "reference",
														"name": "OriginConnectionPosition"
													}
												}
											],
											"groups": [
												{
													"title": "Variables",
													"kind": 32,
													"children": [112, 111]
												}
											],
											"sources": [
												{
													"fileName": "tooltip.directive.ts",
													"line": 255,
													"character": 22
												}
											]
										}
									}
								}
							],
							"sources": [
								{
									"fileName": "tooltip.directive.ts",
									"line": 255,
									"character": 19
								}
							]
						},
						{
							"id": 113,
							"name": "_getOverlayPosition",
							"kind": 2048,
							"kindString": "Method",
							"flags": {
								"isPrivate": true,
								"isExported": true
							},
							"signatures": [
								{
									"id": 114,
									"name": "_getOverlayPosition",
									"kind": 4096,
									"kindString": "Call signature",
									"flags": {},
									"type": {
										"type": "reflection",
										"declaration": {
											"id": 115,
											"name": "__type",
											"kind": 65536,
											"kindString": "Type literal",
											"flags": {},
											"children": [
												{
													"id": 117,
													"name": "fallback",
													"kind": 32,
													"kindString": "Variable",
													"flags": {},
													"sources": [
														{
															"fileName": "tooltip.directive.ts",
															"line": 296,
															"character": 10
														}
													],
													"type": {
														"type": "reference",
														"name": "OverlayConnectionPosition"
													}
												},
												{
													"id": 116,
													"name": "main",
													"kind": 32,
													"kindString": "Variable",
													"flags": {},
													"sources": [
														{
															"fileName": "tooltip.directive.ts",
															"line": 295,
															"character": 6
														}
													],
													"type": {
														"type": "reference",
														"name": "OverlayConnectionPosition"
													}
												}
											],
											"groups": [
												{
													"title": "Variables",
													"kind": 32,
													"children": [117, 116]
												}
											],
											"sources": [
												{
													"fileName": "tooltip.directive.ts",
													"line": 294,
													"character": 31
												}
											]
										}
									}
								}
							],
							"sources": [
								{
									"fileName": "tooltip.directive.ts",
									"line": 294,
									"character": 28
								}
							]
						},
						{
							"id": 118,
							"name": "_invertPosition",
							"kind": 2048,
							"kindString": "Method",
							"flags": {
								"isPrivate": true,
								"isExported": true
							},
							"signatures": [
								{
									"id": 119,
									"name": "_invertPosition",
									"kind": 4096,
									"kindString": "Call signature",
									"flags": {},
									"parameters": [
										{
											"id": 120,
											"name": "x",
											"kind": 32768,
											"kindString": "Parameter",
											"flags": {},
											"type": {
												"type": "reference",
												"name": "HorizontalConnectionPos"
											}
										},
										{
											"id": 121,
											"name": "y",
											"kind": 32768,
											"kindString": "Parameter",
											"flags": {},
											"type": {
												"type": "reference",
												"name": "VerticalConnectionPos"
											}
										}
									],
									"type": {
										"type": "reflection",
										"declaration": {
											"id": 122,
											"name": "__type",
											"kind": 65536,
											"kindString": "Type literal",
											"flags": {},
											"children": [
												{
													"id": 123,
													"name": "x",
													"kind": 32,
													"kindString": "Variable",
													"flags": {},
													"sources": [
														{
															"fileName": "tooltip.directive.ts",
															"line": 349,
															"character": 12
														}
													],
													"type": {
														"type": "union",
														"types": [
															{
																"type": "stringLiteral",
																"value": "start"
															},
															{
																"type": "stringLiteral",
																"value": "center"
															},
															{
																"type": "stringLiteral",
																"value": "end"
															}
														]
													}
												},
												{
													"id": 124,
													"name": "y",
													"kind": 32,
													"kindString": "Variable",
													"flags": {},
													"sources": [
														{
															"fileName": "tooltip.directive.ts",
															"line": 349,
															"character": 15
														}
													],
													"type": {
														"type": "union",
														"types": [
															{
																"type": "stringLiteral",
																"value": "center"
															},
															{
																"type": "stringLiteral",
																"value": "top"
															},
															{
																"type": "stringLiteral",
																"value": "bottom"
															}
														]
													}
												}
											],
											"groups": [
												{
													"title": "Variables",
													"kind": 32,
													"children": [123, 124]
												}
											]
										}
									}
								}
							],
							"sources": [
								{
									"fileName": "tooltip.directive.ts",
									"line": 331,
									"character": 24
								}
							]
						},
						{
							"id": 100,
							"name": "_setTooltipClass",
							"kind": 2048,
							"kindString": "Method",
							"flags": {
								"isPrivate": true,
								"isExported": true
							},
							"signatures": [
								{
									"id": 101,
									"name": "_setTooltipClass",
									"kind": 4096,
									"kindString": "Call signature",
									"flags": {},
									"parameters": [
										{
											"id": 102,
											"name": "tooltipClass",
											"kind": 32768,
											"kindString": "Parameter",
											"flags": {},
											"type": {
												"type": "union",
												"types": [
													{
														"type": "intrinsic",
														"name": "string"
													},
													{
														"type": "array",
														"elementType": {
															"type": "intrinsic",
															"name": "string"
														}
													},
													{
														"type": "reference",
														"name": "Set",
														"typeArguments": [
															{
																"type": "intrinsic",
																"name": "string"
															}
														]
													},
													{
														"type": "reflection",
														"declaration": {
															"id": 103,
															"name": "__type",
															"kind": 65536,
															"kindString": "Type literal",
															"flags": {},
															"indexSignature": [
																{
																	"id": 104,
																	"name": "__index",
																	"kind": 8192,
																	"kindString": "Index signature",
																	"flags": {},
																	"parameters": [
																		{
																			"id": 105,
																			"name": "key",
																			"kind": 32768,
																			"kindString": "Parameter",
																			"flags": {},
																			"type": {
																				"type": "intrinsic",
																				"name": "string"
																			}
																		}
																	],
																	"type": {
																		"type": "intrinsic",
																		"name": "any"
																	}
																}
															],
															"sources": [
																{
																	"fileName": "tooltip.directive.ts",
																	"line": 235,
																	"character": 49
																}
															]
														}
													}
												]
											}
										}
									],
									"type": {
										"type": "intrinsic",
										"name": "void"
									}
								}
							],
							"sources": [
								{
									"fileName": "tooltip.directive.ts",
									"line": 234,
									"character": 25
								}
							]
						},
						{
							"id": 106,
							"name": "_updatePosition",
							"kind": 2048,
							"kindString": "Method",
							"flags": {
								"isPrivate": true,
								"isExported": true
							},
							"signatures": [
								{
									"id": 107,
									"name": "_updatePosition",
									"kind": 4096,
									"kindString": "Call signature",
									"flags": {},
									"type": {
										"type": "intrinsic",
										"name": "void"
									}
								}
							],
							"sources": [
								{
									"fileName": "tooltip.directive.ts",
									"line": 243,
									"character": 24
								}
							]
						},
						{
							"id": 98,
							"name": "_updateTooltipMessage",
							"kind": 2048,
							"kindString": "Method",
							"flags": {
								"isPrivate": true,
								"isExported": true
							},
							"signatures": [
								{
									"id": 99,
									"name": "_updateTooltipMessage",
									"kind": 4096,
									"kindString": "Call signature",
									"flags": {},
									"type": {
										"type": "intrinsic",
										"name": "void"
									}
								}
							],
							"sources": [
								{
									"fileName": "tooltip.directive.ts",
									"line": 229,
									"character": 30
								}
							]
						},
						{
							"id": 88,
							"name": "hide",
							"kind": 2048,
							"kindString": "Method",
							"flags": {
								"isPublic": true,
								"isExported": true
							},
							"signatures": [
								{
									"id": 89,
									"name": "hide",
									"kind": 4096,
									"kindString": "Call signature",
									"flags": {},
									"parameters": [
										{
											"id": 90,
											"name": "delay",
											"kind": 32768,
											"kindString": "Parameter",
											"flags": {},
											"type": {
												"type": "intrinsic",
												"name": "number"
											}
										}
									],
									"type": {
										"type": "intrinsic",
										"name": "void"
									}
								}
							],
							"sources": [
								{
									"fileName": "tooltip.directive.ts",
									"line": 160,
									"character": 12
								}
							]
						},
						{
							"id": 84,
							"name": "mouseenter",
							"kind": 2048,
							"kindString": "Method",
							"flags": {
								"isExported": true
							},
							"decorators": [
								{
									"name": "HostListener",
									"type": {
										"type": "reference",
										"name": "HostListener"
									},
									"arguments": {
										"eventName": "'mouseenter'"
									}
								}
							],
							"signatures": [
								{
									"id": 85,
									"name": "mouseenter",
									"kind": 4096,
									"kindString": "Call signature",
									"flags": {},
									"type": {
										"type": "intrinsic",
										"name": "void"
									}
								}
							],
							"sources": [
								{
									"fileName": "tooltip.directive.ts",
									"line": 149,
									"character": 11
								}
							]
						},
						{
							"id": 86,
							"name": "mouseout",
							"kind": 2048,
							"kindString": "Method",
							"flags": {
								"isExported": true
							},
							"decorators": [
								{
									"name": "HostListener",
									"type": {
										"type": "reference",
										"name": "HostListener"
									},
									"arguments": {
										"eventName": "'mouseout'"
									}
								}
							],
							"signatures": [
								{
									"id": 87,
									"name": "mouseout",
									"kind": 4096,
									"kindString": "Call signature",
									"flags": {},
									"type": {
										"type": "intrinsic",
										"name": "void"
									}
								}
							],
							"sources": [
								{
									"fileName": "tooltip.directive.ts",
									"line": 156,
									"character": 9
								}
							]
						},
						{
							"id": 125,
							"name": "ngOnDestroy",
							"kind": 2048,
							"kindString": "Method",
							"flags": {
								"isExported": true
							},
							"signatures": [
								{
									"id": 126,
									"name": "ngOnDestroy",
									"kind": 4096,
									"kindString": "Call signature",
									"flags": {},
									"type": {
										"type": "intrinsic",
										"name": "void"
									}
								}
							],
							"sources": [
								{
									"fileName": "tooltip.directive.ts",
									"line": 352,
									"character": 12
								}
							]
						},
						{
							"id": 93,
							"name": "show",
							"kind": 2048,
							"kindString": "Method",
							"flags": {
								"isPublic": true,
								"isExported": true
							},
							"signatures": [
								{
									"id": 94,
									"name": "show",
									"kind": 4096,
									"kindString": "Call signature",
									"flags": {},
									"parameters": [
										{
											"id": 95,
											"name": "delay",
											"kind": 32768,
											"kindString": "Parameter",
											"flags": {},
											"type": {
												"type": "intrinsic",
												"name": "number"
											}
										}
									],
									"type": {
										"type": "intrinsic",
										"name": "void"
									}
								}
							],
							"sources": [
								{
									"fileName": "tooltip.directive.ts",
									"line": 177,
									"character": 12
								}
							]
						},
						{
							"id": 91,
							"name": "toggle",
							"kind": 2048,
							"kindString": "Method",
							"flags": {
								"isPublic": true,
								"isExported": true
							},
							"signatures": [
								{
									"id": 92,
									"name": "toggle",
									"kind": 4096,
									"kindString": "Call signature",
									"flags": {},
									"type": {
										"type": "intrinsic",
										"name": "void"
									}
								}
							],
							"sources": [
								{
									"fileName": "tooltip.directive.ts",
									"line": 169,
									"character": 14
								}
							]
						}
					],
					"groups": [
						{
							"title": "Constructors",
							"kind": 512,
							"children": [41]
						},
						{
							"title": "Properties",
							"kind": 1024,
							"children": [
								46,
								30,
								43,
								33,
								31,
								42,
								27,
								28,
								29,
								44,
								38,
								32,
								34,
								26,
								45
							]
						},
						{
							"title": "Accessors",
							"kind": 262144,
							"children": [62, 66, 54, 58, 70, 74]
						},
						{
							"title": "Methods",
							"kind": 2048,
							"children": [
								96,
								108,
								113,
								118,
								100,
								106,
								98,
								88,
								84,
								86,
								125,
								93,
								91
							]
						}
					],
					"sources": [
						{
							"fileName": "tooltip.directive.ts",
							"line": 53,
							"character": 31
						}
					],
					"implementedTypes": [
						{
							"type": "reference",
							"name": "OnDestroy"
						}
					]
				},
				{
					"id": 128,
					"name": "SCROLL_THROTTLE_MS",
					"kind": 32,
					"kindString": "Variable",
					"flags": {
						"isExported": true,
						"isConst": true
					},
					"sources": [
						{
							"fileName": "tooltip.directive.ts",
							"line": 30,
							"character": 31
						}
					],
					"type": {
						"type": "unknown",
						"name": "20"
					},
					"defaultValue": "20"
				},
				{
					"id": 129,
					"name": "SN_TOOLTIP_SCROLL_STRATEGY",
					"kind": 32,
					"kindString": "Variable",
					"flags": {
						"isExported": true,
						"isConst": true
					},
					"sources": [
						{
							"fileName": "tooltip.directive.ts",
							"line": 32,
							"character": 39
						}
					],
					"type": {
						"type": "reference",
						"name": "InjectionToken",
						"typeArguments": [
							{
								"type": "reflection",
								"declaration": {
									"id": 130,
									"name": "__type",
									"kind": 65536,
									"kindString": "Type literal",
									"flags": {},
									"signatures": [
										{
											"id": 131,
											"name": "__call",
											"kind": 4096,
											"kindString": "Call signature",
											"flags": {},
											"type": {
												"type": "reference",
												"name": "ScrollStrategy"
											}
										}
									]
								}
							}
						]
					},
					"defaultValue": " new InjectionToken<\n\t() => ScrollStrategy\n>('sn-tooltip-scroll-strategy')"
				},
				{
					"id": 127,
					"name": "TOOLTIP_PANEL_CLASS",
					"kind": 32,
					"kindString": "Variable",
					"flags": {
						"isExported": true,
						"isConst": true
					},
					"sources": [
						{
							"fileName": "tooltip.directive.ts",
							"line": 28,
							"character": 32
						}
					],
					"type": {
						"type": "stringLiteral",
						"value": "sn-tooltip-panel"
					},
					"defaultValue": "\"sn-tooltip-panel\""
				},
				{
					"id": 132,
					"name": "SN_TOOLTIP_SCROLL_STRATEGY_FACTORY",
					"kind": 64,
					"kindString": "Function",
					"flags": {
						"isExported": true
					},
					"signatures": [
						{
							"id": 133,
							"name": "SN_TOOLTIP_SCROLL_STRATEGY_FACTORY",
							"kind": 4096,
							"kindString": "Call signature",
							"flags": {},
							"parameters": [
								{
									"id": 134,
									"name": "overlay",
									"kind": 32768,
									"kindString": "Parameter",
									"flags": {},
									"type": {
										"type": "reference",
										"name": "Overlay"
									}
								}
							],
							"type": {
								"type": "reflection",
								"declaration": {
									"id": 135,
									"name": "__type",
									"kind": 65536,
									"kindString": "Type literal",
									"flags": {},
									"signatures": [
										{
											"id": 136,
											"name": "__call",
											"kind": 4096,
											"kindString": "Call signature",
											"flags": {},
											"type": {
												"type": "reference",
												"name": "ScrollStrategy"
											}
										}
									],
									"sources": [
										{
											"fileName": "tooltip.directive.ts",
											"line": 38,
											"character": 2
										}
									]
								}
							}
						}
					],
					"sources": [
						{
							"fileName": "tooltip.directive.ts",
							"line": 36,
							"character": 50
						}
					]
				},
				{
					"id": 137,
					"name": "SN_TOOLTIP_SCROLL_STRATEGY_FACTORY_PROVIDER",
					"kind": 2097152,
					"kindString": "Object literal",
					"flags": {
						"isExported": true,
						"isConst": true
					},
					"children": [
						{
							"id": 141,
							"name": "deps",
							"kind": 32,
							"kindString": "Variable",
							"flags": {
								"isExported": true
							},
							"sources": [
								{
									"fileName": "tooltip.directive.ts",
									"line": 45,
									"character": 5
								}
							],
							"type": {
								"type": "array",
								"elementType": {
									"type": "reference",
									"name": "Overlay"
								}
							},
							"defaultValue": " [Overlay]"
						},
						{
							"id": 138,
							"name": "provide",
							"kind": 32,
							"kindString": "Variable",
							"flags": {
								"isExported": true
							},
							"sources": [
								{
									"fileName": "tooltip.directive.ts",
									"line": 44,
									"character": 8
								}
							],
							"type": {
								"type": "reference",
								"name": "InjectionToken",
								"typeArguments": [
									{
										"type": "reflection",
										"declaration": {
											"id": 139,
											"name": "__type",
											"kind": 65536,
											"kindString": "Type literal",
											"flags": {},
											"signatures": [
												{
													"id": 140,
													"name": "__call",
													"kind": 4096,
													"kindString": "Call signature",
													"flags": {},
													"type": {
														"type": "reference",
														"name": "ScrollStrategy"
													}
												}
											]
										}
									}
								]
							},
							"defaultValue": " SN_TOOLTIP_SCROLL_STRATEGY"
						},
						{
							"id": 142,
							"name": "useFactory",
							"kind": 32,
							"kindString": "Variable",
							"flags": {
								"isExported": true
							},
							"sources": [
								{
									"fileName": "tooltip.directive.ts",
									"line": 46,
									"character": 11
								}
							],
							"type": {
								"type": "reference",
								"name": "SN_TOOLTIP_SCROLL_STRATEGY_FACTORY",
								"id": 132
							},
							"defaultValue": " SN_TOOLTIP_SCROLL_STRATEGY_FACTORY"
						}
					],
					"groups": [
						{
							"title": "Variables",
							"kind": 32,
							"children": [141, 138, 142]
						}
					],
					"sources": [
						{
							"fileName": "tooltip.directive.ts",
							"line": 43,
							"character": 56
						}
					],
					"type": {
						"type": "intrinsic",
						"name": "object"
					}
				}
			],
			"groups": [
				{
					"title": "Classes",
					"kind": 128,
					"children": [25]
				},
				{
					"title": "Variables",
					"kind": 32,
					"children": [128, 129, 127]
				},
				{
					"title": "Functions",
					"kind": 64,
					"children": [132]
				},
				{
					"title": "Object literals",
					"kind": 2097152,
					"children": [137]
				}
			],
			"sources": [
				{
					"fileName": "tooltip.directive.ts",
					"line": 1,
					"character": 0
				}
			]
		}
	],
	"groups": [
		{
			"title": "External modules",
			"kind": 1,
			"children": [1, 24]
		}
	]
}
