{
	"id": 0,
	"name": "@santander/flame-component-library",
	"kind": 0,
	"flags": {},
	"children": [
		{
			"id": 1,
			"name": "\"motive-field.component\"",
			"kind": 1,
			"kindString": "External module",
			"flags": {
				"isExported": true
			},
			"originalName": "/Users/mlmv/Workspace/SANTANDER/flame-santander/flame-workspace/libs/flame-component-library/src/lib/molecules/motive-field/motive-field.component.ts",
			"children": [
				{
					"id": 2,
					"name": "MotiveFieldComponent",
					"kind": 128,
					"kindString": "Class",
					"flags": {
						"isExported": true
					},
					"decorators": [
						{
							"name": "Component",
							"type": {
								"type": "reference",
								"name": "Component"
							},
							"arguments": {
								"obj": "{\n\tselector: 'sn-motive-field',\n\ttemplateUrl: './motive-field.component.html',\n\tstyleUrls: ['./motive-field.component.scss']\n}"
							}
						}
					],
					"children": [
						{
							"id": 17,
							"name": "constructor",
							"kind": 512,
							"kindString": "Constructor",
							"flags": {
								"isExported": true
							},
							"signatures": [
								{
									"id": 18,
									"name": "new MotiveFieldComponent",
									"kind": 16384,
									"kindString": "Constructor signature",
									"flags": {},
									"type": {
										"type": "reference",
										"name": "MotiveFieldComponent",
										"id": 2
									}
								}
							],
							"sources": [
								{
									"fileName": "motive-field.component.ts",
									"line": 76,
									"character": 2
								}
							]
						},
						{
							"id": 9,
							"name": "cleanButtonActive",
							"kind": 1024,
							"kindString": "Property",
							"flags": {
								"isPublic": true,
								"isExported": true
							},
							"sources": [
								{
									"fileName": "motive-field.component.ts",
									"line": 32,
									"character": 25
								}
							],
							"type": {
								"type": "intrinsic",
								"name": "boolean"
							},
							"defaultValue": "false"
						},
						{
							"id": 4,
							"name": "disableComponent",
							"kind": 1024,
							"kindString": "Property",
							"flags": {
								"isExported": true
							},
							"decorators": [
								{
									"name": "Input",
									"type": {
										"type": "reference",
										"name": "Input"
									},
									"arguments": {}
								}
							],
							"sources": [
								{
									"fileName": "motive-field.component.ts",
									"line": 21,
									"character": 26
								}
							],
							"type": {
								"type": "intrinsic",
								"name": "boolean"
							},
							"defaultValue": "true"
						},
						{
							"id": 6,
							"name": "inputMotive",
							"kind": 1024,
							"kindString": "Property",
							"flags": {
								"isExported": true
							},
							"decorators": [
								{
									"name": "ViewChild",
									"type": {
										"type": "reference",
										"name": "ViewChild"
									},
									"arguments": {
										"selector": "'motiveInput'"
									}
								}
							],
							"sources": [
								{
									"fileName": "motive-field.component.ts",
									"line": 25,
									"character": 38
								}
							],
							"type": {
								"type": "reference",
								"name": "ElementRef"
							}
						},
						{
							"id": 7,
							"name": "minWidth",
							"kind": 1024,
							"kindString": "Property",
							"flags": {
								"isPublic": true,
								"isExported": true
							},
							"sources": [
								{
									"fileName": "motive-field.component.ts",
									"line": 28,
									"character": 16
								}
							],
							"type": {
								"type": "intrinsic",
								"name": "number"
							},
							"defaultValue": "80"
						},
						{
							"id": 3,
							"name": "motivo",
							"kind": 1024,
							"kindString": "Property",
							"flags": {
								"isExported": true
							},
							"decorators": [
								{
									"name": "Output",
									"type": {
										"type": "reference",
										"name": "Output"
									},
									"arguments": {}
								}
							],
							"sources": [
								{
									"fileName": "motive-field.component.ts",
									"line": 18,
									"character": 17
								}
							],
							"type": {
								"type": "reference",
								"name": "EventEmitter",
								"typeArguments": [
									{
										"type": "intrinsic",
										"name": "string"
									}
								]
							},
							"defaultValue": " new EventEmitter<string>()"
						},
						{
							"id": 5,
							"name": "textHelper",
							"kind": 1024,
							"kindString": "Property",
							"flags": {
								"isExported": true
							},
							"decorators": [
								{
									"name": "ViewChild",
									"type": {
										"type": "reference",
										"name": "ViewChild"
									},
									"arguments": {
										"selector": "'hiddenText'"
									}
								}
							],
							"sources": [
								{
									"fileName": "motive-field.component.ts",
									"line": 24,
									"character": 36
								}
							],
							"type": {
								"type": "reference",
								"name": "ElementRef"
							}
						},
						{
							"id": 8,
							"name": "width",
							"kind": 1024,
							"kindString": "Property",
							"flags": {
								"isPublic": true,
								"isExported": true
							},
							"sources": [
								{
									"fileName": "motive-field.component.ts",
									"line": 29,
									"character": 13
								}
							],
							"type": {
								"type": "intrinsic",
								"name": "number"
							},
							"defaultValue": " this.minWidth"
						},
						{
							"id": 14,
							"name": "calculateFocusWidth",
							"kind": 2048,
							"kindString": "Method",
							"flags": {
								"isExported": true
							},
							"signatures": [
								{
									"id": 15,
									"name": "calculateFocusWidth",
									"kind": 4096,
									"kindString": "Call signature",
									"flags": {},
									"parameters": [
										{
											"id": 16,
											"name": "focusin",
											"kind": 32768,
											"kindString": "Parameter",
											"flags": {},
											"type": {
												"type": "intrinsic",
												"name": "boolean"
											},
											"defaultValue": "true"
										}
									],
									"type": {
										"type": "intrinsic",
										"name": "void"
									}
								}
							],
							"sources": [
								{
									"fileName": "motive-field.component.ts",
									"line": 63,
									"character": 20
								}
							]
						},
						{
							"id": 19,
							"name": "ngOnInit",
							"kind": 2048,
							"kindString": "Method",
							"flags": {
								"isExported": true
							},
							"signatures": [
								{
									"id": 20,
									"name": "ngOnInit",
									"kind": 4096,
									"kindString": "Call signature",
									"flags": {},
									"type": {
										"type": "intrinsic",
										"name": "void"
									}
								}
							],
							"sources": [
								{
									"fileName": "motive-field.component.ts",
									"line": 82,
									"character": 9
								}
							]
						},
						{
							"id": 12,
							"name": "resetInput",
							"kind": 2048,
							"kindString": "Method",
							"flags": {
								"isExported": true
							},
							"signatures": [
								{
									"id": 13,
									"name": "resetInput",
									"kind": 4096,
									"kindString": "Call signature",
									"flags": {},
									"type": {
										"type": "intrinsic",
										"name": "void"
									}
								}
							],
							"sources": [
								{
									"fileName": "motive-field.component.ts",
									"line": 48,
									"character": 11
								}
							]
						},
						{
							"id": 10,
							"name": "resize",
							"kind": 2048,
							"kindString": "Method",
							"flags": {
								"isExported": true
							},
							"signatures": [
								{
									"id": 11,
									"name": "resize",
									"kind": 4096,
									"kindString": "Call signature",
									"flags": {},
									"type": {
										"type": "intrinsic",
										"name": "void"
									}
								}
							],
							"sources": [
								{
									"fileName": "motive-field.component.ts",
									"line": 34,
									"character": 7
								}
							]
						}
					],
					"groups": [
						{
							"title": "Constructors",
							"kind": 512,
							"children": [17]
						},
						{
							"title": "Properties",
							"kind": 1024,
							"children": [9, 4, 6, 7, 3, 5, 8]
						},
						{
							"title": "Methods",
							"kind": 2048,
							"children": [14, 19, 12, 10]
						}
					],
					"sources": [
						{
							"fileName": "motive-field.component.ts",
							"line": 16,
							"character": 33
						}
					],
					"implementedTypes": [
						{
							"type": "reference",
							"name": "OnInit"
						}
					]
				}
			],
			"groups": [
				{
					"title": "Classes",
					"kind": 128,
					"children": [2]
				}
			],
			"sources": [
				{
					"fileName": "motive-field.component.ts",
					"line": 1,
					"character": 0
				}
			]
		}
	],
	"groups": [
		{
			"title": "External modules",
			"kind": 1,
			"children": [1]
		}
	]
}
