{
  "project_info": {
    "project_number": "857931968704",
    "project_id": "direct-wealth-development",
    "storage_bucket": "direct-wealth-development.appspot.com"
  },
  "client": [
    {
      "client_info": {
        "mobilesdk_app_id": "1:857931968704:android:00f444d4c827051ae7fd25",
        "android_client_info": {
          "package_name": "co.uk.aviva.directwealth"
        }
      },
      "oauth_client": [
        {
          "client_id": "857931968704-ea9lsv76q9knsqgvrnfie9mff14m2j83.apps.googleusercontent.com",
          "client_type": 3
        }
      ],
      "api_key": [
        {
          "current_key": "AIzaSyDKylquBpOrjve7XlXfjPyEqzWDfJtt4lU"
        }
      ],
      "services": {
        "appinvite_service": {
          "other_platform_oauth_client": [
            {
              "client_id": "857931968704-ea9lsv76q9knsqgvrnfie9mff14m2j83.apps.googleusercontent.com",
              "client_type": 3
            }
          ]
        }
      }
    }
  ],
  "configuration_version": "1"
}
