{
	"id": 0,
	"name": "@santander/flame-component-library",
	"kind": 0,
	"flags": {},
	"children": [
		{
			"id": 1,
			"name": "\"spinner.component\"",
			"kind": 1,
			"kindString": "External module",
			"flags": {
				"isExported": true
			},
			"originalName": "/Users/mlmv/Workspace/SANTANDER/flame-santander/flame-workspace/libs/flame-component-library/src/lib/atoms/spinner/spinner.component.ts",
			"children": [
				{
					"id": 2,
					"name": "SpinnerComponent",
					"kind": 128,
					"kindString": "Class",
					"flags": {
						"isExported": true
					},
					"decorators": [
						{
							"name": "Component",
							"type": {
								"type": "reference",
								"name": "Component"
							},
							"arguments": {
								"obj": "{\n\tselector: 'sn-spinner, sn-loader',\n\ttemplateUrl: 'spinner.component.html',\n\tstyleUrls: ['./spinner.component.scss']\n}"
							}
						}
					],
					"children": [
						{
							"id": 3,
							"name": "constructor",
							"kind": 512,
							"kindString": "Constructor",
							"flags": {
								"isExported": true
							},
							"signatures": [
								{
									"id": 4,
									"name": "new SpinnerComponent",
									"kind": 16384,
									"kindString": "Constructor signature",
									"flags": {},
									"type": {
										"type": "reference",
										"name": "SpinnerComponent",
										"id": 2
									}
								}
							],
							"sources": [
								{
									"fileName": "spinner.component.ts",
									"line": 8,
									"character": 49
								}
							]
						},
						{
							"id": 6,
							"name": "inverse",
							"kind": 1024,
							"kindString": "Property",
							"flags": {
								"isPublic": true,
								"isExported": true
							},
							"decorators": [
								{
									"name": "Input",
									"type": {
										"type": "reference",
										"name": "Input"
									},
									"arguments": {}
								}
							],
							"sources": [
								{
									"fileName": "spinner.component.ts",
									"line": 15,
									"character": 15
								}
							],
							"type": {
								"type": "intrinsic",
								"name": "boolean"
							}
						},
						{
							"id": 5,
							"name": "type",
							"kind": 1024,
							"kindString": "Property",
							"flags": {
								"isPublic": true,
								"isExported": true
							},
							"decorators": [
								{
									"name": "Input",
									"type": {
										"type": "reference",
										"name": "Input"
									},
									"arguments": {}
								}
							],
							"sources": [
								{
									"fileName": "spinner.component.ts",
									"line": 12,
									"character": 12
								}
							],
							"type": {
								"type": "intrinsic",
								"name": "string"
							},
							"defaultValue": "\"\""
						},
						{
							"id": 7,
							"name": "ngOnInit",
							"kind": 2048,
							"kindString": "Method",
							"flags": {
								"isExported": true
							},
							"signatures": [
								{
									"id": 8,
									"name": "ngOnInit",
									"kind": 4096,
									"kindString": "Call signature",
									"flags": {},
									"type": {
										"type": "intrinsic",
										"name": "void"
									}
								}
							],
							"sources": [
								{
									"fileName": "spinner.component.ts",
									"line": 17,
									"character": 9
								}
							]
						}
					],
					"groups": [
						{
							"title": "Constructors",
							"kind": 512,
							"children": [3]
						},
						{
							"title": "Properties",
							"kind": 1024,
							"children": [6, 5]
						},
						{
							"title": "Methods",
							"kind": 2048,
							"children": [7]
						}
					],
					"sources": [
						{
							"fileName": "spinner.component.ts",
							"line": 8,
							"character": 29
						}
					],
					"implementedTypes": [
						{
							"type": "reference",
							"name": "OnInit"
						}
					]
				}
			],
			"groups": [
				{
					"title": "Classes",
					"kind": 128,
					"children": [2]
				}
			],
			"sources": [
				{
					"fileName": "spinner.component.ts",
					"line": 1,
					"character": 0
				}
			]
		}
	],
	"groups": [
		{
			"title": "External modules",
			"kind": 1,
			"children": [1]
		}
	]
}
