{
	"id": 0,
	"name": "@santander/flame-component-library",
	"kind": 0,
	"flags": {},
	"children": [
		{
			"id": 1,
			"name": "\"checkbox.component\"",
			"kind": 1,
			"kindString": "External module",
			"flags": {
				"isExported": true
			},
			"originalName": "/Users/mlmv/Workspace/SANTANDER/flame-santander/flame-workspace/libs/flame-component-library/src/lib/atoms/checkbox/checkbox.component.ts",
			"children": [
				{
					"id": 5,
					"name": "CheckboxComponent",
					"kind": 128,
					"kindString": "Class",
					"flags": {
						"isExported": true
					},
					"decorators": [
						{
							"name": "Component",
							"type": {
								"type": "reference",
								"name": "Component"
							},
							"arguments": {
								"obj": "{\n\tselector: 'sn-checkbox',\n\ttemplateUrl: './checkbox.component.html',\n\tstyleUrls: ['./checkbox.component.scss'],\n\t// tslint:disable-next-line:use-host-property-decorator\n\thost: {\n\t\t'[id]': 'id',\n\t\tclass: 'sn-checkbox',\n\t\t'[class.sn-checkbox-checked]': 'checked',\n\t\t'[class.sn-checkbox-disabled]': 'disabled'\n\t},\n\tproviders: [\n\t\t{\n\t\t\tprovide: NG_VALUE_ACCESSOR,\n\t\t\tuseExisting: forwardRef(() => CheckboxComponent),\n\t\t\tmulti: true\n\t\t}\n\t],\n\tencapsulation: ViewEncapsulation.None\n}"
							}
						}
					],
					"children": [
						{
							"id": 6,
							"name": "constructor",
							"kind": 512,
							"kindString": "Constructor",
							"flags": {
								"isExported": true
							},
							"signatures": [
								{
									"id": 7,
									"name": "new CheckboxComponent",
									"kind": 16384,
									"kindString": "Constructor signature",
									"flags": {},
									"parameters": [
										{
											"id": 8,
											"name": "elementRef",
											"kind": 32768,
											"kindString": "Parameter",
											"flags": {},
											"type": {
												"type": "reference",
												"name": "ElementRef",
												"typeArguments": [
													{
														"type": "reference",
														"name": "HTMLElement"
													}
												]
											}
										}
									],
									"type": {
										"type": "reference",
										"name": "CheckboxComponent",
										"id": 5
									}
								}
							],
							"sources": [
								{
									"fileName": "checkbox.component.ts",
									"line": 41,
									"character": 64
								}
							]
						},
						{
							"id": 10,
							"name": "_checked",
							"kind": 1024,
							"kindString": "Property",
							"flags": {
								"isPrivate": true,
								"isExported": true
							},
							"sources": [
								{
									"fileName": "checkbox.component.ts",
									"line": 45,
									"character": 17
								}
							],
							"type": {
								"type": "intrinsic",
								"name": "boolean"
							},
							"defaultValue": "false"
						},
						{
							"id": 12,
							"name": "_disabled",
							"kind": 1024,
							"kindString": "Property",
							"flags": {
								"isPrivate": true,
								"isExported": true
							},
							"sources": [
								{
									"fileName": "checkbox.component.ts",
									"line": 47,
									"character": 18
								}
							],
							"type": {
								"type": "intrinsic",
								"name": "boolean"
							},
							"defaultValue": "false"
						},
						{
							"id": 31,
							"name": "_inputElement",
							"kind": 1024,
							"kindString": "Property",
							"flags": {
								"isExported": true
							},
							"decorators": [
								{
									"name": "ViewChild",
									"type": {
										"type": "reference",
										"name": "ViewChild"
									},
									"arguments": {
										"selector": "'input'"
									}
								}
							],
							"sources": [
								{
									"fileName": "checkbox.component.ts",
									"line": 86,
									"character": 34
								}
							],
							"type": {
								"type": "reference",
								"name": "ElementRef",
								"typeArguments": [
									{
										"type": "reference",
										"name": "HTMLInputElement"
									}
								]
							}
						},
						{
							"id": 11,
							"name": "_required",
							"kind": 1024,
							"kindString": "Property",
							"flags": {
								"isPrivate": true,
								"isExported": true
							},
							"sources": [
								{
									"fileName": "checkbox.component.ts",
									"line": 46,
									"character": 18
								}
							],
							"type": {
								"type": "intrinsic",
								"name": "boolean"
							}
						},
						{
							"id": 9,
							"name": "_uniqueId",
							"kind": 1024,
							"kindString": "Property",
							"flags": {
								"isPrivate": true,
								"isExported": true
							},
							"sources": [
								{
									"fileName": "checkbox.component.ts",
									"line": 44,
									"character": 18
								}
							],
							"type": {
								"type": "intrinsic",
								"name": "string"
							},
							"defaultValue": " `sn-checkbox-${++nextUniqueId}`"
						},
						{
							"id": 30,
							"name": "change",
							"kind": 1024,
							"kindString": "Property",
							"flags": {
								"isExported": true
							},
							"decorators": [
								{
									"name": "Output",
									"type": {
										"type": "reference",
										"name": "Output"
									},
									"arguments": {}
								}
							],
							"sources": [
								{
									"fileName": "checkbox.component.ts",
									"line": 82,
									"character": 26
								}
							],
							"type": {
								"type": "reference",
								"name": "EventEmitter",
								"typeArguments": [
									{
										"type": "reference",
										"name": "SnCheckboxChange",
										"id": 2
									}
								]
							},
							"defaultValue": " new EventEmitter<\n\t\tSnCheckboxChange\n\t>()"
						},
						{
							"id": 13,
							"name": "id",
							"kind": 1024,
							"kindString": "Property",
							"flags": {
								"isExported": true
							},
							"decorators": [
								{
									"name": "Input",
									"type": {
										"type": "reference",
										"name": "Input"
									},
									"arguments": {}
								}
							],
							"sources": [
								{
									"fileName": "checkbox.component.ts",
									"line": 49,
									"character": 12
								}
							],
							"type": {
								"type": "intrinsic",
								"name": "string"
							},
							"defaultValue": " this._uniqueId"
						},
						{
							"id": 29,
							"name": "name",
							"kind": 1024,
							"kindString": "Property",
							"flags": {
								"isExported": true
							},
							"decorators": [
								{
									"name": "Input",
									"type": {
										"type": "reference",
										"name": "Input"
									},
									"arguments": {}
								}
							],
							"sources": [
								{
									"fileName": "checkbox.component.ts",
									"line": 80,
									"character": 14
								}
							],
							"type": {
								"type": "union",
								"types": [
									{
										"type": "intrinsic",
										"name": "string"
									},
									{
										"type": "intrinsic",
										"name": "null"
									}
								]
							},
							"defaultValue": " null"
						},
						{
							"id": 28,
							"name": "value",
							"kind": 1024,
							"kindString": "Property",
							"flags": {
								"isExported": true
							},
							"decorators": [
								{
									"name": "Input",
									"type": {
										"type": "reference",
										"name": "Input"
									},
									"arguments": {}
								}
							],
							"sources": [
								{
									"fileName": "checkbox.component.ts",
									"line": 78,
									"character": 15
								}
							],
							"type": {
								"type": "intrinsic",
								"name": "string"
							}
						},
						{
							"id": 16,
							"name": "checked",
							"kind": 262144,
							"kindString": "Accessor",
							"flags": {
								"isExported": true
							},
							"decorators": [
								{
									"name": "Input",
									"type": {
										"type": "reference",
										"name": "Input"
									},
									"arguments": {}
								}
							],
							"getSignature": [
								{
									"id": 17,
									"name": "__get",
									"kind": 524288,
									"kindString": "Get signature",
									"flags": {},
									"type": {
										"type": "intrinsic",
										"name": "boolean"
									}
								}
							],
							"setSignature": [
								{
									"id": 18,
									"name": "__set",
									"kind": 1048576,
									"kindString": "Set signature",
									"flags": {},
									"parameters": [
										{
											"id": 19,
											"name": "value",
											"kind": 32768,
											"kindString": "Parameter",
											"flags": {},
											"type": {
												"type": "intrinsic",
												"name": "boolean"
											}
										}
									],
									"type": {
										"type": "intrinsic",
										"name": "void"
									}
								}
							],
							"sources": [
								{
									"fileName": "checkbox.component.ts",
									"line": 55,
									"character": 12
								},
								{
									"fileName": "checkbox.component.ts",
									"line": 58,
									"character": 12
								}
							]
						},
						{
							"id": 24,
							"name": "disabled",
							"kind": 262144,
							"kindString": "Accessor",
							"flags": {
								"isExported": true
							},
							"decorators": [
								{
									"name": "Input",
									"type": {
										"type": "reference",
										"name": "Input"
									},
									"arguments": {}
								}
							],
							"getSignature": [
								{
									"id": 25,
									"name": "__get",
									"kind": 524288,
									"kindString": "Get signature",
									"flags": {},
									"type": {
										"type": "intrinsic",
										"name": "any"
									}
								}
							],
							"setSignature": [
								{
									"id": 26,
									"name": "__set",
									"kind": 1048576,
									"kindString": "Set signature",
									"flags": {},
									"parameters": [
										{
											"id": 27,
											"name": "value",
											"kind": 32768,
											"kindString": "Parameter",
											"flags": {},
											"type": {
												"type": "intrinsic",
												"name": "any"
											}
										}
									],
									"type": {
										"type": "intrinsic",
										"name": "void"
									}
								}
							],
							"sources": [
								{
									"fileName": "checkbox.component.ts",
									"line": 71,
									"character": 13
								},
								{
									"fileName": "checkbox.component.ts",
									"line": 74,
									"character": 13
								}
							]
						},
						{
							"id": 14,
							"name": "inputId",
							"kind": 262144,
							"kindString": "Accessor",
							"flags": {
								"isExported": true
							},
							"getSignature": [
								{
									"id": 15,
									"name": "__get",
									"kind": 524288,
									"kindString": "Get signature",
									"flags": {},
									"type": {
										"type": "intrinsic",
										"name": "string"
									}
								}
							],
							"sources": [
								{
									"fileName": "checkbox.component.ts",
									"line": 50,
									"character": 12
								}
							]
						},
						{
							"id": 20,
							"name": "required",
							"kind": 262144,
							"kindString": "Accessor",
							"flags": {
								"isExported": true
							},
							"decorators": [
								{
									"name": "Input",
									"type": {
										"type": "reference",
										"name": "Input"
									},
									"arguments": {}
								}
							],
							"getSignature": [
								{
									"id": 21,
									"name": "__get",
									"kind": 524288,
									"kindString": "Get signature",
									"flags": {},
									"type": {
										"type": "intrinsic",
										"name": "boolean"
									}
								}
							],
							"setSignature": [
								{
									"id": 22,
									"name": "__set",
									"kind": 1048576,
									"kindString": "Set signature",
									"flags": {},
									"parameters": [
										{
											"id": 23,
											"name": "value",
											"kind": 32768,
											"kindString": "Parameter",
											"flags": {},
											"type": {
												"type": "intrinsic",
												"name": "boolean"
											}
										}
									],
									"type": {
										"type": "intrinsic",
										"name": "void"
									}
								}
							],
							"sources": [
								{
									"fileName": "checkbox.component.ts",
									"line": 63,
									"character": 13
								},
								{
									"fileName": "checkbox.component.ts",
									"line": 66,
									"character": 13
								}
							]
						},
						{
							"id": 32,
							"name": "_controlValueAccessorChangeFn",
							"kind": 2048,
							"kindString": "Method",
							"flags": {
								"isPrivate": true,
								"isExported": true
							},
							"signatures": [
								{
									"id": 33,
									"name": "_controlValueAccessorChangeFn",
									"kind": 4096,
									"kindString": "Call signature",
									"flags": {},
									"type": {
										"type": "intrinsic",
										"name": "void"
									}
								}
							],
							"sources": [
								{
									"fileName": "checkbox.component.ts",
									"line": 88,
									"character": 38
								}
							]
						},
						{
							"id": 34,
							"name": "_emitChangeEvent",
							"kind": 2048,
							"kindString": "Method",
							"flags": {
								"isPrivate": true,
								"isExported": true
							},
							"signatures": [
								{
									"id": 35,
									"name": "_emitChangeEvent",
									"kind": 4096,
									"kindString": "Call signature",
									"flags": {},
									"type": {
										"type": "intrinsic",
										"name": "void"
									}
								}
							],
							"sources": [
								{
									"fileName": "checkbox.component.ts",
									"line": 90,
									"character": 25
								}
							]
						},
						{
							"id": 38,
							"name": "_onInputClick",
							"kind": 2048,
							"kindString": "Method",
							"flags": {
								"isExported": true
							},
							"signatures": [
								{
									"id": 39,
									"name": "_onInputClick",
									"kind": 4096,
									"kindString": "Call signature",
									"flags": {},
									"parameters": [
										{
											"id": 40,
											"name": "event",
											"kind": 32768,
											"kindString": "Parameter",
											"flags": {},
											"type": {
												"type": "reference",
												"name": "Event"
											}
										}
									],
									"type": {
										"type": "intrinsic",
										"name": "void"
									}
								}
							],
							"sources": [
								{
									"fileName": "checkbox.component.ts",
									"line": 101,
									"character": 14
								}
							]
						},
						{
							"id": 41,
							"name": "_onInteractionEvent",
							"kind": 2048,
							"kindString": "Method",
							"flags": {
								"isExported": true
							},
							"signatures": [
								{
									"id": 42,
									"name": "_onInteractionEvent",
									"kind": 4096,
									"kindString": "Call signature",
									"flags": {},
									"parameters": [
										{
											"id": 43,
											"name": "event",
											"kind": 32768,
											"kindString": "Parameter",
											"flags": {},
											"type": {
												"type": "reference",
												"name": "Event"
											}
										}
									],
									"type": {
										"type": "intrinsic",
										"name": "void"
									}
								}
							],
							"sources": [
								{
									"fileName": "checkbox.component.ts",
									"line": 109,
									"character": 20
								}
							]
						},
						{
							"id": 36,
							"name": "_onTouched",
							"kind": 2048,
							"kindString": "Method",
							"flags": {
								"isExported": true
							},
							"signatures": [
								{
									"id": 37,
									"name": "_onTouched",
									"kind": 4096,
									"kindString": "Call signature",
									"flags": {},
									"type": {
										"type": "intrinsic",
										"name": "void"
									}
								}
							],
							"sources": [
								{
									"fileName": "checkbox.component.ts",
									"line": 99,
									"character": 11
								}
							]
						},
						{
							"id": 49,
							"name": "registerOnChange",
							"kind": 2048,
							"kindString": "Method",
							"flags": {
								"isExported": true
							},
							"signatures": [
								{
									"id": 50,
									"name": "registerOnChange",
									"kind": 4096,
									"kindString": "Call signature",
									"flags": {},
									"parameters": [
										{
											"id": 51,
											"name": "fn",
											"kind": 32768,
											"kindString": "Parameter",
											"flags": {},
											"type": {
												"type": "reflection",
												"declaration": {
													"id": 52,
													"name": "__type",
													"kind": 65536,
													"kindString": "Type literal",
													"flags": {},
													"signatures": [
														{
															"id": 53,
															"name": "__call",
															"kind": 4096,
															"kindString": "Call signature",
															"flags": {},
															"parameters": [
																{
																	"id": 54,
																	"name": "value",
																	"kind": 32768,
																	"kindString": "Parameter",
																	"flags": {},
																	"type": {
																		"type": "intrinsic",
																		"name": "any"
																	}
																}
															],
															"type": {
																"type": "intrinsic",
																"name": "void"
															}
														}
													],
													"sources": [
														{
															"fileName": "checkbox.component.ts",
															"line": 121,
															"character": 21
														}
													]
												}
											}
										}
									],
									"type": {
										"type": "intrinsic",
										"name": "void"
									}
								}
							],
							"sources": [
								{
									"fileName": "checkbox.component.ts",
									"line": 121,
									"character": 17
								}
							]
						},
						{
							"id": 55,
							"name": "registerOnTouched",
							"kind": 2048,
							"kindString": "Method",
							"flags": {
								"isExported": true
							},
							"signatures": [
								{
									"id": 56,
									"name": "registerOnTouched",
									"kind": 4096,
									"kindString": "Call signature",
									"flags": {},
									"parameters": [
										{
											"id": 57,
											"name": "fn",
											"kind": 32768,
											"kindString": "Parameter",
											"flags": {},
											"type": {
												"type": "intrinsic",
												"name": "any"
											}
										}
									],
									"type": {
										"type": "intrinsic",
										"name": "void"
									}
								}
							],
							"sources": [
								{
									"fileName": "checkbox.component.ts",
									"line": 125,
									"character": 18
								}
							]
						},
						{
							"id": 58,
							"name": "setDisabledState",
							"kind": 2048,
							"kindString": "Method",
							"flags": {
								"isExported": true
							},
							"signatures": [
								{
									"id": 59,
									"name": "setDisabledState",
									"kind": 4096,
									"kindString": "Call signature",
									"flags": {},
									"parameters": [
										{
											"id": 60,
											"name": "isDisabled",
											"kind": 32768,
											"kindString": "Parameter",
											"flags": {},
											"type": {
												"type": "intrinsic",
												"name": "boolean"
											}
										}
									],
									"type": {
										"type": "intrinsic",
										"name": "void"
									}
								}
							],
							"sources": [
								{
									"fileName": "checkbox.component.ts",
									"line": 129,
									"character": 17
								}
							]
						},
						{
							"id": 44,
							"name": "toggle",
							"kind": 2048,
							"kindString": "Method",
							"flags": {
								"isExported": true
							},
							"signatures": [
								{
									"id": 45,
									"name": "toggle",
									"kind": 4096,
									"kindString": "Call signature",
									"flags": {},
									"type": {
										"type": "intrinsic",
										"name": "void"
									}
								}
							],
							"sources": [
								{
									"fileName": "checkbox.component.ts",
									"line": 113,
									"character": 7
								}
							]
						},
						{
							"id": 46,
							"name": "writeValue",
							"kind": 2048,
							"kindString": "Method",
							"flags": {
								"isExported": true
							},
							"signatures": [
								{
									"id": 47,
									"name": "writeValue",
									"kind": 4096,
									"kindString": "Call signature",
									"flags": {},
									"parameters": [
										{
											"id": 48,
											"name": "value",
											"kind": 32768,
											"kindString": "Parameter",
											"flags": {},
											"type": {
												"type": "intrinsic",
												"name": "any"
											}
										}
									],
									"type": {
										"type": "intrinsic",
										"name": "void"
									}
								}
							],
							"sources": [
								{
									"fileName": "checkbox.component.ts",
									"line": 117,
									"character": 11
								}
							]
						}
					],
					"groups": [
						{
							"title": "Constructors",
							"kind": 512,
							"children": [6]
						},
						{
							"title": "Properties",
							"kind": 1024,
							"children": [10, 12, 31, 11, 9, 30, 13, 29, 28]
						},
						{
							"title": "Accessors",
							"kind": 262144,
							"children": [16, 24, 14, 20]
						},
						{
							"title": "Methods",
							"kind": 2048,
							"children": [32, 34, 38, 41, 36, 49, 55, 58, 44, 46]
						}
					],
					"sources": [
						{
							"fileName": "checkbox.component.ts",
							"line": 41,
							"character": 30
						}
					],
					"implementedTypes": [
						{
							"type": "reference",
							"name": "ControlValueAccessor"
						}
					]
				},
				{
					"id": 2,
					"name": "SnCheckboxChange",
					"kind": 128,
					"kindString": "Class",
					"flags": {
						"isExported": true
					},
					"children": [
						{
							"id": 4,
							"name": "checked",
							"kind": 1024,
							"kindString": "Property",
							"flags": {
								"isExported": true
							},
							"sources": [
								{
									"fileName": "checkbox.component.ts",
									"line": 18,
									"character": 8
								}
							],
							"type": {
								"type": "intrinsic",
								"name": "boolean"
							}
						},
						{
							"id": 3,
							"name": "source",
							"kind": 1024,
							"kindString": "Property",
							"flags": {
								"isExported": true
							},
							"sources": [
								{
									"fileName": "checkbox.component.ts",
									"line": 17,
									"character": 7
								}
							],
							"type": {
								"type": "reference",
								"name": "CheckboxComponent",
								"id": 5
							}
						}
					],
					"groups": [
						{
							"title": "Properties",
							"kind": 1024,
							"children": [4, 3]
						}
					],
					"sources": [
						{
							"fileName": "checkbox.component.ts",
							"line": 16,
							"character": 29
						}
					]
				},
				{
					"id": 61,
					"name": "nextUniqueId",
					"kind": 32,
					"kindString": "Variable",
					"flags": {
						"isLet": true
					},
					"sources": [
						{
							"fileName": "checkbox.component.ts",
							"line": 14,
							"character": 16
						}
					],
					"type": {
						"type": "intrinsic",
						"name": "number"
					},
					"defaultValue": "0"
				}
			],
			"groups": [
				{
					"title": "Classes",
					"kind": 128,
					"children": [5, 2]
				},
				{
					"title": "Variables",
					"kind": 32,
					"children": [61]
				}
			],
			"sources": [
				{
					"fileName": "checkbox.component.ts",
					"line": 1,
					"character": 0
				}
			]
		}
	],
	"groups": [
		{
			"title": "External modules",
			"kind": 1,
			"children": [1]
		}
	]
}
