{
  "nm": "Comp 1",
  "mn": "",
  "layers": [
    {
      "ty": 4,
      "nm": "Shape Layer 2",
      "mn": "",
      "sr": 1,
      "st": 0,
      "op": 300,
      "ip": 0,
      "hd": false,
      "cl": "",
      "ln": "",
      "ddd": 0,
      "bm": 0,
      "hasMask": false,
      "ao": 0,
      "ks": {
        "a": { "a": 0, "k": [-22.637, 19.301, 0], "ix": 1 },
        "s": {
          "a": 0,
          "k": [33.33333333333334, 33.33333333333334, 100],
          "ix": 6
        },
        "sk": { "a": 0, "k": 0 },
        "p": {
          "a": 0,
          "k": [100.02066666666668, 100.00000000000003, 0],
          "ix": 2
        },
        "r": {
          "a": 1,
          "k": [
            {
              "o": { "x": 0.472, "y": 0.326 },
              "i": { "x": 0.526, "y": 0.673 },
              "s": [0],
              "t": 0
            },
            {
              "o": { "x": 0.167, "y": 0.167 },
              "i": { "x": 0.833, "y": 0.833 },
              "s": [183],
              "t": 60
            }
          ],
          "ix": 10
        },
        "sa": { "a": 0, "k": 0 },
        "o": { "a": 0, "k": 80, "ix": 11 }
      },
      "ef": [],
      "shapes": [
        {
          "ty": "gr",
          "bm": 0,
          "cl": "",
          "ln": "",
          "hd": false,
          "mn": "ADBE Vector Group",
          "nm": "Ellipse 1",
          "ix": 1,
          "cix": 2,
          "np": 3,
          "it": [
            {
              "ty": "el",
              "bm": 0,
              "cl": "",
              "ln": "",
              "hd": false,
              "mn": "ADBE Vector Shape - Ellipse",
              "nm": "Ellipse Path 1",
              "d": 1,
              "p": { "a": 0, "k": [0, 0], "ix": 3 },
              "s": { "a": 0, "k": [368.602, 368.602], "ix": 2 }
            },
            {
              "ty": "st",
              "bm": 0,
              "cl": "",
              "ln": "",
              "hd": false,
              "mn": "ADBE Vector Graphic - Stroke",
              "nm": "Stroke 1",
              "lc": 2,
              "lj": 1,
              "ml": 4,
              "o": { "a": 0, "k": 100, "ix": 4 },
              "w": { "a": 0, "k": 49, "ix": 5 },
              "d": [],
              "c": { "a": 0, "k": [0.0706, 0.1765, 0.2667], "ix": 3 }
            },
            {
              "ty": "tr",
              "a": { "a": 0, "k": [0, 0], "ix": 1 },
              "s": { "a": 0, "k": [100, 100], "ix": 3 },
              "sk": { "a": 0, "k": 0, "ix": 4 },
              "p": { "a": 0, "k": [-22.699, 19.301], "ix": 2 },
              "r": { "a": 0, "k": 0, "ix": 6 },
              "sa": { "a": 0, "k": 0, "ix": 5 },
              "o": { "a": 0, "k": 100, "ix": 7 }
            }
          ]
        },
        {
          "ty": "tm",
          "bm": 0,
          "cl": "",
          "ln": "",
          "hd": false,
          "mn": "ADBE Vector Filter - Trim",
          "nm": "Trim Paths 1",
          "ix": 2,
          "e": {
            "a": 1,
            "k": [
              {
                "o": { "x": 0.559, "y": 0 },
                "i": { "x": 0.504, "y": 1 },
                "s": [1],
                "t": 0
              },
              {
                "o": { "x": 0.167, "y": 0.167 },
                "i": { "x": 0.833, "y": 0.833 },
                "s": [50],
                "t": 30
              }
            ],
            "ix": 2
          },
          "o": { "a": 0, "k": 0, "ix": 3 },
          "s": {
            "a": 1,
            "k": [
              {
                "o": { "x": 0.579, "y": 0 },
                "i": { "x": 0.438, "y": 1 },
                "s": [0],
                "t": 30
              },
              {
                "o": { "x": 0.167, "y": 0.167 },
                "i": { "x": 0.833, "y": 0.833 },
                "s": [49],
                "t": 60
              }
            ],
            "ix": 1
          },
          "m": 1
        }
      ],
      "ind": 1
    },
    {
      "ty": 4,
      "nm": "Shape Layer 1",
      "mn": "",
      "sr": 1,
      "st": 0,
      "op": 300,
      "ip": 0,
      "hd": false,
      "cl": "",
      "ln": "",
      "ddd": 0,
      "bm": 0,
      "hasMask": false,
      "ao": 0,
      "ks": {
        "a": { "a": 0, "k": [0, 0, 0], "ix": 1 },
        "s": {
          "a": 0,
          "k": [33.33333333333334, 33.33333333333334, 100],
          "ix": 6
        },
        "sk": { "a": 0, "k": 0 },
        "p": {
          "a": 0,
          "k": [107.56633333333339, 93.56633333333338, 0],
          "ix": 2
        },
        "r": { "a": 0, "k": 0, "ix": 10 },
        "sa": { "a": 0, "k": 0 },
        "o": { "a": 0, "k": 10, "ix": 11 }
      },
      "ef": [],
      "shapes": [
        {
          "ty": "gr",
          "bm": 0,
          "cl": "",
          "ln": "",
          "hd": false,
          "mn": "ADBE Vector Group",
          "nm": "Ellipse 1",
          "ix": 1,
          "cix": 2,
          "np": 3,
          "it": [
            {
              "ty": "el",
              "bm": 0,
              "cl": "",
              "ln": "",
              "hd": false,
              "mn": "ADBE Vector Shape - Ellipse",
              "nm": "Ellipse Path 1",
              "d": 1,
              "p": { "a": 0, "k": [0, 0], "ix": 3 },
              "s": { "a": 0, "k": [368.602, 368.602], "ix": 2 }
            },
            {
              "ty": "st",
              "bm": 0,
              "cl": "",
              "ln": "",
              "hd": false,
              "mn": "ADBE Vector Graphic - Stroke",
              "nm": "Stroke 1",
              "lc": 2,
              "lj": 1,
              "ml": 4,
              "o": { "a": 0, "k": 100, "ix": 4 },
              "w": { "a": 0, "k": 49, "ix": 5 },
              "d": [],
              "c": { "a": 0, "k": [0.0706, 0.1765, 0.2667], "ix": 3 }
            },
            {
              "ty": "tr",
              "a": { "a": 0, "k": [0, 0], "ix": 1 },
              "s": { "a": 0, "k": [100, 100], "ix": 3 },
              "sk": { "a": 0, "k": 0, "ix": 4 },
              "p": { "a": 0, "k": [-22.699, 19.301], "ix": 2 },
              "r": { "a": 0, "k": 0, "ix": 6 },
              "sa": { "a": 0, "k": 0, "ix": 5 },
              "o": { "a": 0, "k": 100, "ix": 7 }
            }
          ]
        }
      ],
      "ind": 2
    }
  ],
  "ddd": 0,
  "h": 200,
  "w": 200,
  "meta": {
    "a": "",
    "k": "",
    "d": "",
    "g": "@lottiefiles/toolkit-js 0.22.1",
    "tc": "#000000"
  },
  "v": "5.5.0",
  "fr": 60,
  "op": 60,
  "ip": 0,
  "assets": []
}
