{
	"id": 0,
	"name": "@santander/flame-component-library",
	"kind": 0,
	"flags": {},
	"children": [
		{
			"id": 89,
			"name": "\"atoms/form-field/form-field.component\"",
			"kind": 1,
			"kindString": "External module",
			"flags": {
				"isExported": true
			},
			"originalName": "/Users/mlmv/Workspace/SANTANDER/flame-santander/flame-workspace/libs/flame-component-library/src/lib/atoms/form-field/form-field.component.ts",
			"children": [
				{
					"id": 90,
					"name": "FormFieldComponent",
					"kind": 128,
					"kindString": "Class",
					"flags": {
						"isExported": true
					},
					"decorators": [
						{
							"name": "Component",
							"type": {
								"type": "reference",
								"name": "Component"
							},
							"arguments": {
								"obj": "{\n\tselector: 'sn-form-field',\n\ttemplateUrl: './form-field.component.html',\n\tstyleUrls: ['./form-field.component.scss'],\n\t// tslint:disable-next-line:use-host-property-decorator\n\thost: {\n\t\t'[class.ng-untouched]': '_shouldForward(\"untouched\")',\n\t\t'[class.ng-touched]': '_shouldForward(\"touched\")',\n\t\t'[class.ng-pristine]': '_shouldForward(\"pristine\")',\n\t\t'[class.ng-dirty]': '_shouldForward(\"dirty\")',\n\t\t'[class.ng-valid]': '_shouldForward(\"valid\")',\n\t\t'[class.ng-invalid]': '_shouldForward(\"invalid\")',\n\t\t'[class.ng-pending]': '_shouldForward(\"pending\")'\n\t},\n\tencapsulation: ViewEncapsulation.Emulated\n}"
							}
						}
					],
					"children": [
						{
							"id": 94,
							"name": "constructor",
							"kind": 512,
							"kindString": "Constructor",
							"flags": {
								"isExported": true
							},
							"signatures": [
								{
									"id": 95,
									"name": "new FormFieldComponent",
									"kind": 16384,
									"kindString": "Constructor signature",
									"flags": {},
									"type": {
										"type": "reference",
										"name": "FormFieldComponent",
										"id": 90
									}
								}
							],
							"sources": [
								{
									"fileName": "atoms/form-field/form-field.component.ts",
									"line": 35,
									"character": 34
								}
							]
						},
						{
							"id": 93,
							"name": "_clearBtnVisible",
							"kind": 1024,
							"kindString": "Property",
							"flags": {
								"isPublic": true,
								"isExported": true
							},
							"sources": [
								{
									"fileName": "atoms/form-field/form-field.component.ts",
									"line": 35,
									"character": 24
								}
							],
							"type": {
								"type": "intrinsic",
								"name": "boolean"
							}
						},
						{
							"id": 101,
							"name": "_input",
							"kind": 1024,
							"kindString": "Property",
							"flags": {
								"isPrivate": true,
								"isExported": true
							},
							"decorators": [
								{
									"name": "ContentChild",
									"type": {
										"type": "reference",
										"name": "ContentChild"
									},
									"arguments": {
										"selector": "InputDirective"
									}
								}
							],
							"sources": [
								{
									"fileName": "atoms/form-field/form-field.component.ts",
									"line": 45,
									"character": 15
								}
							],
							"type": {
								"type": "reference",
								"name": "InputDirective",
								"id": 17
							}
						},
						{
							"id": 97,
							"name": "apparence",
							"kind": 1024,
							"kindString": "Property",
							"flags": {
								"isExported": true
							},
							"decorators": [
								{
									"name": "Input",
									"type": {
										"type": "reference",
										"name": "Input"
									},
									"arguments": {}
								}
							],
							"sources": [
								{
									"fileName": "atoms/form-field/form-field.component.ts",
									"line": 40,
									"character": 19
								}
							],
							"type": {
								"type": "intrinsic",
								"name": "string"
							}
						},
						{
							"id": 100,
							"name": "autoFocus",
							"kind": 1024,
							"kindString": "Property",
							"flags": {
								"isExported": true
							},
							"decorators": [
								{
									"name": "Input",
									"type": {
										"type": "reference",
										"name": "Input"
									},
									"arguments": {}
								}
							],
							"sources": [
								{
									"fileName": "atoms/form-field/form-field.component.ts",
									"line": 43,
									"character": 19
								}
							],
							"type": {
								"type": "intrinsic",
								"name": "boolean"
							},
							"defaultValue": "false"
						},
						{
							"id": 96,
							"name": "clearable",
							"kind": 1024,
							"kindString": "Property",
							"flags": {
								"isExported": true
							},
							"decorators": [
								{
									"name": "Input",
									"type": {
										"type": "reference",
										"name": "Input"
									},
									"arguments": {}
								}
							],
							"sources": [
								{
									"fileName": "atoms/form-field/form-field.component.ts",
									"line": 39,
									"character": 19
								}
							],
							"type": {
								"type": "intrinsic",
								"name": "boolean"
							},
							"defaultValue": "false"
						},
						{
							"id": 98,
							"name": "floatLabelAnimate",
							"kind": 1024,
							"kindString": "Property",
							"flags": {
								"isExported": true
							},
							"decorators": [
								{
									"name": "Input",
									"type": {
										"type": "reference",
										"name": "Input"
									},
									"arguments": {}
								}
							],
							"sources": [
								{
									"fileName": "atoms/form-field/form-field.component.ts",
									"line": 41,
									"character": 27
								}
							],
							"type": {
								"type": "intrinsic",
								"name": "string"
							}
						},
						{
							"id": 92,
							"name": "hasText",
							"kind": 1024,
							"kindString": "Property",
							"flags": {
								"isPublic": true,
								"isExported": true
							},
							"sources": [
								{
									"fileName": "atoms/form-field/form-field.component.ts",
									"line": 34,
									"character": 15
								}
							],
							"type": {
								"type": "intrinsic",
								"name": "boolean"
							}
						},
						{
							"id": 91,
							"name": "label",
							"kind": 1024,
							"kindString": "Property",
							"flags": {
								"isPublic": true,
								"isExported": true
							},
							"sources": [
								{
									"fileName": "atoms/form-field/form-field.component.ts",
									"line": 33,
									"character": 13
								}
							],
							"type": {
								"type": "intrinsic",
								"name": "string"
							},
							"defaultValue": "\"\""
						},
						{
							"id": 99,
							"name": "readOnly",
							"kind": 1024,
							"kindString": "Property",
							"flags": {
								"isExported": true
							},
							"decorators": [
								{
									"name": "Input",
									"type": {
										"type": "reference",
										"name": "Input"
									},
									"arguments": {}
								}
							],
							"sources": [
								{
									"fileName": "atoms/form-field/form-field.component.ts",
									"line": 42,
									"character": 18
								}
							],
							"type": {
								"type": "intrinsic",
								"name": "boolean"
							},
							"defaultValue": "false"
						},
						{
							"id": 102,
							"name": "formField",
							"kind": 262144,
							"kindString": "Accessor",
							"flags": {
								"isExported": true
							},
							"decorators": [
								{
									"name": "HostBinding",
									"type": {
										"type": "reference",
										"name": "HostBinding"
									},
									"arguments": {
										"hostPropertyName": "'class.sn-form-field'"
									}
								}
							],
							"getSignature": [
								{
									"id": 103,
									"name": "__get",
									"kind": 524288,
									"kindString": "Get signature",
									"flags": {},
									"type": {
										"type": "intrinsic",
										"name": "boolean"
									}
								}
							],
							"sources": [
								{
									"fileName": "atoms/form-field/form-field.component.ts",
									"line": 48,
									"character": 14
								}
							]
						},
						{
							"id": 112,
							"name": "inputFocus",
							"kind": 262144,
							"kindString": "Accessor",
							"flags": {
								"isExported": true
							},
							"decorators": [
								{
									"name": "HostBinding",
									"type": {
										"type": "reference",
										"name": "HostBinding"
									},
									"arguments": {
										"hostPropertyName": "'attr.autofocus'"
									}
								}
							],
							"getSignature": [
								{
									"id": 113,
									"name": "__get",
									"kind": 524288,
									"kindString": "Get signature",
									"flags": {},
									"type": {
										"type": "union",
										"types": [
											{
												"type": "intrinsic",
												"name": "false"
											},
											{
												"type": "reference",
												"name": "focus",
												"id": 69
											}
										]
									}
								}
							],
							"sources": [
								{
									"fileName": "atoms/form-field/form-field.component.ts",
									"line": 75,
									"character": 15
								}
							]
						},
						{
							"id": 110,
							"name": "inputInvalid",
							"kind": 262144,
							"kindString": "Accessor",
							"flags": {
								"isExported": true
							},
							"decorators": [
								{
									"name": "HostBinding",
									"type": {
										"type": "reference",
										"name": "HostBinding"
									},
									"arguments": {
										"hostPropertyName": "'class.sn-form-field-invalid'"
									}
								}
							],
							"getSignature": [
								{
									"id": 111,
									"name": "__get",
									"kind": 524288,
									"kindString": "Get signature",
									"flags": {},
									"type": {
										"type": "intrinsic",
										"name": "boolean"
									}
								}
							],
							"sources": [
								{
									"fileName": "atoms/form-field/form-field.component.ts",
									"line": 71,
									"character": 17
								}
							]
						},
						{
							"id": 108,
							"name": "inputShouldFloat",
							"kind": 262144,
							"kindString": "Accessor",
							"flags": {
								"isExported": true
							},
							"decorators": [
								{
									"name": "HostBinding",
									"type": {
										"type": "reference",
										"name": "HostBinding"
									},
									"arguments": {
										"hostPropertyName": "'class.sn-form-field-should-float'"
									}
								}
							],
							"getSignature": [
								{
									"id": 109,
									"name": "__get",
									"kind": 524288,
									"kindString": "Get signature",
									"flags": {},
									"type": {
										"type": "intrinsic",
										"name": "boolean"
									}
								}
							],
							"sources": [
								{
									"fileName": "atoms/form-field/form-field.component.ts",
									"line": 63,
									"character": 21
								}
							]
						},
						{
							"id": 106,
							"name": "isInputDisabled",
							"kind": 262144,
							"kindString": "Accessor",
							"flags": {
								"isExported": true
							},
							"decorators": [
								{
									"name": "HostBinding",
									"type": {
										"type": "reference",
										"name": "HostBinding"
									},
									"arguments": {
										"hostPropertyName": "'class.sn-form-field-disabled'"
									}
								}
							],
							"getSignature": [
								{
									"id": 107,
									"name": "__get",
									"kind": 524288,
									"kindString": "Get signature",
									"flags": {},
									"type": {
										"type": "intrinsic",
										"name": "boolean"
									}
								}
							],
							"sources": [
								{
									"fileName": "atoms/form-field/form-field.component.ts",
									"line": 58,
									"character": 20
								}
							]
						},
						{
							"id": 104,
							"name": "isInputFocused",
							"kind": 262144,
							"kindString": "Accessor",
							"flags": {
								"isExported": true
							},
							"decorators": [
								{
									"name": "HostBinding",
									"type": {
										"type": "reference",
										"name": "HostBinding"
									},
									"arguments": {
										"hostPropertyName": "'class.sn-form-field-focused'"
									}
								}
							],
							"getSignature": [
								{
									"id": 105,
									"name": "__get",
									"kind": 524288,
									"kindString": "Get signature",
									"flags": {},
									"type": {
										"type": "intrinsic",
										"name": "boolean"
									}
								}
							],
							"sources": [
								{
									"fileName": "atoms/form-field/form-field.component.ts",
									"line": 53,
									"character": 19
								}
							]
						},
						{
							"id": 119,
							"name": "_clearInputField",
							"kind": 2048,
							"kindString": "Method",
							"flags": {
								"isExported": true
							},
							"signatures": [
								{
									"id": 120,
									"name": "_clearInputField",
									"kind": 4096,
									"kindString": "Call signature",
									"flags": {},
									"type": {
										"type": "intrinsic",
										"name": "void"
									}
								}
							],
							"sources": [
								{
									"fileName": "atoms/form-field/form-field.component.ts",
									"line": 104,
									"character": 17
								}
							]
						},
						{
							"id": 116,
							"name": "_shouldForward",
							"kind": 2048,
							"kindString": "Method",
							"flags": {
								"isExported": true
							},
							"signatures": [
								{
									"id": 117,
									"name": "_shouldForward",
									"kind": 4096,
									"kindString": "Call signature",
									"flags": {},
									"comment": {
										"shortText": "Determina si una clase de NgControl debe reenviarse al elemento host."
									},
									"parameters": [
										{
											"id": 118,
											"name": "prop",
											"kind": 32768,
											"kindString": "Parameter",
											"flags": {},
											"type": {
												"type": "typeOperator",
												"operator": "keyof",
												"target": {
													"type": "reference",
													"name": "NgControl"
												}
											}
										}
									],
									"type": {
										"type": "intrinsic",
										"name": "boolean"
									}
								}
							],
							"sources": [
								{
									"fileName": "atoms/form-field/form-field.component.ts",
									"line": 99,
									"character": 15
								}
							]
						},
						{
							"id": 114,
							"name": "ngAfterContentInit",
							"kind": 2048,
							"kindString": "Method",
							"flags": {
								"isExported": true
							},
							"signatures": [
								{
									"id": 115,
									"name": "ngAfterContentInit",
									"kind": 4096,
									"kindString": "Call signature",
									"flags": {},
									"type": {
										"type": "intrinsic",
										"name": "void"
									}
								}
							],
							"sources": [
								{
									"fileName": "atoms/form-field/form-field.component.ts",
									"line": 79,
									"character": 19
								}
							]
						}
					],
					"groups": [
						{
							"title": "Constructors",
							"kind": 512,
							"children": [94]
						},
						{
							"title": "Properties",
							"kind": 1024,
							"children": [93, 101, 97, 100, 96, 98, 92, 91, 99]
						},
						{
							"title": "Accessors",
							"kind": 262144,
							"children": [102, 112, 110, 108, 106, 104]
						},
						{
							"title": "Methods",
							"kind": 2048,
							"children": [119, 116, 114]
						}
					],
					"sources": [
						{
							"fileName": "atoms/form-field/form-field.component.ts",
							"line": 32,
							"character": 31
						}
					],
					"implementedTypes": [
						{
							"type": "reference",
							"name": "AfterContentInit"
						}
					]
				}
			],
			"groups": [
				{
					"title": "Classes",
					"kind": 128,
					"children": [90]
				}
			],
			"sources": [
				{
					"fileName": "atoms/form-field/form-field.component.ts",
					"line": 1,
					"character": 0
				}
			]
		},
		{
			"id": 1,
			"name": "\"atoms/input/input-value-accessor\"",
			"kind": 1,
			"kindString": "External module",
			"flags": {
				"isExported": true,
				"isExternal": true
			},
			"originalName": "/Users/mlmv/Workspace/SANTANDER/flame-santander/flame-workspace/libs/flame-component-library/src/lib/atoms/input/input-value-accessor.ts",
			"children": [
				{
					"id": 2,
					"name": "SN_INPUT_VALUE_ACCESSOR",
					"kind": 32,
					"kindString": "Variable",
					"flags": {
						"isExported": true,
						"isExternal": true,
						"isConst": true
					},
					"sources": [
						{
							"fileName": "atoms/input/input-value-accessor.ts",
							"line": 3,
							"character": 36
						}
					],
					"type": {
						"type": "reference",
						"name": "InjectionToken",
						"typeArguments": [
							{
								"type": "reflection",
								"declaration": {
									"id": 3,
									"name": "__type",
									"kind": 65536,
									"kindString": "Type literal",
									"flags": {},
									"children": [
										{
											"id": 4,
											"name": "value",
											"kind": 32,
											"kindString": "Variable",
											"flags": {
												"isExternal": true
											},
											"sources": [
												{
													"fileName": "atoms/input/input-value-accessor.ts",
													"line": 3,
													"character": 65
												}
											],
											"type": {
												"type": "intrinsic",
												"name": "any"
											}
										}
									],
									"groups": [
										{
											"title": "Variables",
											"kind": 32,
											"children": [4]
										}
									]
								}
							}
						]
					},
					"defaultValue": " new InjectionToken<{ value: any }>(\n\t'SN_INPUT_VALUE_ACCESSOR'\n)"
				}
			],
			"groups": [
				{
					"title": "Variables",
					"kind": 32,
					"children": [2]
				}
			],
			"sources": [
				{
					"fileName": "atoms/input/input-value-accessor.ts",
					"line": 1,
					"character": 0
				}
			]
		},
		{
			"id": 16,
			"name": "\"atoms/input/input.directive\"",
			"kind": 1,
			"kindString": "External module",
			"flags": {
				"isExported": true,
				"isExternal": true
			},
			"originalName": "/Users/mlmv/Workspace/SANTANDER/flame-santander/flame-workspace/libs/flame-component-library/src/lib/atoms/input/input.directive.ts",
			"children": [
				{
					"id": 17,
					"name": "InputDirective",
					"kind": 128,
					"kindString": "Class",
					"flags": {
						"isExported": true,
						"isExternal": true
					},
					"decorators": [
						{
							"name": "Directive",
							"type": {
								"type": "reference",
								"name": "Directive"
							},
							"arguments": {
								"obj": "{\n\t// tslint:disable-next-line:directive-selector\n\tselector: 'input[sn-input]',\n\texportAs: 'sn-input',\n\t// tslint:disable-next-line:use-host-property-decorator\n\thost: {\n\t\tclass: 'sn-input-element',\n\t\t'[attr.id]': 'id',\n\t\t'[attr.placeholder]': 'placeholder',\n\t\t'[attr.label]': '_label',\n\t\t'(blur)': '_focusChanged(false)',\n\t\t'(focus)': '_focusChanged(true)'\n\t}\n}"
							}
						}
					],
					"children": [
						{
							"id": 25,
							"name": "constructor",
							"kind": 512,
							"kindString": "Constructor",
							"flags": {
								"isExported": true,
								"isExternal": true
							},
							"signatures": [
								{
									"id": 28,
									"name": "new InputDirective",
									"kind": 16384,
									"kindString": "Constructor signature",
									"flags": {},
									"parameters": [
										{
											"id": 29,
											"name": "_elementRef",
											"kind": 32768,
											"kindString": "Parameter",
											"flags": {},
											"type": {
												"type": "reference",
												"name": "ElementRef",
												"typeArguments": [
													{
														"type": "union",
														"types": [
															{
																"type": "reference",
																"name": "HTMLInputElement"
															},
															{
																"type": "reference",
																"name": "HTMLTextAreaElement"
															}
														]
													}
												]
											}
										},
										{
											"id": 30,
											"name": "_defaultErrorStateMatcher",
											"kind": 32768,
											"kindString": "Parameter",
											"flags": {},
											"type": {
												"type": "reference",
												"name": "ErrorStateMatcher",
												"id": 6
											}
										},
										{
											"id": 31,
											"name": "ngControl",
											"kind": 32768,
											"kindString": "Parameter",
											"flags": {},
											"decorators": [
												{
													"name": "Optional",
													"type": {
														"type": "reference",
														"name": "Optional"
													},
													"arguments": {}
												},
												{
													"name": "Self",
													"type": {
														"type": "reference",
														"name": "Self"
													},
													"arguments": {}
												}
											],
											"type": {
												"type": "reference",
												"name": "NgControl"
											}
										},
										{
											"id": 32,
											"name": "_parentForm",
											"kind": 32768,
											"kindString": "Parameter",
											"flags": {},
											"decorators": [
												{
													"name": "Optional",
													"type": {
														"type": "reference",
														"name": "Optional"
													},
													"arguments": {}
												}
											],
											"type": {
												"type": "reference",
												"name": "NgForm"
											}
										},
										{
											"id": 33,
											"name": "_parentFormGroup",
											"kind": 32768,
											"kindString": "Parameter",
											"flags": {},
											"decorators": [
												{
													"name": "Optional",
													"type": {
														"type": "reference",
														"name": "Optional"
													},
													"arguments": {}
												}
											],
											"type": {
												"type": "reference",
												"name": "FormGroupDirective"
											}
										},
										{
											"id": 34,
											"name": "inputValueAccessor",
											"kind": 32768,
											"kindString": "Parameter",
											"flags": {},
											"decorators": [
												{
													"name": "Optional",
													"type": {
														"type": "reference",
														"name": "Optional"
													},
													"arguments": {}
												},
												{
													"name": "Self",
													"type": {
														"type": "reference",
														"name": "Self"
													},
													"arguments": {}
												},
												{
													"name": "Inject",
													"type": {
														"type": "reference",
														"name": "Inject"
													},
													"arguments": {
														"token": "SN_INPUT_VALUE_ACCESSOR"
													}
												}
											],
											"type": {
												"type": "intrinsic",
												"name": "any"
											}
										}
									],
									"type": {
										"type": "reference",
										"name": "InputDirective",
										"id": 17
									}
								}
							],
							"sources": [
								{
									"fileName": "atoms/input/input.directive.ts",
									"line": 51,
									"character": 60
								}
							]
						},
						{
							"id": 39,
							"name": "_disabled",
							"kind": 1024,
							"kindString": "Property",
							"flags": {
								"isPublic": true,
								"isExported": true,
								"isExternal": true
							},
							"sources": [
								{
									"fileName": "atoms/input/input.directive.ts",
									"line": 82,
									"character": 17
								}
							],
							"type": {
								"type": "intrinsic",
								"name": "boolean"
							},
							"defaultValue": "false"
						},
						{
							"id": 26,
							"name": "_elementRef",
							"kind": 1024,
							"kindString": "Property",
							"flags": {
								"isPublic": true,
								"isExported": true,
								"isExternal": true,
								"isConstructorProperty": true
							},
							"sources": [
								{
									"fileName": "atoms/input/input.directive.ts",
									"line": 54,
									"character": 20
								}
							],
							"type": {
								"type": "reference",
								"name": "ElementRef",
								"typeArguments": [
									{
										"type": "union",
										"types": [
											{
												"type": "reference",
												"name": "HTMLInputElement"
											},
											{
												"type": "reference",
												"name": "HTMLTextAreaElement"
											}
										]
									}
								]
							}
						},
						{
							"id": 44,
							"name": "_id",
							"kind": 1024,
							"kindString": "Property",
							"flags": {
								"isPublic": true,
								"isExported": true,
								"isExternal": true
							},
							"sources": [
								{
									"fileName": "atoms/input/input.directive.ts",
									"line": 91,
									"character": 11
								}
							],
							"type": {
								"type": "intrinsic",
								"name": "string"
							}
						},
						{
							"id": 21,
							"name": "_inputValueAccessor",
							"kind": 1024,
							"kindString": "Property",
							"flags": {
								"isPrivate": true,
								"isExported": true,
								"isExternal": true
							},
							"sources": [
								{
									"fileName": "atoms/input/input.directive.ts",
									"line": 49,
									"character": 28
								}
							],
							"type": {
								"type": "reflection",
								"declaration": {
									"id": 22,
									"name": "__type",
									"kind": 65536,
									"kindString": "Type literal",
									"flags": {},
									"children": [
										{
											"id": 23,
											"name": "value",
											"kind": 32,
											"kindString": "Variable",
											"flags": {
												"isExternal": true
											},
											"sources": [
												{
													"fileName": "atoms/input/input.directive.ts",
													"line": 49,
													"character": 37
												}
											],
											"type": {
												"type": "intrinsic",
												"name": "any"
											}
										}
									],
									"groups": [
										{
											"title": "Variables",
											"kind": 32,
											"children": [23]
										}
									],
									"sources": [
										{
											"fileName": "atoms/input/input.directive.ts",
											"line": 49,
											"character": 29
										}
									]
								}
							}
						},
						{
							"id": 55,
							"name": "_label",
							"kind": 1024,
							"kindString": "Property",
							"flags": {
								"isPublic": true,
								"isExported": true,
								"isExternal": true
							},
							"sources": [
								{
									"fileName": "atoms/input/input.directive.ts",
									"line": 112,
									"character": 14
								}
							],
							"type": {
								"type": "intrinsic",
								"name": "string"
							},
							"defaultValue": "\"\""
						},
						{
							"id": 20,
							"name": "_previousNativeValue",
							"kind": 1024,
							"kindString": "Property",
							"flags": {
								"isPublic": true,
								"isExported": true,
								"isExternal": true
							},
							"sources": [
								{
									"fileName": "atoms/input/input.directive.ts",
									"line": 48,
									"character": 28
								}
							],
							"type": {
								"type": "intrinsic",
								"name": "any"
							}
						},
						{
							"id": 50,
							"name": "_required",
							"kind": 1024,
							"kindString": "Property",
							"flags": {
								"isPublic": true,
								"isExported": true,
								"isExternal": true
							},
							"sources": [
								{
									"fileName": "atoms/input/input.directive.ts",
									"line": 102,
									"character": 17
								}
							],
							"type": {
								"type": "intrinsic",
								"name": "boolean"
							},
							"defaultValue": "false"
						},
						{
							"id": 60,
							"name": "_type",
							"kind": 1024,
							"kindString": "Property",
							"flags": {
								"isPublic": true,
								"isExported": true,
								"isExternal": true
							},
							"sources": [
								{
									"fileName": "atoms/input/input.directive.ts",
									"line": 122,
									"character": 13
								}
							],
							"type": {
								"type": "intrinsic",
								"name": "string"
							},
							"defaultValue": "\"text\""
						},
						{
							"id": 66,
							"name": "errorStateMatcher",
							"kind": 1024,
							"kindString": "Property",
							"flags": {
								"isExported": true,
								"isExternal": true
							},
							"decorators": [
								{
									"name": "Input",
									"type": {
										"type": "reference",
										"name": "Input"
									},
									"arguments": {}
								}
							],
							"sources": [
								{
									"fileName": "atoms/input/input.directive.ts",
									"line": 135,
									"character": 27
								}
							],
							"type": {
								"type": "reference",
								"name": "ErrorStateMatcher",
								"id": 6
							}
						},
						{
							"id": 18,
							"name": "focused",
							"kind": 1024,
							"kindString": "Property",
							"flags": {
								"isPublic": true,
								"isExported": true,
								"isExternal": true
							},
							"sources": [
								{
									"fileName": "atoms/input/input.directive.ts",
									"line": 46,
									"character": 15
								}
							],
							"type": {
								"type": "intrinsic",
								"name": "boolean"
							},
							"defaultValue": "false"
						},
						{
							"id": 19,
							"name": "invalid",
							"kind": 1024,
							"kindString": "Property",
							"flags": {
								"isPublic": true,
								"isExported": true,
								"isExternal": true
							},
							"sources": [
								{
									"fileName": "atoms/input/input.directive.ts",
									"line": 47,
									"character": 15
								}
							],
							"type": {
								"type": "intrinsic",
								"name": "boolean"
							},
							"defaultValue": "false"
						},
						{
							"id": 27,
							"name": "ngControl",
							"kind": 1024,
							"kindString": "Property",
							"flags": {
								"isPublic": true,
								"isExported": true,
								"isExternal": true,
								"isConstructorProperty": true
							},
							"decorators": [
								{
									"name": "Optional",
									"type": {
										"type": "reference",
										"name": "Optional"
									},
									"arguments": {}
								},
								{
									"name": "Self",
									"type": {
										"type": "reference",
										"name": "Self"
									},
									"arguments": {}
								}
							],
							"sources": [
								{
									"fileName": "atoms/input/input.directive.ts",
									"line": 56,
									"character": 38
								}
							],
							"type": {
								"type": "reference",
								"name": "NgControl"
							}
						},
						{
							"id": 45,
							"name": "placeholder",
							"kind": 1024,
							"kindString": "Property",
							"flags": {
								"isExported": true,
								"isExternal": true
							},
							"decorators": [
								{
									"name": "Input",
									"type": {
										"type": "reference",
										"name": "Input"
									},
									"arguments": {}
								}
							],
							"sources": [
								{
									"fileName": "atoms/input/input.directive.ts",
									"line": 93,
									"character": 21
								}
							],
							"type": {
								"type": "intrinsic",
								"name": "string"
							}
						},
						{
							"id": 65,
							"name": "readonly",
							"kind": 1024,
							"kindString": "Property",
							"flags": {
								"isExported": true,
								"isExternal": true
							},
							"decorators": [
								{
									"name": "Input",
									"type": {
										"type": "reference",
										"name": "Input"
									},
									"arguments": {}
								}
							],
							"sources": [
								{
									"fileName": "atoms/input/input.directive.ts",
									"line": 134,
									"character": 18
								}
							],
							"type": {
								"type": "intrinsic",
								"name": "boolean"
							},
							"defaultValue": "false"
						},
						{
							"id": 24,
							"name": "stateChanges",
							"kind": 1024,
							"kindString": "Property",
							"flags": {
								"isExported": true,
								"isExternal": true
							},
							"sources": [
								{
									"fileName": "atoms/input/input.directive.ts",
									"line": 51,
									"character": 22
								}
							],
							"type": {
								"type": "reference",
								"name": "Subject",
								"typeArguments": [
									{
										"type": "intrinsic",
										"name": "void"
									}
								]
							},
							"defaultValue": " new Subject<void>()"
						},
						{
							"id": 35,
							"name": "disabled",
							"kind": 262144,
							"kindString": "Accessor",
							"flags": {
								"isExported": true,
								"isExternal": true
							},
							"decorators": [
								{
									"name": "Input",
									"type": {
										"type": "reference",
										"name": "Input"
									},
									"arguments": {}
								}
							],
							"getSignature": [
								{
									"id": 36,
									"name": "__get",
									"kind": 524288,
									"kindString": "Get signature",
									"flags": {},
									"type": {
										"type": "intrinsic",
										"name": "boolean"
									}
								}
							],
							"setSignature": [
								{
									"id": 37,
									"name": "__set",
									"kind": 1048576,
									"kindString": "Set signature",
									"flags": {},
									"parameters": [
										{
											"id": 38,
											"name": "value",
											"kind": 32768,
											"kindString": "Parameter",
											"flags": {},
											"type": {
												"type": "intrinsic",
												"name": "boolean"
											}
										}
									],
									"type": {
										"type": "intrinsic",
										"name": "void"
									}
								}
							],
							"sources": [
								{
									"fileName": "atoms/input/input.directive.ts",
									"line": 69,
									"character": 13
								},
								{
									"fileName": "atoms/input/input.directive.ts",
									"line": 75,
									"character": 13
								}
							]
						},
						{
							"id": 84,
							"name": "empty",
							"kind": 262144,
							"kindString": "Accessor",
							"flags": {
								"isExported": true,
								"isExternal": true
							},
							"comment": {
								"shortText": "Se asegura de que el input tenga un valor"
							},
							"getSignature": [
								{
									"id": 85,
									"name": "__get",
									"kind": 524288,
									"kindString": "Get signature",
									"flags": {},
									"comment": {
										"shortText": "Se asegura de que el input tenga un valor"
									},
									"type": {
										"type": "intrinsic",
										"name": "boolean"
									}
								}
							],
							"sources": [
								{
									"fileName": "atoms/input/input.directive.ts",
									"line": 189,
									"character": 10
								}
							]
						},
						{
							"id": 40,
							"name": "id",
							"kind": 262144,
							"kindString": "Accessor",
							"flags": {
								"isExported": true,
								"isExternal": true
							},
							"decorators": [
								{
									"name": "Input",
									"type": {
										"type": "reference",
										"name": "Input"
									},
									"arguments": {}
								}
							],
							"getSignature": [
								{
									"id": 41,
									"name": "__get",
									"kind": 524288,
									"kindString": "Get signature",
									"flags": {},
									"type": {
										"type": "intrinsic",
										"name": "string"
									}
								}
							],
							"setSignature": [
								{
									"id": 42,
									"name": "__set",
									"kind": 1048576,
									"kindString": "Set signature",
									"flags": {},
									"parameters": [
										{
											"id": 43,
											"name": "value",
											"kind": 32768,
											"kindString": "Parameter",
											"flags": {},
											"type": {
												"type": "intrinsic",
												"name": "string"
											}
										}
									],
									"type": {
										"type": "intrinsic",
										"name": "void"
									}
								}
							],
							"sources": [
								{
									"fileName": "atoms/input/input.directive.ts",
									"line": 85,
									"character": 7
								},
								{
									"fileName": "atoms/input/input.directive.ts",
									"line": 88,
									"character": 7
								}
							]
						},
						{
							"id": 51,
							"name": "label",
							"kind": 262144,
							"kindString": "Accessor",
							"flags": {
								"isExported": true,
								"isExternal": true
							},
							"decorators": [
								{
									"name": "Input",
									"type": {
										"type": "reference",
										"name": "Input"
									},
									"arguments": {}
								}
							],
							"getSignature": [
								{
									"id": 52,
									"name": "__get",
									"kind": 524288,
									"kindString": "Get signature",
									"flags": {},
									"type": {
										"type": "intrinsic",
										"name": "string"
									}
								}
							],
							"setSignature": [
								{
									"id": 53,
									"name": "__set",
									"kind": 1048576,
									"kindString": "Set signature",
									"flags": {},
									"parameters": [
										{
											"id": 54,
											"name": "value",
											"kind": 32768,
											"kindString": "Parameter",
											"flags": {},
											"type": {
												"type": "intrinsic",
												"name": "string"
											}
										}
									],
									"type": {
										"type": "intrinsic",
										"name": "void"
									}
								}
							],
							"sources": [
								{
									"fileName": "atoms/input/input.directive.ts",
									"line": 105,
									"character": 10
								},
								{
									"fileName": "atoms/input/input.directive.ts",
									"line": 108,
									"character": 10
								}
							]
						},
						{
							"id": 46,
							"name": "required",
							"kind": 262144,
							"kindString": "Accessor",
							"flags": {
								"isExported": true,
								"isExternal": true
							},
							"decorators": [
								{
									"name": "Input",
									"type": {
										"type": "reference",
										"name": "Input"
									},
									"arguments": {}
								}
							],
							"getSignature": [
								{
									"id": 47,
									"name": "__get",
									"kind": 524288,
									"kindString": "Get signature",
									"flags": {},
									"type": {
										"type": "intrinsic",
										"name": "boolean"
									}
								}
							],
							"setSignature": [
								{
									"id": 48,
									"name": "__set",
									"kind": 1048576,
									"kindString": "Set signature",
									"flags": {},
									"parameters": [
										{
											"id": 49,
											"name": "value",
											"kind": 32768,
											"kindString": "Parameter",
											"flags": {},
											"type": {
												"type": "intrinsic",
												"name": "boolean"
											}
										}
									],
									"type": {
										"type": "intrinsic",
										"name": "void"
									}
								}
							],
							"sources": [
								{
									"fileName": "atoms/input/input.directive.ts",
									"line": 96,
									"character": 13
								},
								{
									"fileName": "atoms/input/input.directive.ts",
									"line": 99,
									"character": 13
								}
							]
						},
						{
							"id": 86,
							"name": "shouldLabelFloat",
							"kind": 262144,
							"kindString": "Accessor",
							"flags": {
								"isExported": true,
								"isExternal": true
							},
							"comment": {
								"shortText": "Sirve para definir la posición del label en la implementación de `sn-form-field`"
							},
							"getSignature": [
								{
									"id": 87,
									"name": "__get",
									"kind": 524288,
									"kindString": "Get signature",
									"flags": {},
									"comment": {
										"shortText": "Sirve para definir la posición del label en la implementación de `sn-form-field`"
									},
									"type": {
										"type": "intrinsic",
										"name": "boolean"
									}
								}
							],
							"sources": [
								{
									"fileName": "atoms/input/input.directive.ts",
									"line": 194,
									"character": 21
								}
							]
						},
						{
							"id": 56,
							"name": "type",
							"kind": 262144,
							"kindString": "Accessor",
							"flags": {
								"isExported": true,
								"isExternal": true
							},
							"decorators": [
								{
									"name": "Input",
									"type": {
										"type": "reference",
										"name": "Input"
									},
									"arguments": {}
								}
							],
							"getSignature": [
								{
									"id": 57,
									"name": "__get",
									"kind": 524288,
									"kindString": "Get signature",
									"flags": {},
									"type": {
										"type": "intrinsic",
										"name": "string"
									}
								}
							],
							"setSignature": [
								{
									"id": 58,
									"name": "__set",
									"kind": 1048576,
									"kindString": "Set signature",
									"flags": {},
									"parameters": [
										{
											"id": 59,
											"name": "value",
											"kind": 32768,
											"kindString": "Parameter",
											"flags": {},
											"type": {
												"type": "intrinsic",
												"name": "string"
											}
										}
									],
									"type": {
										"type": "intrinsic",
										"name": "void"
									}
								}
							],
							"sources": [
								{
									"fileName": "atoms/input/input.directive.ts",
									"line": 115,
									"character": 9
								},
								{
									"fileName": "atoms/input/input.directive.ts",
									"line": 118,
									"character": 9
								}
							]
						},
						{
							"id": 61,
							"name": "value",
							"kind": 262144,
							"kindString": "Accessor",
							"flags": {
								"isExported": true,
								"isExternal": true
							},
							"decorators": [
								{
									"name": "Input",
									"type": {
										"type": "reference",
										"name": "Input"
									},
									"arguments": {}
								}
							],
							"getSignature": [
								{
									"id": 62,
									"name": "__get",
									"kind": 524288,
									"kindString": "Get signature",
									"flags": {},
									"type": {
										"type": "intrinsic",
										"name": "string"
									}
								}
							],
							"setSignature": [
								{
									"id": 63,
									"name": "__set",
									"kind": 1048576,
									"kindString": "Set signature",
									"flags": {},
									"parameters": [
										{
											"id": 64,
											"name": "value",
											"kind": 32768,
											"kindString": "Parameter",
											"flags": {},
											"type": {
												"type": "intrinsic",
												"name": "string"
											}
										}
									],
									"type": {
										"type": "intrinsic",
										"name": "void"
									}
								}
							],
							"sources": [
								{
									"fileName": "atoms/input/input.directive.ts",
									"line": 125,
									"character": 10
								},
								{
									"fileName": "atoms/input/input.directive.ts",
									"line": 128,
									"character": 10
								}
							]
						},
						{
							"id": 82,
							"name": "_dirtyCheckNativeValue",
							"kind": 2048,
							"kindString": "Method",
							"flags": {
								"isPublic": true,
								"isExported": true,
								"isExternal": true
							},
							"signatures": [
								{
									"id": 83,
									"name": "_dirtyCheckNativeValue",
									"kind": 4096,
									"kindString": "Call signature",
									"flags": {},
									"comment": {
										"shortText": "Comprobación manual en la propiedad `value` nativa."
									},
									"type": {
										"type": "intrinsic",
										"name": "void"
									}
								}
							],
							"sources": [
								{
									"fileName": "atoms/input/input.directive.ts",
									"line": 179,
									"character": 30
								}
							]
						},
						{
							"id": 71,
							"name": "_focusChanged",
							"kind": 2048,
							"kindString": "Method",
							"flags": {
								"isExported": true,
								"isExternal": true
							},
							"signatures": [
								{
									"id": 72,
									"name": "_focusChanged",
									"kind": 4096,
									"kindString": "Call signature",
									"flags": {},
									"parameters": [
										{
											"id": 73,
											"name": "isFocused",
											"kind": 32768,
											"kindString": "Parameter",
											"flags": {},
											"type": {
												"type": "intrinsic",
												"name": "boolean"
											}
										}
									],
									"type": {
										"type": "intrinsic",
										"name": "void"
									}
								}
							],
							"sources": [
								{
									"fileName": "atoms/input/input.directive.ts",
									"line": 145,
									"character": 14
								}
							]
						},
						{
							"id": 80,
							"name": "_isBadInput",
							"kind": 2048,
							"kindString": "Method",
							"flags": {
								"isPublic": true,
								"isExported": true,
								"isExternal": true
							},
							"signatures": [
								{
									"id": 81,
									"name": "_isBadInput",
									"kind": 4096,
									"kindString": "Call signature",
									"flags": {},
									"comment": {
										"shortText": "Checa si el valor insertado es invalido basado en la validación nativa."
									},
									"type": {
										"type": "intrinsic",
										"name": "boolean"
									}
								}
							],
							"sources": [
								{
									"fileName": "atoms/input/input.directive.ts",
									"line": 172,
									"character": 19
								}
							]
						},
						{
							"id": 78,
							"name": "_validateType",
							"kind": 2048,
							"kindString": "Method",
							"flags": {
								"isPublic": true,
								"isExported": true,
								"isExternal": true
							},
							"signatures": [
								{
									"id": 79,
									"name": "_validateType",
									"kind": 4096,
									"kindString": "Call signature",
									"flags": {},
									"comment": {
										"shortText": "Checa si el tipo seleccionado es soportado por el componente"
									},
									"type": {
										"type": "intrinsic",
										"name": "void"
									}
								}
							],
							"sources": [
								{
									"fileName": "atoms/input/input.directive.ts",
									"line": 165,
									"character": 21
								}
							]
						},
						{
							"id": 69,
							"name": "focus",
							"kind": 2048,
							"kindString": "Method",
							"flags": {
								"isExported": true,
								"isExternal": true
							},
							"signatures": [
								{
									"id": 70,
									"name": "focus",
									"kind": 4096,
									"kindString": "Call signature",
									"flags": {},
									"type": {
										"type": "intrinsic",
										"name": "void"
									}
								}
							],
							"sources": [
								{
									"fileName": "atoms/input/input.directive.ts",
									"line": 141,
									"character": 6
								}
							]
						},
						{
							"id": 67,
							"name": "ngDoCheck",
							"kind": 2048,
							"kindString": "Method",
							"flags": {
								"isExported": true,
								"isExternal": true
							},
							"signatures": [
								{
									"id": 68,
									"name": "ngDoCheck",
									"kind": 4096,
									"kindString": "Call signature",
									"flags": {},
									"type": {
										"type": "intrinsic",
										"name": "void"
									}
								}
							],
							"sources": [
								{
									"fileName": "atoms/input/input.directive.ts",
									"line": 137,
									"character": 10
								}
							]
						},
						{
							"id": 76,
							"name": "onBlur",
							"kind": 2048,
							"kindString": "Method",
							"flags": {
								"isExported": true,
								"isExternal": true
							},
							"decorators": [
								{
									"name": "HostListener",
									"type": {
										"type": "reference",
										"name": "HostListener"
									},
									"arguments": {
										"eventName": "'blur'"
									}
								}
							],
							"signatures": [
								{
									"id": 77,
									"name": "onBlur",
									"kind": 4096,
									"kindString": "Call signature",
									"flags": {},
									"comment": {
										"shortText": "Se ejecuta al momento que el input pierde foco.\n Se asegura de que hay valor insertado para regresar o no la etiqueta a su posición original."
									},
									"type": {
										"type": "intrinsic",
										"name": "void"
									}
								}
							],
							"sources": [
								{
									"fileName": "atoms/input/input.directive.ts",
									"line": 159,
									"character": 7
								}
							]
						},
						{
							"id": 74,
							"name": "onFocus",
							"kind": 2048,
							"kindString": "Method",
							"flags": {
								"isExported": true,
								"isExternal": true
							},
							"decorators": [
								{
									"name": "HostListener",
									"type": {
										"type": "reference",
										"name": "HostListener"
									},
									"arguments": {
										"eventName": "'focus'"
									}
								}
							],
							"signatures": [
								{
									"id": 75,
									"name": "onFocus",
									"kind": 4096,
									"kindString": "Call signature",
									"flags": {},
									"type": {
										"type": "intrinsic",
										"name": "void"
									}
								}
							],
							"sources": [
								{
									"fileName": "atoms/input/input.directive.ts",
									"line": 152,
									"character": 8
								}
							]
						}
					],
					"groups": [
						{
							"title": "Constructors",
							"kind": 512,
							"children": [25]
						},
						{
							"title": "Properties",
							"kind": 1024,
							"children": [
								39,
								26,
								44,
								21,
								55,
								20,
								50,
								60,
								66,
								18,
								19,
								27,
								45,
								65,
								24
							]
						},
						{
							"title": "Accessors",
							"kind": 262144,
							"children": [35, 84, 40, 51, 46, 86, 56, 61]
						},
						{
							"title": "Methods",
							"kind": 2048,
							"children": [82, 71, 80, 78, 69, 67, 76, 74]
						}
					],
					"sources": [
						{
							"fileName": "atoms/input/input.directive.ts",
							"line": 45,
							"character": 27
						}
					],
					"implementedTypes": [
						{
							"type": "reference",
							"name": "DoCheck"
						}
					]
				},
				{
					"id": 88,
					"name": "SN_INPUT_INVALID_TYPES",
					"kind": 32,
					"kindString": "Variable",
					"flags": {
						"isExternal": true,
						"isConst": true
					},
					"sources": [
						{
							"fileName": "atoms/input/input.directive.ts",
							"line": 18,
							"character": 28
						}
					],
					"type": {
						"type": "array",
						"elementType": {
							"type": "intrinsic",
							"name": "string"
						}
					},
					"defaultValue": " [\n\t'button',\n\t'checkbox',\n\t'file',\n\t'hidden',\n\t'image',\n\t'radio',\n\t'range',\n\t'reset',\n\t'submit',\n\t'color'\n]"
				}
			],
			"groups": [
				{
					"title": "Classes",
					"kind": 128,
					"children": [17]
				},
				{
					"title": "Variables",
					"kind": 32,
					"children": [88]
				}
			],
			"sources": [
				{
					"fileName": "atoms/input/input.directive.ts",
					"line": 1,
					"character": 0
				}
			]
		},
		{
			"id": 5,
			"name": "\"core/error/error-options\"",
			"kind": 1,
			"kindString": "External module",
			"flags": {
				"isExported": true,
				"isExternal": true
			},
			"originalName": "/Users/mlmv/Workspace/SANTANDER/flame-santander/flame-workspace/libs/flame-component-library/src/lib/core/error/error-options.ts",
			"children": [
				{
					"id": 6,
					"name": "ErrorStateMatcher",
					"kind": 128,
					"kindString": "Class",
					"flags": {
						"isExported": true,
						"isExternal": true
					},
					"comment": {
						"shortText": "Provider that defines how form controls behave with regards to displaying error messages."
					},
					"decorators": [
						{
							"name": "Injectable",
							"type": {
								"type": "reference",
								"name": "Injectable"
							},
							"arguments": {
								"options": "{\n\tprovidedIn: 'root'\n}"
							}
						}
					],
					"children": [
						{
							"id": 7,
							"name": "isErrorState",
							"kind": 2048,
							"kindString": "Method",
							"flags": {
								"isExported": true,
								"isExternal": true
							},
							"signatures": [
								{
									"id": 8,
									"name": "isErrorState",
									"kind": 4096,
									"kindString": "Call signature",
									"flags": {},
									"parameters": [
										{
											"id": 9,
											"name": "control",
											"kind": 32768,
											"kindString": "Parameter",
											"flags": {},
											"type": {
												"type": "union",
												"types": [
													{
														"type": "reference",
														"name": "FormControl"
													},
													{
														"type": "intrinsic",
														"name": "null"
													}
												]
											}
										},
										{
											"id": 10,
											"name": "form",
											"kind": 32768,
											"kindString": "Parameter",
											"flags": {},
											"type": {
												"type": "union",
												"types": [
													{
														"type": "reference",
														"name": "FormGroupDirective"
													},
													{
														"type": "reference",
														"name": "NgForm"
													},
													{
														"type": "intrinsic",
														"name": "null"
													}
												]
											}
										}
									],
									"type": {
										"type": "intrinsic",
										"name": "boolean"
									}
								}
							],
							"sources": [
								{
									"fileName": "core/error/error-options.ts",
									"line": 9,
									"character": 13
								}
							]
						}
					],
					"groups": [
						{
							"title": "Methods",
							"kind": 2048,
							"children": [7]
						}
					],
					"sources": [
						{
							"fileName": "core/error/error-options.ts",
							"line": 8,
							"character": 30
						}
					],
					"implementedBy": [
						{
							"type": "reference",
							"name": "ShowOnDirtyErrorStateMatcher",
							"id": 11
						}
					]
				},
				{
					"id": 11,
					"name": "ShowOnDirtyErrorStateMatcher",
					"kind": 128,
					"kindString": "Class",
					"flags": {
						"isExported": true,
						"isExternal": true
					},
					"comment": {
						"shortText": "Error state matcher that matches when a control is invalid and dirty."
					},
					"decorators": [
						{
							"name": "Injectable",
							"type": {
								"type": "reference",
								"name": "Injectable"
							},
							"arguments": {}
						}
					],
					"children": [
						{
							"id": 12,
							"name": "isErrorState",
							"kind": 2048,
							"kindString": "Method",
							"flags": {
								"isExported": true,
								"isExternal": true
							},
							"signatures": [
								{
									"id": 13,
									"name": "isErrorState",
									"kind": 4096,
									"kindString": "Call signature",
									"flags": {},
									"parameters": [
										{
											"id": 14,
											"name": "control",
											"kind": 32768,
											"kindString": "Parameter",
											"flags": {},
											"type": {
												"type": "union",
												"types": [
													{
														"type": "reference",
														"name": "FormControl"
													},
													{
														"type": "intrinsic",
														"name": "null"
													}
												]
											}
										},
										{
											"id": 15,
											"name": "form",
											"kind": 32768,
											"kindString": "Parameter",
											"flags": {},
											"type": {
												"type": "union",
												"types": [
													{
														"type": "reference",
														"name": "FormGroupDirective"
													},
													{
														"type": "reference",
														"name": "NgForm"
													},
													{
														"type": "intrinsic",
														"name": "null"
													}
												]
											}
										}
									],
									"type": {
										"type": "intrinsic",
										"name": "boolean"
									}
								}
							],
							"sources": [
								{
									"fileName": "core/error/error-options.ts",
									"line": 24,
									"character": 13
								}
							]
						}
					],
					"groups": [
						{
							"title": "Methods",
							"kind": 2048,
							"children": [12]
						}
					],
					"sources": [
						{
							"fileName": "core/error/error-options.ts",
							"line": 23,
							"character": 41
						}
					],
					"implementedTypes": [
						{
							"type": "reference",
							"name": "ErrorStateMatcher",
							"id": 6
						}
					]
				}
			],
			"groups": [
				{
					"title": "Classes",
					"kind": 128,
					"children": [6, 11]
				}
			],
			"sources": [
				{
					"fileName": "core/error/error-options.ts",
					"line": 1,
					"character": 0
				}
			]
		}
	],
	"groups": [
		{
			"title": "External modules",
			"kind": 1,
			"children": [89, 1, 16, 5]
		}
	]
}
