{
	"id": 0,
	"name": "@santander/flame-component-library",
	"kind": 0,
	"flags": {},
	"children": [
		{
			"id": 1,
			"name": "\"slide-toggle.component\"",
			"kind": 1,
			"kindString": "External module",
			"flags": {
				"isExported": true
			},
			"originalName": "/Users/mlmv/Workspace/SANTANDER/flame-santander/flame-workspace/libs/flame-component-library/src/lib/atoms/slide-toggle/slide-toggle.component.ts",
			"children": [
				{
					"id": 2,
					"name": "SlideToggleComponent",
					"kind": 128,
					"kindString": "Class",
					"flags": {
						"isExported": true
					},
					"decorators": [
						{
							"name": "Component",
							"type": {
								"type": "reference",
								"name": "Component"
							},
							"arguments": {
								"obj": "{\n\tselector: 'sn-slide-toggle',\n\ttemplateUrl: './slide-toggle.component.html',\n\tstyleUrls: ['./slide-toggle.component.scss'],\n\t// tslint:disable-next-line:use-host-property-decorator\n\thost: {\n\t\tclass: 'sn-slide-toggle',\n\t\t'[attr.id]': 'id',\n\t\t'[attr.name]': 'name',\n\t\t'[attr.required]': 'required',\n\t\t'[attr.disabled]': '_disabled',\n\t\t'[attr.checked]': '_checked',\n\t\t'[class.sn-slide-toggle-disabled]': '_disabled',\n\t\t'[class.sn-slide-toggle-label-left]': 'labelPosition == \"left\"'\n\t},\n\tproviders: [\n\t\t{\n\t\t\tprovide: NG_VALUE_ACCESSOR,\n\t\t\tmulti: true,\n\t\t\tuseExisting: forwardRef(() => SlideToggleComponent)\n\t\t}\n\t]\n}"
							}
						}
					],
					"children": [
						{
							"id": 3,
							"name": "constructor",
							"kind": 512,
							"kindString": "Constructor",
							"flags": {
								"isExported": true
							},
							"signatures": [
								{
									"id": 5,
									"name": "new SlideToggleComponent",
									"kind": 16384,
									"kindString": "Constructor signature",
									"flags": {},
									"parameters": [
										{
											"id": 6,
											"name": "_changeDetectorRef",
											"kind": 32768,
											"kindString": "Parameter",
											"flags": {},
											"type": {
												"type": "reference",
												"name": "ChangeDetectorRef"
											}
										}
									],
									"type": {
										"type": "reference",
										"name": "SlideToggleComponent",
										"id": 2
									}
								}
							],
							"sources": [
								{
									"fileName": "slide-toggle.component.ts",
									"line": 40,
									"character": 60
								}
							]
						},
						{
							"id": 7,
							"name": "_button",
							"kind": 1024,
							"kindString": "Property",
							"flags": {
								"isPrivate": true,
								"isExported": true
							},
							"sources": [
								{
									"fileName": "slide-toggle.component.ts",
									"line": 43,
									"character": 16
								}
							],
							"type": {
								"type": "intrinsic",
								"name": "any"
							}
						},
						{
							"id": 18,
							"name": "_buttonUniqueId",
							"kind": 1024,
							"kindString": "Property",
							"flags": {
								"isPublic": true,
								"isExported": true
							},
							"sources": [
								{
									"fileName": "slide-toggle.component.ts",
									"line": 55,
									"character": 23
								}
							],
							"type": {
								"type": "intrinsic",
								"name": "string"
							},
							"defaultValue": " `button-${++nextUniqueId}`"
						},
						{
							"id": 15,
							"name": "_buttonWidth",
							"kind": 1024,
							"kindString": "Property",
							"flags": {
								"isPrivate": true,
								"isExported": true
							},
							"sources": [
								{
									"fileName": "slide-toggle.component.ts",
									"line": 51,
									"character": 21
								}
							],
							"type": {
								"type": "intrinsic",
								"name": "string"
							},
							"defaultValue": "\"2rem\""
						},
						{
							"id": 4,
							"name": "_changeDetectorRef",
							"kind": 1024,
							"kindString": "Property",
							"flags": {
								"isPrivate": true,
								"isExported": true,
								"isConstructorProperty": true
							},
							"sources": [
								{
									"fileName": "slide-toggle.component.ts",
									"line": 41,
									"character": 39
								}
							],
							"type": {
								"type": "reference",
								"name": "ChangeDetectorRef"
							}
						},
						{
							"id": 16,
							"name": "_checked",
							"kind": 1024,
							"kindString": "Property",
							"flags": {
								"isPublic": true,
								"isExported": true
							},
							"sources": [
								{
									"fileName": "slide-toggle.component.ts",
									"line": 53,
									"character": 16
								}
							],
							"type": {
								"type": "intrinsic",
								"name": "boolean"
							},
							"defaultValue": "false"
						},
						{
							"id": 8,
							"name": "_circle",
							"kind": 1024,
							"kindString": "Property",
							"flags": {
								"isPrivate": true,
								"isExported": true
							},
							"sources": [
								{
									"fileName": "slide-toggle.component.ts",
									"line": 44,
									"character": 16
								}
							],
							"type": {
								"type": "intrinsic",
								"name": "any"
							}
						},
						{
							"id": 17,
							"name": "_disabled",
							"kind": 1024,
							"kindString": "Property",
							"flags": {
								"isPublic": true,
								"isExported": true
							},
							"sources": [
								{
									"fileName": "slide-toggle.component.ts",
									"line": 54,
									"character": 17
								}
							],
							"type": {
								"type": "intrinsic",
								"name": "boolean"
							},
							"defaultValue": "false"
						},
						{
							"id": 19,
							"name": "_divUniqueId",
							"kind": 1024,
							"kindString": "Property",
							"flags": {
								"isPublic": true,
								"isExported": true
							},
							"sources": [
								{
									"fileName": "slide-toggle.component.ts",
									"line": 56,
									"character": 20
								}
							],
							"type": {
								"type": "intrinsic",
								"name": "string"
							},
							"defaultValue": " `div-${nextUniqueId}`"
						},
						{
							"id": 11,
							"name": "_id",
							"kind": 1024,
							"kindString": "Property",
							"flags": {
								"isPrivate": true,
								"isExported": true
							},
							"sources": [
								{
									"fileName": "slide-toggle.component.ts",
									"line": 47,
									"character": 12
								}
							],
							"type": {
								"type": "intrinsic",
								"name": "string"
							}
						},
						{
							"id": 14,
							"name": "_isDrag",
							"kind": 1024,
							"kindString": "Property",
							"flags": {
								"isPrivate": true,
								"isExported": true
							},
							"sources": [
								{
									"fileName": "slide-toggle.component.ts",
									"line": 50,
									"character": 16
								}
							],
							"type": {
								"type": "intrinsic",
								"name": "boolean"
							},
							"defaultValue": "false"
						},
						{
							"id": 12,
							"name": "_name",
							"kind": 1024,
							"kindString": "Property",
							"flags": {
								"isPrivate": true,
								"isExported": true
							},
							"sources": [
								{
									"fileName": "slide-toggle.component.ts",
									"line": 48,
									"character": 14
								}
							],
							"type": {
								"type": "intrinsic",
								"name": "string"
							}
						},
						{
							"id": 42,
							"name": "_onChange",
							"kind": 1024,
							"kindString": "Property",
							"flags": {
								"isPrivate": true,
								"isExported": true
							},
							"sources": [
								{
									"fileName": "slide-toggle.component.ts",
									"line": 114,
									"character": 18
								}
							],
							"type": {
								"type": "reference",
								"name": "Function"
							}
						},
						{
							"id": 43,
							"name": "_onTouched",
							"kind": 1024,
							"kindString": "Property",
							"flags": {
								"isPrivate": true,
								"isExported": true
							},
							"sources": [
								{
									"fileName": "slide-toggle.component.ts",
									"line": 115,
									"character": 19
								}
							],
							"type": {
								"type": "reference",
								"name": "Function"
							}
						},
						{
							"id": 9,
							"name": "_rect",
							"kind": 1024,
							"kindString": "Property",
							"flags": {
								"isPrivate": true,
								"isExported": true
							},
							"sources": [
								{
									"fileName": "slide-toggle.component.ts",
									"line": 45,
									"character": 14
								}
							],
							"type": {
								"type": "intrinsic",
								"name": "any"
							}
						},
						{
							"id": 13,
							"name": "_required",
							"kind": 1024,
							"kindString": "Property",
							"flags": {
								"isPrivate": true,
								"isExported": true
							},
							"sources": [
								{
									"fileName": "slide-toggle.component.ts",
									"line": 49,
									"character": 18
								}
							],
							"type": {
								"type": "intrinsic",
								"name": "boolean"
							},
							"defaultValue": "false"
						},
						{
							"id": 10,
							"name": "_startX",
							"kind": 1024,
							"kindString": "Property",
							"flags": {
								"isPrivate": true,
								"isExported": true
							},
							"sources": [
								{
									"fileName": "slide-toggle.component.ts",
									"line": 46,
									"character": 16
								}
							],
							"type": {
								"type": "intrinsic",
								"name": "number"
							},
							"defaultValue": "0"
						},
						{
							"id": 41,
							"name": "change",
							"kind": 1024,
							"kindString": "Property",
							"flags": {
								"isExported": true
							},
							"decorators": [
								{
									"name": "Output",
									"type": {
										"type": "reference",
										"name": "Output"
									},
									"arguments": {}
								}
							],
							"sources": [
								{
									"fileName": "slide-toggle.component.ts",
									"line": 110,
									"character": 26
								}
							],
							"type": {
								"type": "reference",
								"name": "EventEmitter",
								"typeArguments": [
									{
										"type": "intrinsic",
										"name": "boolean"
									}
								]
							},
							"defaultValue": " new EventEmitter<\n\t\tboolean\n\t>()"
						},
						{
							"id": 40,
							"name": "labelPosition",
							"kind": 1024,
							"kindString": "Property",
							"flags": {
								"isExported": true
							},
							"decorators": [
								{
									"name": "Input",
									"type": {
										"type": "reference",
										"name": "Input"
									},
									"arguments": {}
								}
							],
							"sources": [
								{
									"fileName": "slide-toggle.component.ts",
									"line": 108,
									"character": 23
								}
							],
							"type": {
								"type": "union",
								"types": [
									{
										"type": "stringLiteral",
										"value": "left"
									},
									{
										"type": "stringLiteral",
										"value": "right"
									}
								]
							},
							"defaultValue": "\"right\""
						},
						{
							"id": 36,
							"name": "checked",
							"kind": 262144,
							"kindString": "Accessor",
							"flags": {
								"isExported": true
							},
							"decorators": [
								{
									"name": "Input",
									"type": {
										"type": "reference",
										"name": "Input"
									},
									"arguments": {}
								}
							],
							"getSignature": [
								{
									"id": 37,
									"name": "__get",
									"kind": 524288,
									"kindString": "Get signature",
									"flags": {},
									"type": {
										"type": "intrinsic",
										"name": "boolean"
									}
								}
							],
							"setSignature": [
								{
									"id": 38,
									"name": "__set",
									"kind": 1048576,
									"kindString": "Set signature",
									"flags": {},
									"parameters": [
										{
											"id": 39,
											"name": "value",
											"kind": 32768,
											"kindString": "Parameter",
											"flags": {},
											"type": {
												"type": "intrinsic",
												"name": "boolean"
											}
										}
									],
									"type": {
										"type": "intrinsic",
										"name": "void"
									}
								}
							],
							"sources": [
								{
									"fileName": "slide-toggle.component.ts",
									"line": 99,
									"character": 12
								},
								{
									"fileName": "slide-toggle.component.ts",
									"line": 102,
									"character": 12
								}
							]
						},
						{
							"id": 32,
							"name": "disabled",
							"kind": 262144,
							"kindString": "Accessor",
							"flags": {
								"isExported": true
							},
							"decorators": [
								{
									"name": "Input",
									"type": {
										"type": "reference",
										"name": "Input"
									},
									"arguments": {}
								}
							],
							"getSignature": [
								{
									"id": 33,
									"name": "__get",
									"kind": 524288,
									"kindString": "Get signature",
									"flags": {},
									"type": {
										"type": "intrinsic",
										"name": "boolean"
									}
								}
							],
							"setSignature": [
								{
									"id": 34,
									"name": "__set",
									"kind": 1048576,
									"kindString": "Set signature",
									"flags": {},
									"parameters": [
										{
											"id": 35,
											"name": "value",
											"kind": 32768,
											"kindString": "Parameter",
											"flags": {},
											"type": {
												"type": "intrinsic",
												"name": "boolean"
											}
										}
									],
									"type": {
										"type": "intrinsic",
										"name": "void"
									}
								}
							],
							"sources": [
								{
									"fileName": "slide-toggle.component.ts",
									"line": 83,
									"character": 13
								},
								{
									"fileName": "slide-toggle.component.ts",
									"line": 86,
									"character": 13
								}
							]
						},
						{
							"id": 20,
							"name": "id",
							"kind": 262144,
							"kindString": "Accessor",
							"flags": {
								"isExported": true
							},
							"decorators": [
								{
									"name": "Input",
									"type": {
										"type": "reference",
										"name": "Input"
									},
									"arguments": {}
								}
							],
							"getSignature": [
								{
									"id": 21,
									"name": "__get",
									"kind": 524288,
									"kindString": "Get signature",
									"flags": {},
									"type": {
										"type": "intrinsic",
										"name": "string"
									}
								}
							],
							"setSignature": [
								{
									"id": 22,
									"name": "__set",
									"kind": 1048576,
									"kindString": "Set signature",
									"flags": {},
									"parameters": [
										{
											"id": 23,
											"name": "value",
											"kind": 32768,
											"kindString": "Parameter",
											"flags": {},
											"type": {
												"type": "intrinsic",
												"name": "string"
											}
										}
									],
									"type": {
										"type": "intrinsic",
										"name": "void"
									}
								}
							],
							"sources": [
								{
									"fileName": "slide-toggle.component.ts",
									"line": 59,
									"character": 7
								},
								{
									"fileName": "slide-toggle.component.ts",
									"line": 62,
									"character": 7
								}
							]
						},
						{
							"id": 24,
							"name": "name",
							"kind": 262144,
							"kindString": "Accessor",
							"flags": {
								"isExported": true
							},
							"decorators": [
								{
									"name": "Input",
									"type": {
										"type": "reference",
										"name": "Input"
									},
									"arguments": {}
								}
							],
							"getSignature": [
								{
									"id": 25,
									"name": "__get",
									"kind": 524288,
									"kindString": "Get signature",
									"flags": {},
									"type": {
										"type": "intrinsic",
										"name": "string"
									}
								}
							],
							"setSignature": [
								{
									"id": 26,
									"name": "__set",
									"kind": 1048576,
									"kindString": "Set signature",
									"flags": {},
									"parameters": [
										{
											"id": 27,
											"name": "value",
											"kind": 32768,
											"kindString": "Parameter",
											"flags": {},
											"type": {
												"type": "intrinsic",
												"name": "string"
											}
										}
									],
									"type": {
										"type": "intrinsic",
										"name": "void"
									}
								}
							],
							"sources": [
								{
									"fileName": "slide-toggle.component.ts",
									"line": 67,
									"character": 9
								},
								{
									"fileName": "slide-toggle.component.ts",
									"line": 70,
									"character": 9
								}
							]
						},
						{
							"id": 28,
							"name": "required",
							"kind": 262144,
							"kindString": "Accessor",
							"flags": {
								"isExported": true
							},
							"decorators": [
								{
									"name": "Input",
									"type": {
										"type": "reference",
										"name": "Input"
									},
									"arguments": {}
								}
							],
							"getSignature": [
								{
									"id": 29,
									"name": "__get",
									"kind": 524288,
									"kindString": "Get signature",
									"flags": {},
									"type": {
										"type": "intrinsic",
										"name": "boolean"
									}
								}
							],
							"setSignature": [
								{
									"id": 30,
									"name": "__set",
									"kind": 1048576,
									"kindString": "Set signature",
									"flags": {},
									"parameters": [
										{
											"id": 31,
											"name": "value",
											"kind": 32768,
											"kindString": "Parameter",
											"flags": {},
											"type": {
												"type": "intrinsic",
												"name": "boolean"
											}
										}
									],
									"type": {
										"type": "intrinsic",
										"name": "void"
									}
								}
							],
							"sources": [
								{
									"fileName": "slide-toggle.component.ts",
									"line": 75,
									"character": 13
								},
								{
									"fileName": "slide-toggle.component.ts",
									"line": 78,
									"character": 13
								}
							]
						},
						{
							"id": 56,
							"name": "_translateCircle",
							"kind": 2048,
							"kindString": "Method",
							"flags": {
								"isPrivate": true,
								"isExported": true
							},
							"signatures": [
								{
									"id": 57,
									"name": "_translateCircle",
									"kind": 4096,
									"kindString": "Call signature",
									"flags": {},
									"type": {
										"type": "intrinsic",
										"name": "void"
									}
								}
							],
							"sources": [
								{
									"fileName": "slide-toggle.component.ts",
									"line": 133,
									"character": 25
								}
							]
						},
						{
							"id": 65,
							"name": "avoidPropagation",
							"kind": 2048,
							"kindString": "Method",
							"flags": {
								"isPublic": true,
								"isExported": true
							},
							"signatures": [
								{
									"id": 66,
									"name": "avoidPropagation",
									"kind": 4096,
									"kindString": "Call signature",
									"flags": {},
									"parameters": [
										{
											"id": 67,
											"name": "event",
											"kind": 32768,
											"kindString": "Parameter",
											"flags": {},
											"type": {
												"type": "intrinsic",
												"name": "any"
											}
										}
									],
									"type": {
										"type": "intrinsic",
										"name": "void"
									}
								}
							],
							"sources": [
								{
									"fileName": "slide-toggle.component.ts",
									"line": 213,
									"character": 24
								}
							]
						},
						{
							"id": 70,
							"name": "ngAfterViewInit",
							"kind": 2048,
							"kindString": "Method",
							"flags": {
								"isExported": true
							},
							"signatures": [
								{
									"id": 71,
									"name": "ngAfterViewInit",
									"kind": 4096,
									"kindString": "Call signature",
									"flags": {},
									"type": {
										"type": "intrinsic",
										"name": "void"
									}
								}
							],
							"sources": [
								{
									"fileName": "slide-toggle.component.ts",
									"line": 228,
									"character": 16
								}
							]
						},
						{
							"id": 72,
							"name": "ngOnChanges",
							"kind": 2048,
							"kindString": "Method",
							"flags": {
								"isExported": true
							},
							"signatures": [
								{
									"id": 73,
									"name": "ngOnChanges",
									"kind": 4096,
									"kindString": "Call signature",
									"flags": {},
									"parameters": [
										{
											"id": 74,
											"name": "changes",
											"kind": 32768,
											"kindString": "Parameter",
											"flags": {},
											"type": {
												"type": "reference",
												"name": "SimpleChanges"
											}
										}
									],
									"type": {
										"type": "intrinsic",
										"name": "void"
									}
								}
							],
							"sources": [
								{
									"fileName": "slide-toggle.component.ts",
									"line": 241,
									"character": 12
								}
							]
						},
						{
							"id": 58,
							"name": "onChangeEvent",
							"kind": 2048,
							"kindString": "Method",
							"flags": {
								"isPublic": true,
								"isExported": true
							},
							"signatures": [
								{
									"id": 59,
									"name": "onChangeEvent",
									"kind": 4096,
									"kindString": "Call signature",
									"flags": {},
									"type": {
										"type": "intrinsic",
										"name": "void"
									}
								}
							],
							"sources": [
								{
									"fileName": "slide-toggle.component.ts",
									"line": 143,
									"character": 21
								}
							]
						},
						{
							"id": 68,
							"name": "onClick",
							"kind": 2048,
							"kindString": "Method",
							"flags": {
								"isPublic": true,
								"isExported": true
							},
							"signatures": [
								{
									"id": 69,
									"name": "onClick",
									"kind": 4096,
									"kindString": "Call signature",
									"flags": {},
									"type": {
										"type": "intrinsic",
										"name": "void"
									}
								}
							],
							"sources": [
								{
									"fileName": "slide-toggle.component.ts",
									"line": 222,
									"character": 15
								}
							]
						},
						{
							"id": 60,
							"name": "onDrag",
							"kind": 2048,
							"kindString": "Method",
							"flags": {
								"isPublic": true,
								"isExported": true
							},
							"signatures": [
								{
									"id": 61,
									"name": "onDrag",
									"kind": 4096,
									"kindString": "Call signature",
									"flags": {},
									"parameters": [
										{
											"id": 62,
											"name": "event",
											"kind": 32768,
											"kindString": "Parameter",
											"flags": {},
											"type": {
												"type": "intrinsic",
												"name": "any"
											}
										}
									],
									"type": {
										"type": "intrinsic",
										"name": "void"
									}
								}
							],
							"sources": [
								{
									"fileName": "slide-toggle.component.ts",
									"line": 157,
									"character": 14
								}
							]
						},
						{
							"id": 63,
							"name": "onDragEnd",
							"kind": 2048,
							"kindString": "Method",
							"flags": {
								"isPublic": true,
								"isExported": true
							},
							"signatures": [
								{
									"id": 64,
									"name": "onDragEnd",
									"kind": 4096,
									"kindString": "Call signature",
									"flags": {},
									"type": {
										"type": "intrinsic",
										"name": "void"
									}
								}
							],
							"sources": [
								{
									"fileName": "slide-toggle.component.ts",
									"line": 194,
									"character": 17
								}
							]
						},
						{
							"id": 47,
							"name": "registerOnChange",
							"kind": 2048,
							"kindString": "Method",
							"flags": {
								"isExported": true
							},
							"signatures": [
								{
									"id": 48,
									"name": "registerOnChange",
									"kind": 4096,
									"kindString": "Call signature",
									"flags": {},
									"parameters": [
										{
											"id": 49,
											"name": "fn",
											"kind": 32768,
											"kindString": "Parameter",
											"flags": {},
											"type": {
												"type": "intrinsic",
												"name": "any"
											}
										}
									],
									"type": {
										"type": "intrinsic",
										"name": "void"
									}
								}
							],
							"sources": [
								{
									"fileName": "slide-toggle.component.ts",
									"line": 121,
									"character": 17
								}
							]
						},
						{
							"id": 50,
							"name": "registerOnTouched",
							"kind": 2048,
							"kindString": "Method",
							"flags": {
								"isExported": true
							},
							"signatures": [
								{
									"id": 51,
									"name": "registerOnTouched",
									"kind": 4096,
									"kindString": "Call signature",
									"flags": {},
									"parameters": [
										{
											"id": 52,
											"name": "fn",
											"kind": 32768,
											"kindString": "Parameter",
											"flags": {},
											"type": {
												"type": "intrinsic",
												"name": "any"
											}
										}
									],
									"type": {
										"type": "intrinsic",
										"name": "void"
									}
								}
							],
							"sources": [
								{
									"fileName": "slide-toggle.component.ts",
									"line": 125,
									"character": 18
								}
							]
						},
						{
							"id": 53,
							"name": "setDisabledState",
							"kind": 2048,
							"kindString": "Method",
							"flags": {
								"isExported": true
							},
							"signatures": [
								{
									"id": 54,
									"name": "setDisabledState",
									"kind": 4096,
									"kindString": "Call signature",
									"flags": {},
									"parameters": [
										{
											"id": 55,
											"name": "isDisabled",
											"kind": 32768,
											"kindString": "Parameter",
											"flags": {},
											"type": {
												"type": "intrinsic",
												"name": "boolean"
											}
										}
									],
									"type": {
										"type": "intrinsic",
										"name": "void"
									}
								}
							],
							"sources": [
								{
									"fileName": "slide-toggle.component.ts",
									"line": 129,
									"character": 17
								}
							]
						},
						{
							"id": 44,
							"name": "writeValue",
							"kind": 2048,
							"kindString": "Method",
							"flags": {
								"isExported": true
							},
							"signatures": [
								{
									"id": 45,
									"name": "writeValue",
									"kind": 4096,
									"kindString": "Call signature",
									"flags": {},
									"parameters": [
										{
											"id": 46,
											"name": "val",
											"kind": 32768,
											"kindString": "Parameter",
											"flags": {},
											"type": {
												"type": "intrinsic",
												"name": "any"
											}
										}
									],
									"type": {
										"type": "intrinsic",
										"name": "void"
									}
								}
							],
							"sources": [
								{
									"fileName": "slide-toggle.component.ts",
									"line": 117,
									"character": 11
								}
							]
						}
					],
					"groups": [
						{
							"title": "Constructors",
							"kind": 512,
							"children": [3]
						},
						{
							"title": "Properties",
							"kind": 1024,
							"children": [
								7,
								18,
								15,
								4,
								16,
								8,
								17,
								19,
								11,
								14,
								12,
								42,
								43,
								9,
								13,
								10,
								41,
								40
							]
						},
						{
							"title": "Accessors",
							"kind": 262144,
							"children": [36, 32, 20, 24, 28]
						},
						{
							"title": "Methods",
							"kind": 2048,
							"children": [56, 65, 70, 72, 58, 68, 60, 63, 47, 50, 53, 44]
						}
					],
					"sources": [
						{
							"fileName": "slide-toggle.component.ts",
							"line": 39,
							"character": 33
						}
					],
					"implementedTypes": [
						{
							"type": "reference",
							"name": "OnChanges"
						},
						{
							"type": "reference",
							"name": "AfterViewInit"
						},
						{
							"type": "reference",
							"name": "ControlValueAccessor"
						}
					]
				},
				{
					"id": 75,
					"name": "nextUniqueId",
					"kind": 32,
					"kindString": "Variable",
					"flags": {
						"isLet": true
					},
					"sources": [
						{
							"fileName": "slide-toggle.component.ts",
							"line": 14,
							"character": 16
						}
					],
					"type": {
						"type": "intrinsic",
						"name": "number"
					},
					"defaultValue": "0"
				}
			],
			"groups": [
				{
					"title": "Classes",
					"kind": 128,
					"children": [2]
				},
				{
					"title": "Variables",
					"kind": 32,
					"children": [75]
				}
			],
			"sources": [
				{
					"fileName": "slide-toggle.component.ts",
					"line": 1,
					"character": 0
				}
			]
		}
	],
	"groups": [
		{
			"title": "External modules",
			"kind": 1,
			"children": [1]
		}
	]
}
