{
  "versionId": "1",
  "questions": [
    {
      "order": 1,
      "id": "ATR001",
      "text": "I would enjoy exploring investment opportunities for my money.",
      "responses": [
        {
          "order": 1,
          "id": "ATR001R001",
          "text": "I strongly agree with this statement"
        },
        {
          "order": 2,
          "id": "ATR001R002",
          "text": "I tend to agree with this statement"
        },
        {
          "order": 3,
          "id": "ATR001R003",
          "text": "In between"
        },
        {
          "order": 4,
          "id": "ATR001R004",
          "text": "I tend to disagree with this statement"
        },
        {
          "order": 5,
          "id": "ATR001R005",
          "text": "I strongly disagree with this statement"
        }
      ]
    },
    {
      "order": 2,
      "id": "ATR002",
      "text": "I would go for the best possible return even if there were risk involved.",
      "responses": [
        {
          "order": 1,
          "id": "ATR002R001",
          "text": "Always"
        },
        {
          "order": 2,
          "id": "ATR002R002",
          "text": "Usually"
        },
        {
          "order": 3,
          "id": "ATR002R003",
          "text": "Sometimes"
        },
        {
          "order": 4,
          "id": "ATR002R004",
          "text": "Rarely"
        },
        {
          "order": 5,
          "id": "ATR002R005",
          "text": "Never"
        }
      ]
    },
    {
      "order": 3,
      "id": "ATR003",
      "text": "How would you describe your typical attitude when making important financial decisions?",
      "responses": [
        {
          "order": 1,
          "id": "ATR003R001",
          "text": "Very adventurous"
        },
        {
          "order": 2,
          "id": "ATR003R002",
          "text": "Fairly adventurous"
        },
        {
          "order": 3,
          "id": "ATR003R003",
          "text": "Average"
        },
        {
          "order": 4,
          "id": "ATR003R004",
          "text": "Fairly cautious"
        },
        {
          "order": 5,
          "id": "ATR003R005",
          "text": "Very cautious"
        }
      ]
    },
    {
      "order": 4,
      "id": "ATR004",
      "text": "What amount of risk do you feel you have taken with your past financial decisions?",
      "responses": [
        {
          "order": 1,
          "id": "ATR004R001",
          "text": "Very large"
        },
        {
          "order": 2,
          "id": "ATR004R002",
          "text": "Large"
        },
        {
          "order": 3,
          "id": "ATR004R003",
          "text": "Medium"
        },
        {
          "order": 4,
          "id": "ATR004R004",
          "text": "Small"
        },
        {
          "order": 5,
          "id": "ATR004R005",
          "text": "Very small"
        }
      ]
    },
    {
      "order": 5,
      "id": "ATR005",
      "text": "To reach my financial goal I prefer an investment which is safe and grows slowly but steadily, even if it means lower growth overall.",
      "responses": [
        {
          "order": 1,
          "id": "ATR005R001",
          "text": "I strongly agree with this statement"
        },
        {
          "order": 2,
          "id": "ATR005R002",
          "text": "I tend to agree with this statement"
        },
        {
          "order": 3,
          "id": "ATR005R003",
          "text": "In between"
        },
        {
          "order": 4,
          "id": "ATR005R004",
          "text": "I tend to disagree with this statement"
        },
        {
          "order": 5,
          "id": "ATR005R005",
          "text": "I strongly disagree with this statement"
        }
      ]
    },
    {
      "order": 6,
      "id": "ATR006",
      "text": "I am looking for high investment growth. I am willing to accept the possibility of greater losses to achieve this.",
      "responses": [
        {
          "order": 1,
          "id": "ATR006R001",
          "text": "I strongly agree with this statement"
        },
        {
          "order": 2,
          "id": "ATR006R002",
          "text": "I tend to agree with this statement"
        },
        {
          "order": 3,
          "id": "ATR006R003",
          "text": "In between"
        },
        {
          "order": 4,
          "id": "ATR006R004",
          "text": "I tend to disagree with this statement"
        },
        {
          "order": 5,
          "id": "ATR006R005",
          "text": "I strongly disagree with this statement"
        }
      ]
    },
    {
      "order": 7,
      "id": "ATR007",
      "text": "If you had money to invest, how much would you be willing to place in an investment with possible high returns but a similar chance of losing some of your money?",
      "responses": [
        {
          "order": 1,
          "id": "ATR007R001",
          "text": "All of it"
        },
        {
          "order": 2,
          "id": "ATR007R002",
          "text": "More than half"
        },
        {
          "order": 3,
          "id": "ATR007R003",
          "text": "Half"
        },
        {
          "order": 4,
          "id": "ATR007R004",
          "text": "Less than half"
        },
        {
          "order": 5,
          "id": "ATR007R005",
          "text": "None"
        }
      ]
    },
    {
      "order": 8,
      "id": "ATR008",
      "text": "How do you think that a friend who knows you well would describe your attitude to taking financial risks?",
      "responses": [
        {
          "order": 1,
          "id": "ATR008R001",
          "text": "Daring"
        },
        {
          "order": 2,
          "id": "ATR008R002",
          "text": "Sometimes daring"
        },
        {
          "order": 3,
          "id": "ATR008R003",
          "text": "A thoughtful risk taker"
        },
        {
          "order": 4,
          "id": "ATR008R004",
          "text": "Careful"
        },
        {
          "order": 5,
          "id": "ATR008R005",
          "text": "Very cautious and risk averse"
        }
      ]
    },
    {
      "order": 9,
      "id": "ATR009",
      "text": "If you had picked an investment with potential for large gains but also the risk of large losses how would you feel:",
      "responses": [
        {
          "order": 1,
          "id": "ATR009R001",
          "text": "Panicked and very uncomfortable"
        },
        {
          "order": 2,
          "id": "ATR009R002",
          "text": "Quite uneasy"
        },
        {
          "order": 3,
          "id": "ATR009R003",
          "text": "A little concerned"
        },
        {
          "order": 4,
          "id": "ATR009R004",
          "text": "Accepting of the possible highs and lows"
        },
        {
          "order": 5,
          "id": "ATR009R005",
          "text": "Excited by the potential for gain"
        }
      ]
    },
    {
      "order": 10,
      "id": "ATR010",
      "text": "Imagine that you have some money to invest and a choice of two investment products, which option would you choose?",
      "responses": [
        {
          "order": 1,
          "id": "ATR010R001",
          "text": "A low average annual return but almost no risk of loss of the initial investment"
        },
        {
          "order": 2,
          "id": "ATR010R002",
          "text": "A higher average annual return but some risk of losing part of the initial investment"
        },
        {
          "order": 3,
          "id": "ATR010R003",
          "text": "A mixture of the above"
        }
      ]
    },
    {
      "order": 11,
      "id": "ATR011",
      "text": "I would prefer small certain gains to large uncertain ones.",
      "responses": [
        {
          "order": 1,
          "id": "ATR011R001",
          "text": "I strongly agree with this statement"
        },
        {
          "order": 2,
          "id": "ATR011R002",
          "text": "I tend to agree with this statement"
        },
        {
          "order": 3,
          "id": "ATR011R003",
          "text": "In between"
        },
        {
          "order": 4,
          "id": "ATR011R004",
          "text": "I tend to disagree with this statement"
        },
        {
          "order": 5,
          "id": "ATR011R005",
          "text": "I strongly disagree with this statement"
        }
      ]
    },
    {
      "order": 12,
      "id": "ATR012",
      "text": "When considering a major financial decision, which statement BEST describes the way you think about the possible losses or the possible gains?",
      "responses": [
        {
          "order": 1,
          "id": "ATR012R001",
          "text": "I'm excited about the possible gains"
        },
        {
          "order": 2,
          "id": "ATR012R002",
          "text": "I'm optimistic about possible gains"
        },
        {
          "order": 3,
          "id": "ATR012R003",
          "text": "I think about both the possible gains and losses"
        },
        {
          "order": 4,
          "id": "ATR012R004",
          "text": "I am conscious of the possible losses"
        },
        {
          "order": 5,
          "id": "ATR012R005",
          "text": "I worry about the possible losses"
        }
      ]
    },
    {
      "order": 13,
      "id": "ATR013",
      "text": "I want my investment money to be safe even if it means lower returns.",
      "responses": [
        {
          "order": 1,
          "id": "ATR013R001",
          "text": "I strongly agree with this statement"
        },
        {
          "order": 2,
          "id": "ATR013R002",
          "text": "I tend to agree with this statement"
        },
        {
          "order": 3,
          "id": "ATR013R003",
          "text": "In between"
        },
        {
          "order": 4,
          "id": "ATR013R004",
          "text": "I tend to disagree with this statement"
        },
        {
          "order": 5,
          "id": "ATR013R005",
          "text": "I strongly disagree with this statement"
        }
      ]
    }
  ]
}
