{
	"id": 0,
	"name": "@santander/flame-component-library",
	"kind": 0,
	"flags": {},
	"children": [
		{
			"id": 1,
			"name": "\"tab.interface\"",
			"kind": 1,
			"kindString": "External module",
			"flags": {
				"isExported": true
			},
			"originalName": "/Users/mlmv/Workspace/SANTANDER/flame-santander/flame-workspace/libs/flame-component-library/src/lib/atoms/tab-group/tab.interface.ts",
			"children": [
				{
					"id": 2,
					"name": "Tab",
					"kind": 256,
					"kindString": "Interface",
					"flags": {
						"isExported": true
					},
					"children": [
						{
							"id": 4,
							"name": "activated",
							"kind": 1024,
							"kindString": "Property",
							"flags": {
								"isExported": true
							},
							"sources": [
								{
									"fileName": "tab.interface.ts",
									"line": 3,
									"character": 10
								}
							],
							"type": {
								"type": "intrinsic",
								"name": "boolean"
							}
						},
						{
							"id": 5,
							"name": "disabled",
							"kind": 1024,
							"kindString": "Property",
							"flags": {
								"isExported": true
							},
							"sources": [
								{
									"fileName": "tab.interface.ts",
									"line": 4,
									"character": 9
								}
							],
							"type": {
								"type": "intrinsic",
								"name": "boolean"
							}
						},
						{
							"id": 3,
							"name": "id",
							"kind": 1024,
							"kindString": "Property",
							"flags": {
								"isExported": true
							},
							"sources": [
								{
									"fileName": "tab.interface.ts",
									"line": 2,
									"character": 3
								}
							],
							"type": {
								"type": "intrinsic",
								"name": "string"
							}
						}
					],
					"groups": [
						{
							"title": "Properties",
							"kind": 1024,
							"children": [4, 5, 3]
						}
					],
					"sources": [
						{
							"fileName": "tab.interface.ts",
							"line": 1,
							"character": 20
						}
					]
				}
			],
			"groups": [
				{
					"title": "Interfaces",
					"kind": 256,
					"children": [2]
				}
			],
			"sources": [
				{
					"fileName": "tab.interface.ts",
					"line": 1,
					"character": 0
				}
			]
		}
	],
	"groups": [
		{
			"title": "External modules",
			"kind": 1,
			"children": [1]
		}
	]
}
