{
  "project_info": {
    "project_number": "533375171111",
    "firebase_url": "https://yourproject.storage.bucket",
    "project_id": "yourproject",
    "storage_bucket": "yourproject.storage.bucket"
  },
  "client": [
    {
      "client_info": {
        "mobilesdk_app_id": "1:533311171683:android:22866d011111e3c5",
        "android_client_info": {
          "package_name": "com.santander.globile.archetypeandroid"
        }
      },
      "oauth_client": [
        {
          "client_id": "533375171683-fgtrsaoaghhgng1m6p24v8rj2k567erv.apps.googleusercontent.com",
          "client_type": 3
        }
      ],
      "api_key": [
        {
          "current_key": "AIzaSyDuIRBk345wCykH_U-BYHxkdHKwerHGv4g"
        }
      ],
      "services": {
        "analytics_service": {
          "status": 1
        },
        "appinvite_service": {
          "status": 1,
          "other_platform_oauth_client": []
        },
        "ads_service": {
          "status": 2
        }
      }
    }
  ],
  "configuration_version": "1"
}