{
  "old-journey": "https:\/\/www.santander.co.uk/uk/",
  "productName": "Regular eSaver",
  "client-id": "68434bf7-93a5-4c51-8b2a-9e3b37136da4",
  "tokenAPIUrl": "/security-service/oauth2/token",
  "esaverAPIUrl": "/regular-esaver-manager/regular-esaver/regular-esaver",
  "esaverAccountAPIUrl": "/regular-esaver-manager/regular-esaver-account/regular-esaver-account",
  "santander-savings": "https://www.santander.co.uk/personal/savings-and-investments/savings",
  "contact-us": "https://www.santander.co.uk/personal/support/talk-to-us",
  "timeout": "15000",
  "processing-waiting-time": 3000,
  "processing-attempts": 5,
  "processing-attempts-interval": 2000,
  "upTimeWindow": {
    "Sunday": ["0631", "2059"],
    "Monday": ["0631", "2059"],
    "Tuesday": ["0631", "2059"],
    "Wednesday": ["0631", "2059"],
    "Thursday": ["0631", "2059"],
    "Friday": ["0631", "2059"],
    "Saturday": ["0631", "2059"]
  }
}
