{
  "ABIRoot": {
    "kind": "Root",
    "name": "TopLevel",
    "printedName": "TopLevel",
    "children": [
      {
        "kind": "Import",
        "name": "Foundation",
        "printedName": "Foundation",
        "declKind": "Import",
        "moduleName": "Gateway",
        "declAttributes": [
          "RawDocComment"
        ]
      },
      {
        "kind": "Import",
        "name": "Common",
        "printedName": "Common",
        "declKind": "Import",
        "moduleName": "Gateway",
        "declAttributes": [
          "RawDocComment"
        ]
      },
      {
        "kind": "Import",
        "name": "Foundation",
        "printedName": "Foundation",
        "declKind": "Import",
        "moduleName": "Gateway"
      },
      {
        "kind": "Import",
        "name": "Common",
        "printedName": "Common",
        "declKind": "Import",
        "moduleName": "Gateway",
        "declAttributes": [
          "RawDocComment"
        ]
      },
      {
        "kind": "Import",
        "name": "Foundation",
        "printedName": "Foundation",
        "declKind": "Import",
        "moduleName": "Gateway"
      },
      {
        "kind": "Import",
        "name": "Foundation",
        "printedName": "Foundation",
        "declKind": "Import",
        "moduleName": "Gateway",
        "declAttributes": [
          "RawDocComment"
        ]
      },
      {
        "kind": "Import",
        "name": "Common",
        "printedName": "Common",
        "declKind": "Import",
        "moduleName": "Gateway"
      },
      {
        "kind": "Import",
        "name": "Foundation",
        "printedName": "Foundation",
        "declKind": "Import",
        "moduleName": "Gateway",
        "declAttributes": [
          "RawDocComment"
        ]
      },
      {
        "kind": "Import",
        "name": "Common",
        "printedName": "Common",
        "declKind": "Import",
        "moduleName": "Gateway"
      },
      {
        "kind": "Import",
        "name": "Foundation",
        "printedName": "Foundation",
        "declKind": "Import",
        "moduleName": "Gateway",
        "declAttributes": [
          "RawDocComment"
        ]
      },
      {
        "kind": "Import",
        "name": "Common",
        "printedName": "Common",
        "declKind": "Import",
        "moduleName": "Gateway"
      },
      {
        "kind": "Import",
        "name": "Foundation",
        "printedName": "Foundation",
        "declKind": "Import",
        "moduleName": "Gateway",
        "declAttributes": [
          "RawDocComment"
        ]
      },
      {
        "kind": "Import",
        "name": "Common",
        "printedName": "Common",
        "declKind": "Import",
        "moduleName": "Gateway"
      },
      {
        "kind": "Import",
        "name": "Common",
        "printedName": "Common",
        "declKind": "Import",
        "moduleName": "Gateway",
        "declAttributes": [
          "RawDocComment"
        ]
      },
      {
        "kind": "Import",
        "name": "Foundation",
        "printedName": "Foundation",
        "declKind": "Import",
        "moduleName": "Gateway"
      },
      {
        "kind": "Import",
        "name": "Foundation",
        "printedName": "Foundation",
        "declKind": "Import",
        "moduleName": "Gateway",
        "declAttributes": [
          "RawDocComment"
        ]
      },
      {
        "kind": "Import",
        "name": "zlib",
        "printedName": "zlib",
        "declKind": "Import",
        "moduleName": "Gateway"
      },
      {
        "kind": "TypeDecl",
        "name": "CompressionLevel",
        "printedName": "CompressionLevel",
        "children": [
          {
            "kind": "Var",
            "name": "rawValue",
            "printedName": "rawValue",
            "children": [
              {
                "kind": "TypeNominal",
                "name": "Int32",
                "printedName": "Swift.Int32",
                "usr": "s:s5Int32V"
              }
            ],
            "declKind": "Var",
            "usr": "s:7Gateway16CompressionLevelV8rawValues5Int32Vvp",
            "mangledName": "$s7Gateway16CompressionLevelV8rawValues5Int32Vvp",
            "moduleName": "Gateway",
            "declAttributes": [
              "HasStorage",
              "AccessControl",
              "RawDocComment"
            ],
            "isLet": true,
            "hasStorage": true,
            "accessors": [
              {
                "kind": "Accessor",
                "name": "Get",
                "printedName": "Get()",
                "children": [
                  {
                    "kind": "TypeNominal",
                    "name": "Int32",
                    "printedName": "Swift.Int32",
                    "usr": "s:s5Int32V"
                  }
                ],
                "declKind": "Accessor",
                "usr": "s:7Gateway16CompressionLevelV8rawValues5Int32Vvg",
                "mangledName": "$s7Gateway16CompressionLevelV8rawValues5Int32Vvg",
                "moduleName": "Gateway",
                "implicit": true,
                "accessorKind": "get"
              }
            ]
          },
          {
            "kind": "Var",
            "name": "noCompression",
            "printedName": "noCompression",
            "children": [
              {
                "kind": "TypeNominal",
                "name": "CompressionLevel",
                "printedName": "Gateway.CompressionLevel",
                "usr": "s:7Gateway16CompressionLevelV"
              }
            ],
            "declKind": "Var",
            "usr": "s:7Gateway16CompressionLevelV02noB0ACvpZ",
            "mangledName": "$s7Gateway16CompressionLevelV02noB0ACvpZ",
            "moduleName": "Gateway",
            "static": true,
            "declAttributes": [
              "HasInitialValue",
              "HasStorage",
              "AccessControl"
            ],
            "isLet": true,
            "hasStorage": true,
            "accessors": [
              {
                "kind": "Accessor",
                "name": "Get",
                "printedName": "Get()",
                "children": [
                  {
                    "kind": "TypeNominal",
                    "name": "CompressionLevel",
                    "printedName": "Gateway.CompressionLevel",
                    "usr": "s:7Gateway16CompressionLevelV"
                  }
                ],
                "declKind": "Accessor",
                "usr": "s:7Gateway16CompressionLevelV02noB0ACvgZ",
                "mangledName": "$s7Gateway16CompressionLevelV02noB0ACvgZ",
                "moduleName": "Gateway",
                "static": true,
                "implicit": true,
                "accessorKind": "get"
              }
            ]
          },
          {
            "kind": "Var",
            "name": "bestSpeed",
            "printedName": "bestSpeed",
            "children": [
              {
                "kind": "TypeNominal",
                "name": "CompressionLevel",
                "printedName": "Gateway.CompressionLevel",
                "usr": "s:7Gateway16CompressionLevelV"
              }
            ],
            "declKind": "Var",
            "usr": "s:7Gateway16CompressionLevelV9bestSpeedACvpZ",
            "mangledName": "$s7Gateway16CompressionLevelV9bestSpeedACvpZ",
            "moduleName": "Gateway",
            "static": true,
            "declAttributes": [
              "HasInitialValue",
              "HasStorage",
              "AccessControl"
            ],
            "isLet": true,
            "hasStorage": true,
            "accessors": [
              {
                "kind": "Accessor",
                "name": "Get",
                "printedName": "Get()",
                "children": [
                  {
                    "kind": "TypeNominal",
                    "name": "CompressionLevel",
                    "printedName": "Gateway.CompressionLevel",
                    "usr": "s:7Gateway16CompressionLevelV"
                  }
                ],
                "declKind": "Accessor",
                "usr": "s:7Gateway16CompressionLevelV9bestSpeedACvgZ",
                "mangledName": "$s7Gateway16CompressionLevelV9bestSpeedACvgZ",
                "moduleName": "Gateway",
                "static": true,
                "implicit": true,
                "accessorKind": "get"
              }
            ]
          },
          {
            "kind": "Var",
            "name": "bestCompression",
            "printedName": "bestCompression",
            "children": [
              {
                "kind": "TypeNominal",
                "name": "CompressionLevel",
                "printedName": "Gateway.CompressionLevel",
                "usr": "s:7Gateway16CompressionLevelV"
              }
            ],
            "declKind": "Var",
            "usr": "s:7Gateway16CompressionLevelV04bestB0ACvpZ",
            "mangledName": "$s7Gateway16CompressionLevelV04bestB0ACvpZ",
            "moduleName": "Gateway",
            "static": true,
            "declAttributes": [
              "HasInitialValue",
              "HasStorage",
              "AccessControl"
            ],
            "isLet": true,
            "hasStorage": true,
            "accessors": [
              {
                "kind": "Accessor",
                "name": "Get",
                "printedName": "Get()",
                "children": [
                  {
                    "kind": "TypeNominal",
                    "name": "CompressionLevel",
                    "printedName": "Gateway.CompressionLevel",
                    "usr": "s:7Gateway16CompressionLevelV"
                  }
                ],
                "declKind": "Accessor",
                "usr": "s:7Gateway16CompressionLevelV04bestB0ACvgZ",
                "mangledName": "$s7Gateway16CompressionLevelV04bestB0ACvgZ",
                "moduleName": "Gateway",
                "static": true,
                "implicit": true,
                "accessorKind": "get"
              }
            ]
          },
          {
            "kind": "Var",
            "name": "defaultCompression",
            "printedName": "defaultCompression",
            "children": [
              {
                "kind": "TypeNominal",
                "name": "CompressionLevel",
                "printedName": "Gateway.CompressionLevel",
                "usr": "s:7Gateway16CompressionLevelV"
              }
            ],
            "declKind": "Var",
            "usr": "s:7Gateway16CompressionLevelV07defaultB0ACvpZ",
            "mangledName": "$s7Gateway16CompressionLevelV07defaultB0ACvpZ",
            "moduleName": "Gateway",
            "static": true,
            "declAttributes": [
              "HasInitialValue",
              "HasStorage",
              "AccessControl"
            ],
            "isLet": true,
            "hasStorage": true,
            "accessors": [
              {
                "kind": "Accessor",
                "name": "Get",
                "printedName": "Get()",
                "children": [
                  {
                    "kind": "TypeNominal",
                    "name": "CompressionLevel",
                    "printedName": "Gateway.CompressionLevel",
                    "usr": "s:7Gateway16CompressionLevelV"
                  }
                ],
                "declKind": "Accessor",
                "usr": "s:7Gateway16CompressionLevelV07defaultB0ACvgZ",
                "mangledName": "$s7Gateway16CompressionLevelV07defaultB0ACvgZ",
                "moduleName": "Gateway",
                "static": true,
                "implicit": true,
                "accessorKind": "get"
              }
            ]
          },
          {
            "kind": "Constructor",
            "name": "init",
            "printedName": "init(rawValue:)",
            "children": [
              {
                "kind": "TypeNominal",
                "name": "CompressionLevel",
                "printedName": "Gateway.CompressionLevel",
                "usr": "s:7Gateway16CompressionLevelV"
              },
              {
                "kind": "TypeNominal",
                "name": "Int32",
                "printedName": "Swift.Int32",
                "usr": "s:s5Int32V"
              }
            ],
            "declKind": "Constructor",
            "usr": "s:7Gateway16CompressionLevelV8rawValueACs5Int32V_tcfc",
            "mangledName": "$s7Gateway16CompressionLevelV8rawValueACs5Int32V_tcfc",
            "moduleName": "Gateway",
            "declAttributes": [
              "AccessControl"
            ],
            "init_kind": "Designated"
          },
          {
            "kind": "Constructor",
            "name": "init",
            "printedName": "init(_:)",
            "children": [
              {
                "kind": "TypeNominal",
                "name": "CompressionLevel",
                "printedName": "Gateway.CompressionLevel",
                "usr": "s:7Gateway16CompressionLevelV"
              },
              {
                "kind": "TypeNominal",
                "name": "Int32",
                "printedName": "Swift.Int32",
                "usr": "s:s5Int32V"
              }
            ],
            "declKind": "Constructor",
            "usr": "s:7Gateway16CompressionLevelVyACs5Int32Vcfc",
            "mangledName": "$s7Gateway16CompressionLevelVyACs5Int32Vcfc",
            "moduleName": "Gateway",
            "declAttributes": [
              "AccessControl"
            ],
            "init_kind": "Designated"
          }
        ],
        "declKind": "Struct",
        "usr": "s:7Gateway16CompressionLevelV",
        "mangledName": "$s7Gateway16CompressionLevelV",
        "moduleName": "Gateway",
        "declAttributes": [
          "AccessControl",
          "RawDocComment"
        ],
        "conformances": [
          {
            "kind": "Conformance",
            "name": "RawRepresentable",
            "printedName": "RawRepresentable",
            "children": [
              {
                "kind": "TypeWitness",
                "name": "RawValue",
                "printedName": "RawValue",
                "children": [
                  {
                    "kind": "TypeNominal",
                    "name": "Int32",
                    "printedName": "Swift.Int32",
                    "usr": "s:s5Int32V"
                  }
                ]
              }
            ],
            "usr": "s:SY",
            "mangledName": "$sSY"
          }
        ]
      },
      {
        "kind": "TypeDecl",
        "name": "GzipError",
        "printedName": "GzipError",
        "children": [
          {
            "kind": "TypeDecl",
            "name": "Kind",
            "printedName": "Kind",
            "children": [
              {
                "kind": "Var",
                "name": "stream",
                "printedName": "stream",
                "children": [
                  {
                    "kind": "TypeFunc",
                    "name": "Function",
                    "printedName": "(Gateway.GzipError.Kind.Type) -> Gateway.GzipError.Kind",
                    "children": [
                      {
                        "kind": "TypeNominal",
                        "name": "Kind",
                        "printedName": "Gateway.GzipError.Kind",
                        "usr": "s:7Gateway9GzipErrorV4KindO"
                      },
                      {
                        "kind": "TypeNominal",
                        "name": "Metatype",
                        "printedName": "Gateway.GzipError.Kind.Type",
                        "children": [
                          {
                            "kind": "TypeNominal",
                            "name": "Kind",
                            "printedName": "Gateway.GzipError.Kind",
                            "usr": "s:7Gateway9GzipErrorV4KindO"
                          }
                        ]
                      }
                    ]
                  }
                ],
                "declKind": "EnumElement",
                "usr": "s:7Gateway9GzipErrorV4KindO6streamyA2EmF",
                "mangledName": "$s7Gateway9GzipErrorV4KindO6streamyA2EmF",
                "moduleName": "Gateway",
                "declAttributes": [
                  "RawDocComment"
                ]
              },
              {
                "kind": "Var",
                "name": "data",
                "printedName": "data",
                "children": [
                  {
                    "kind": "TypeFunc",
                    "name": "Function",
                    "printedName": "(Gateway.GzipError.Kind.Type) -> Gateway.GzipError.Kind",
                    "children": [
                      {
                        "kind": "TypeNominal",
                        "name": "Kind",
                        "printedName": "Gateway.GzipError.Kind",
                        "usr": "s:7Gateway9GzipErrorV4KindO"
                      },
                      {
                        "kind": "TypeNominal",
                        "name": "Metatype",
                        "printedName": "Gateway.GzipError.Kind.Type",
                        "children": [
                          {
                            "kind": "TypeNominal",
                            "name": "Kind",
                            "printedName": "Gateway.GzipError.Kind",
                            "usr": "s:7Gateway9GzipErrorV4KindO"
                          }
                        ]
                      }
                    ]
                  }
                ],
                "declKind": "EnumElement",
                "usr": "s:7Gateway9GzipErrorV4KindO4datayA2EmF",
                "mangledName": "$s7Gateway9GzipErrorV4KindO4datayA2EmF",
                "moduleName": "Gateway",
                "declAttributes": [
                  "RawDocComment"
                ]
              },
              {
                "kind": "Var",
                "name": "memory",
                "printedName": "memory",
                "children": [
                  {
                    "kind": "TypeFunc",
                    "name": "Function",
                    "printedName": "(Gateway.GzipError.Kind.Type) -> Gateway.GzipError.Kind",
                    "children": [
                      {
                        "kind": "TypeNominal",
                        "name": "Kind",
                        "printedName": "Gateway.GzipError.Kind",
                        "usr": "s:7Gateway9GzipErrorV4KindO"
                      },
                      {
                        "kind": "TypeNominal",
                        "name": "Metatype",
                        "printedName": "Gateway.GzipError.Kind.Type",
                        "children": [
                          {
                            "kind": "TypeNominal",
                            "name": "Kind",
                            "printedName": "Gateway.GzipError.Kind",
                            "usr": "s:7Gateway9GzipErrorV4KindO"
                          }
                        ]
                      }
                    ]
                  }
                ],
                "declKind": "EnumElement",
                "usr": "s:7Gateway9GzipErrorV4KindO6memoryyA2EmF",
                "mangledName": "$s7Gateway9GzipErrorV4KindO6memoryyA2EmF",
                "moduleName": "Gateway",
                "declAttributes": [
                  "RawDocComment"
                ]
              },
              {
                "kind": "Var",
                "name": "buffer",
                "printedName": "buffer",
                "children": [
                  {
                    "kind": "TypeFunc",
                    "name": "Function",
                    "printedName": "(Gateway.GzipError.Kind.Type) -> Gateway.GzipError.Kind",
                    "children": [
                      {
                        "kind": "TypeNominal",
                        "name": "Kind",
                        "printedName": "Gateway.GzipError.Kind",
                        "usr": "s:7Gateway9GzipErrorV4KindO"
                      },
                      {
                        "kind": "TypeNominal",
                        "name": "Metatype",
                        "printedName": "Gateway.GzipError.Kind.Type",
                        "children": [
                          {
                            "kind": "TypeNominal",
                            "name": "Kind",
                            "printedName": "Gateway.GzipError.Kind",
                            "usr": "s:7Gateway9GzipErrorV4KindO"
                          }
                        ]
                      }
                    ]
                  }
                ],
                "declKind": "EnumElement",
                "usr": "s:7Gateway9GzipErrorV4KindO6bufferyA2EmF",
                "mangledName": "$s7Gateway9GzipErrorV4KindO6bufferyA2EmF",
                "moduleName": "Gateway",
                "declAttributes": [
                  "RawDocComment"
                ]
              },
              {
                "kind": "Var",
                "name": "version",
                "printedName": "version",
                "children": [
                  {
                    "kind": "TypeFunc",
                    "name": "Function",
                    "printedName": "(Gateway.GzipError.Kind.Type) -> Gateway.GzipError.Kind",
                    "children": [
                      {
                        "kind": "TypeNominal",
                        "name": "Kind",
                        "printedName": "Gateway.GzipError.Kind",
                        "usr": "s:7Gateway9GzipErrorV4KindO"
                      },
                      {
                        "kind": "TypeNominal",
                        "name": "Metatype",
                        "printedName": "Gateway.GzipError.Kind.Type",
                        "children": [
                          {
                            "kind": "TypeNominal",
                            "name": "Kind",
                            "printedName": "Gateway.GzipError.Kind",
                            "usr": "s:7Gateway9GzipErrorV4KindO"
                          }
                        ]
                      }
                    ]
                  }
                ],
                "declKind": "EnumElement",
                "usr": "s:7Gateway9GzipErrorV4KindO7versionyA2EmF",
                "mangledName": "$s7Gateway9GzipErrorV4KindO7versionyA2EmF",
                "moduleName": "Gateway",
                "declAttributes": [
                  "RawDocComment"
                ]
              },
              {
                "kind": "Var",
                "name": "unknown",
                "printedName": "unknown",
                "children": [
                  {
                    "kind": "TypeFunc",
                    "name": "Function",
                    "printedName": "(Gateway.GzipError.Kind.Type) -> (Swift.Int) -> Gateway.GzipError.Kind",
                    "children": [
                      {
                        "kind": "TypeFunc",
                        "name": "Function",
                        "printedName": "(Swift.Int) -> Gateway.GzipError.Kind",
                        "children": [
                          {
                            "kind": "TypeNominal",
                            "name": "Kind",
                            "printedName": "Gateway.GzipError.Kind",
                            "usr": "s:7Gateway9GzipErrorV4KindO"
                          },
                          {
                            "kind": "TypeNominal",
                            "name": "Tuple",
                            "printedName": "(code: Swift.Int)",
                            "children": [
                              {
                                "kind": "TypeNominal",
                                "name": "Int",
                                "printedName": "Swift.Int",
                                "usr": "s:Si"
                              }
                            ]
                          }
                        ]
                      },
                      {
                        "kind": "TypeNominal",
                        "name": "Metatype",
                        "printedName": "Gateway.GzipError.Kind.Type",
                        "children": [
                          {
                            "kind": "TypeNominal",
                            "name": "Kind",
                            "printedName": "Gateway.GzipError.Kind",
                            "usr": "s:7Gateway9GzipErrorV4KindO"
                          }
                        ]
                      }
                    ]
                  }
                ],
                "declKind": "EnumElement",
                "usr": "s:7Gateway9GzipErrorV4KindO7unknownyAESi_tcAEmF",
                "mangledName": "$s7Gateway9GzipErrorV4KindO7unknownyAESi_tcAEmF",
                "moduleName": "Gateway",
                "declAttributes": [
                  "RawDocComment"
                ]
              },
              {
                "kind": "Function",
                "name": "==",
                "printedName": "==(_:_:)",
                "children": [
                  {
                    "kind": "TypeNominal",
                    "name": "Bool",
                    "printedName": "Swift.Bool",
                    "usr": "s:Sb"
                  },
                  {
                    "kind": "TypeNominal",
                    "name": "Kind",
                    "printedName": "Gateway.GzipError.Kind",
                    "usr": "s:7Gateway9GzipErrorV4KindO"
                  },
                  {
                    "kind": "TypeNominal",
                    "name": "Kind",
                    "printedName": "Gateway.GzipError.Kind",
                    "usr": "s:7Gateway9GzipErrorV4KindO"
                  }
                ],
                "declKind": "Func",
                "usr": "s:7Gateway9GzipErrorV4KindO2eeoiySbAE_AEtFZ",
                "mangledName": "$s7Gateway9GzipErrorV4KindO2eeoiySbAE_AEtFZ",
                "moduleName": "Gateway",
                "static": true,
                "implicit": true,
                "funcSelfKind": "NonMutating"
              }
            ],
            "declKind": "Enum",
            "usr": "s:7Gateway9GzipErrorV4KindO",
            "mangledName": "$s7Gateway9GzipErrorV4KindO",
            "moduleName": "Gateway",
            "declAttributes": [
              "AccessControl",
              "RawDocComment"
            ],
            "conformances": [
              {
                "kind": "Conformance",
                "name": "Equatable",
                "printedName": "Equatable",
                "usr": "s:SQ",
                "mangledName": "$sSQ"
              }
            ]
          },
          {
            "kind": "Var",
            "name": "kind",
            "printedName": "kind",
            "children": [
              {
                "kind": "TypeNominal",
                "name": "Kind",
                "printedName": "Gateway.GzipError.Kind",
                "usr": "s:7Gateway9GzipErrorV4KindO"
              }
            ],
            "declKind": "Var",
            "usr": "s:7Gateway9GzipErrorV4kindAC4KindOvp",
            "mangledName": "$s7Gateway9GzipErrorV4kindAC4KindOvp",
            "moduleName": "Gateway",
            "declAttributes": [
              "HasStorage",
              "AccessControl",
              "RawDocComment"
            ],
            "isLet": true,
            "hasStorage": true,
            "accessors": [
              {
                "kind": "Accessor",
                "name": "Get",
                "printedName": "Get()",
                "children": [
                  {
                    "kind": "TypeNominal",
                    "name": "Kind",
                    "printedName": "Gateway.GzipError.Kind",
                    "usr": "s:7Gateway9GzipErrorV4KindO"
                  }
                ],
                "declKind": "Accessor",
                "usr": "s:7Gateway9GzipErrorV4kindAC4KindOvg",
                "mangledName": "$s7Gateway9GzipErrorV4kindAC4KindOvg",
                "moduleName": "Gateway",
                "implicit": true,
                "accessorKind": "get"
              }
            ]
          },
          {
            "kind": "Var",
            "name": "message",
            "printedName": "message",
            "children": [
              {
                "kind": "TypeNominal",
                "name": "String",
                "printedName": "Swift.String",
                "usr": "s:SS"
              }
            ],
            "declKind": "Var",
            "usr": "s:7Gateway9GzipErrorV7messageSSvp",
            "mangledName": "$s7Gateway9GzipErrorV7messageSSvp",
            "moduleName": "Gateway",
            "declAttributes": [
              "HasStorage",
              "AccessControl",
              "RawDocComment"
            ],
            "isLet": true,
            "hasStorage": true,
            "accessors": [
              {
                "kind": "Accessor",
                "name": "Get",
                "printedName": "Get()",
                "children": [
                  {
                    "kind": "TypeNominal",
                    "name": "String",
                    "printedName": "Swift.String",
                    "usr": "s:SS"
                  }
                ],
                "declKind": "Accessor",
                "usr": "s:7Gateway9GzipErrorV7messageSSvg",
                "mangledName": "$s7Gateway9GzipErrorV7messageSSvg",
                "moduleName": "Gateway",
                "implicit": true,
                "accessorKind": "get"
              }
            ]
          },
          {
            "kind": "Var",
            "name": "localizedDescription",
            "printedName": "localizedDescription",
            "children": [
              {
                "kind": "TypeNominal",
                "name": "String",
                "printedName": "Swift.String",
                "usr": "s:SS"
              }
            ],
            "declKind": "Var",
            "usr": "s:7Gateway9GzipErrorV20localizedDescriptionSSvp",
            "mangledName": "$s7Gateway9GzipErrorV20localizedDescriptionSSvp",
            "moduleName": "Gateway",
            "declAttributes": [
              "AccessControl"
            ],
            "accessors": [
              {
                "kind": "Accessor",
                "name": "Get",
                "printedName": "Get()",
                "children": [
                  {
                    "kind": "TypeNominal",
                    "name": "String",
                    "printedName": "Swift.String",
                    "usr": "s:SS"
                  }
                ],
                "declKind": "Accessor",
                "usr": "s:7Gateway9GzipErrorV20localizedDescriptionSSvg",
                "mangledName": "$s7Gateway9GzipErrorV20localizedDescriptionSSvg",
                "moduleName": "Gateway",
                "accessorKind": "get"
              }
            ]
          }
        ],
        "declKind": "Struct",
        "usr": "s:7Gateway9GzipErrorV",
        "mangledName": "$s7Gateway9GzipErrorV",
        "moduleName": "Gateway",
        "declAttributes": [
          "AccessControl",
          "RawDocComment"
        ],
        "conformances": [
          {
            "kind": "Conformance",
            "name": "Error",
            "printedName": "Error",
            "usr": "s:s5ErrorP",
            "mangledName": "$ss5ErrorP"
          },
          {
            "kind": "Conformance",
            "name": "Sendable",
            "printedName": "Sendable",
            "usr": "s:s8SendableP",
            "mangledName": "$ss8SendableP"
          }
        ]
      },
      {
        "kind": "Import",
        "name": "Foundation",
        "printedName": "Foundation",
        "declKind": "Import",
        "moduleName": "Gateway",
        "declAttributes": [
          "RawDocComment"
        ]
      },
      {
        "kind": "Import",
        "name": "Common",
        "printedName": "Common",
        "declKind": "Import",
        "moduleName": "Gateway"
      },
      {
        "kind": "TypeDecl",
        "name": "UploadService",
        "printedName": "UploadService",
        "children": [
          {
            "kind": "Constructor",
            "name": "init",
            "printedName": "init(identity:)",
            "children": [
              {
                "kind": "TypeNominal",
                "name": "UploadService",
                "printedName": "Gateway.UploadService",
                "usr": "s:7Gateway13UploadServiceC"
              },
              {
                "kind": "TypeNominal",
                "name": "Identity",
                "printedName": "Common.Identity",
                "usr": "s:6Common8IdentityV"
              }
            ],
            "declKind": "Constructor",
            "usr": "s:7Gateway13UploadServiceC8identityAC6Common8IdentityV_tcfc",
            "mangledName": "$s7Gateway13UploadServiceC8identityAC6Common8IdentityV_tcfc",
            "moduleName": "Gateway",
            "declAttributes": [
              "Convenience",
              "AccessControl",
              "RawDocComment"
            ],
            "init_kind": "Convenience"
          },
          {
            "kind": "Function",
            "name": "upload",
            "printedName": "upload(_:data:then:)",
            "children": [
              {
                "kind": "TypeNominal",
                "name": "Request",
                "printedName": "Common.Request",
                "usr": "s:6Common7RequestP"
              },
              {
                "kind": "TypeNominal",
                "name": "String",
                "printedName": "Swift.String",
                "usr": "s:SS"
              },
              {
                "kind": "TypeNominal",
                "name": "Data",
                "printedName": "Foundation.Data",
                "usr": "s:10Foundation4DataV"
              },
              {
                "kind": "TypeFunc",
                "name": "Function",
                "printedName": "(Common.Result<()>) -> ()",
                "children": [
                  {
                    "kind": "TypeNominal",
                    "name": "Void",
                    "printedName": "()"
                  },
                  {
                    "kind": "TypeNominal",
                    "name": "Result",
                    "printedName": "Common.Result<()>",
                    "children": [
                      {
                        "kind": "TypeNominal",
                        "name": "Void",
                        "printedName": "()"
                      }
                    ],
                    "usr": "s:6Common6ResultO"
                  }
                ]
              }
            ],
            "declKind": "Func",
            "usr": "s:7Gateway13UploadServiceC6upload_4data4then6Common7Request_pSS_10Foundation4DataVyAG6ResultOyytGctF",
            "mangledName": "$s7Gateway13UploadServiceC6upload_4data4then6Common7Request_pSS_10Foundation4DataVyAG6ResultOyytGctF",
            "moduleName": "Gateway",
            "declAttributes": [
              "Final",
              "AccessControl",
              "DiscardableResult",
              "RawDocComment"
            ],
            "isFromExtension": true,
            "funcSelfKind": "NonMutating"
          }
        ],
        "declKind": "Class",
        "usr": "s:7Gateway13UploadServiceC",
        "mangledName": "$s7Gateway13UploadServiceC",
        "moduleName": "Gateway",
        "declAttributes": [
          "Final",
          "AccessControl",
          "RawDocComment"
        ],
        "hasMissingDesignatedInitializers": true
      },
      {
        "kind": "TypeDecl",
        "name": "Data",
        "printedName": "Data",
        "children": [
          {
            "kind": "Var",
            "name": "isGzipped",
            "printedName": "isGzipped",
            "children": [
              {
                "kind": "TypeNominal",
                "name": "Bool",
                "printedName": "Swift.Bool",
                "usr": "s:Sb"
              }
            ],
            "declKind": "Var",
            "usr": "s:10Foundation4DataV7GatewayE9isGzippedSbvp",
            "mangledName": "$s10Foundation4DataV7GatewayE9isGzippedSbvp",
            "moduleName": "Gateway",
            "declAttributes": [
              "AccessControl",
              "RawDocComment"
            ],
            "isFromExtension": true,
            "accessors": [
              {
                "kind": "Accessor",
                "name": "Get",
                "printedName": "Get()",
                "children": [
                  {
                    "kind": "TypeNominal",
                    "name": "Bool",
                    "printedName": "Swift.Bool",
                    "usr": "s:Sb"
                  }
                ],
                "declKind": "Accessor",
                "usr": "s:10Foundation4DataV7GatewayE9isGzippedSbvg",
                "mangledName": "$s10Foundation4DataV7GatewayE9isGzippedSbvg",
                "moduleName": "Gateway",
                "isFromExtension": true,
                "accessorKind": "get"
              }
            ]
          },
          {
            "kind": "Function",
            "name": "gzipped",
            "printedName": "gzipped(level:)",
            "children": [
              {
                "kind": "TypeNominal",
                "name": "Data",
                "printedName": "Foundation.Data",
                "usr": "s:10Foundation4DataV"
              },
              {
                "kind": "TypeNominal",
                "name": "CompressionLevel",
                "printedName": "Gateway.CompressionLevel",
                "hasDefaultArg": true,
                "usr": "s:7Gateway16CompressionLevelV"
              }
            ],
            "declKind": "Func",
            "usr": "s:10Foundation4DataV7GatewayE7gzipped5levelAcD16CompressionLevelV_tKF",
            "mangledName": "$s10Foundation4DataV7GatewayE7gzipped5levelAcD16CompressionLevelV_tKF",
            "moduleName": "Gateway",
            "declAttributes": [
              "AccessControl",
              "RawDocComment"
            ],
            "isFromExtension": true,
            "throwing": true,
            "funcSelfKind": "NonMutating"
          }
        ],
        "declKind": "Struct",
        "usr": "s:10Foundation4DataV",
        "mangledName": "$s10Foundation4DataV",
        "moduleName": "Foundation",
        "intro_Macosx": "10.10",
        "intro_iOS": "8.0",
        "intro_tvOS": "9.0",
        "intro_watchOS": "2.0",
        "declAttributes": [
          "Frozen",
          "Available",
          "Available",
          "Available",
          "Available"
        ],
        "isExternal": true,
        "conformances": [
          {
            "kind": "Conformance",
            "name": "Equatable",
            "printedName": "Equatable",
            "usr": "s:SQ",
            "mangledName": "$sSQ"
          },
          {
            "kind": "Conformance",
            "name": "Hashable",
            "printedName": "Hashable",
            "usr": "s:SH",
            "mangledName": "$sSH"
          },
          {
            "kind": "Conformance",
            "name": "RandomAccessCollection",
            "printedName": "RandomAccessCollection",
            "children": [
              {
                "kind": "TypeWitness",
                "name": "Element",
                "printedName": "Element",
                "children": [
                  {
                    "kind": "TypeNominal",
                    "name": "UInt8",
                    "printedName": "Swift.UInt8",
                    "usr": "s:s5UInt8V"
                  }
                ]
              },
              {
                "kind": "TypeWitness",
                "name": "Index",
                "printedName": "Index",
                "children": [
                  {
                    "kind": "TypeNominal",
                    "name": "Int",
                    "printedName": "Swift.Int",
                    "usr": "s:Si"
                  }
                ]
              },
              {
                "kind": "TypeWitness",
                "name": "SubSequence",
                "printedName": "SubSequence",
                "children": [
                  {
                    "kind": "TypeNominal",
                    "name": "Data",
                    "printedName": "Foundation.Data",
                    "usr": "s:10Foundation4DataV"
                  }
                ]
              },
              {
                "kind": "TypeWitness",
                "name": "Indices",
                "printedName": "Indices",
                "children": [
                  {
                    "kind": "TypeNominal",
                    "name": "Range",
                    "printedName": "Swift.Range<Swift.Int>",
                    "children": [
                      {
                        "kind": "TypeNominal",
                        "name": "Int",
                        "printedName": "Swift.Int",
                        "usr": "s:Si"
                      }
                    ],
                    "usr": "s:Sn"
                  }
                ]
              }
            ],
            "usr": "s:Sk",
            "mangledName": "$sSk"
          },
          {
            "kind": "Conformance",
            "name": "MutableCollection",
            "printedName": "MutableCollection",
            "children": [
              {
                "kind": "TypeWitness",
                "name": "Element",
                "printedName": "Element",
                "children": [
                  {
                    "kind": "TypeNominal",
                    "name": "UInt8",
                    "printedName": "Swift.UInt8",
                    "usr": "s:s5UInt8V"
                  }
                ]
              },
              {
                "kind": "TypeWitness",
                "name": "Index",
                "printedName": "Index",
                "children": [
                  {
                    "kind": "TypeNominal",
                    "name": "Int",
                    "printedName": "Swift.Int",
                    "usr": "s:Si"
                  }
                ]
              },
              {
                "kind": "TypeWitness",
                "name": "SubSequence",
                "printedName": "SubSequence",
                "children": [
                  {
                    "kind": "TypeNominal",
                    "name": "Data",
                    "printedName": "Foundation.Data",
                    "usr": "s:10Foundation4DataV"
                  }
                ]
              }
            ],
            "usr": "s:SM",
            "mangledName": "$sSM"
          },
          {
            "kind": "Conformance",
            "name": "RangeReplaceableCollection",
            "printedName": "RangeReplaceableCollection",
            "children": [
              {
                "kind": "TypeWitness",
                "name": "SubSequence",
                "printedName": "SubSequence",
                "children": [
                  {
                    "kind": "TypeNominal",
                    "name": "Data",
                    "printedName": "Foundation.Data",
                    "usr": "s:10Foundation4DataV"
                  }
                ]
              }
            ],
            "usr": "s:Sm",
            "mangledName": "$sSm"
          },
          {
            "kind": "Conformance",
            "name": "MutableDataProtocol",
            "printedName": "MutableDataProtocol",
            "usr": "s:10Foundation19MutableDataProtocolP",
            "mangledName": "$s10Foundation19MutableDataProtocolP"
          },
          {
            "kind": "Conformance",
            "name": "ContiguousBytes",
            "printedName": "ContiguousBytes",
            "usr": "s:10Foundation15ContiguousBytesP",
            "mangledName": "$s10Foundation15ContiguousBytesP"
          },
          {
            "kind": "Conformance",
            "name": "Sendable",
            "printedName": "Sendable",
            "usr": "s:s8SendableP",
            "mangledName": "$ss8SendableP"
          },
          {
            "kind": "Conformance",
            "name": "BidirectionalCollection",
            "printedName": "BidirectionalCollection",
            "children": [
              {
                "kind": "TypeWitness",
                "name": "Element",
                "printedName": "Element",
                "children": [
                  {
                    "kind": "TypeNominal",
                    "name": "UInt8",
                    "printedName": "Swift.UInt8",
                    "usr": "s:s5UInt8V"
                  }
                ]
              },
              {
                "kind": "TypeWitness",
                "name": "Index",
                "printedName": "Index",
                "children": [
                  {
                    "kind": "TypeNominal",
                    "name": "Int",
                    "printedName": "Swift.Int",
                    "usr": "s:Si"
                  }
                ]
              },
              {
                "kind": "TypeWitness",
                "name": "SubSequence",
                "printedName": "SubSequence",
                "children": [
                  {
                    "kind": "TypeNominal",
                    "name": "Data",
                    "printedName": "Foundation.Data",
                    "usr": "s:10Foundation4DataV"
                  }
                ]
              },
              {
                "kind": "TypeWitness",
                "name": "Indices",
                "printedName": "Indices",
                "children": [
                  {
                    "kind": "TypeNominal",
                    "name": "Range",
                    "printedName": "Swift.Range<Swift.Int>",
                    "children": [
                      {
                        "kind": "TypeNominal",
                        "name": "Int",
                        "printedName": "Swift.Int",
                        "usr": "s:Si"
                      }
                    ],
                    "usr": "s:Sn"
                  }
                ]
              }
            ],
            "usr": "s:SK",
            "mangledName": "$sSK"
          },
          {
            "kind": "Conformance",
            "name": "Collection",
            "printedName": "Collection",
            "children": [
              {
                "kind": "TypeWitness",
                "name": "Element",
                "printedName": "Element",
                "children": [
                  {
                    "kind": "TypeNominal",
                    "name": "UInt8",
                    "printedName": "Swift.UInt8",
                    "usr": "s:s5UInt8V"
                  }
                ]
              },
              {
                "kind": "TypeWitness",
                "name": "Index",
                "printedName": "Index",
                "children": [
                  {
                    "kind": "TypeNominal",
                    "name": "Int",
                    "printedName": "Swift.Int",
                    "usr": "s:Si"
                  }
                ]
              },
              {
                "kind": "TypeWitness",
                "name": "Iterator",
                "printedName": "Iterator",
                "children": [
                  {
                    "kind": "TypeNominal",
                    "name": "Iterator",
                    "printedName": "Foundation.Data.Iterator",
                    "usr": "s:10Foundation4DataV8IteratorV"
                  }
                ]
              },
              {
                "kind": "TypeWitness",
                "name": "SubSequence",
                "printedName": "SubSequence",
                "children": [
                  {
                    "kind": "TypeNominal",
                    "name": "Data",
                    "printedName": "Foundation.Data",
                    "usr": "s:10Foundation4DataV"
                  }
                ]
              },
              {
                "kind": "TypeWitness",
                "name": "Indices",
                "printedName": "Indices",
                "children": [
                  {
                    "kind": "TypeNominal",
                    "name": "Range",
                    "printedName": "Swift.Range<Swift.Int>",
                    "children": [
                      {
                        "kind": "TypeNominal",
                        "name": "Int",
                        "printedName": "Swift.Int",
                        "usr": "s:Si"
                      }
                    ],
                    "usr": "s:Sn"
                  }
                ]
              }
            ],
            "usr": "s:Sl",
            "mangledName": "$sSl"
          },
          {
            "kind": "Conformance",
            "name": "DataProtocol",
            "printedName": "DataProtocol",
            "children": [
              {
                "kind": "TypeWitness",
                "name": "Regions",
                "printedName": "Regions",
                "children": [
                  {
                    "kind": "TypeNominal",
                    "name": "CollectionOfOne",
                    "printedName": "Swift.CollectionOfOne<Foundation.Data>",
                    "children": [
                      {
                        "kind": "TypeNominal",
                        "name": "Data",
                        "printedName": "Foundation.Data",
                        "usr": "s:10Foundation4DataV"
                      }
                    ],
                    "usr": "s:s15CollectionOfOneV"
                  }
                ]
              }
            ],
            "usr": "s:10Foundation12DataProtocolP",
            "mangledName": "$s10Foundation12DataProtocolP"
          },
          {
            "kind": "Conformance",
            "name": "Sequence",
            "printedName": "Sequence",
            "children": [
              {
                "kind": "TypeWitness",
                "name": "Element",
                "printedName": "Element",
                "children": [
                  {
                    "kind": "TypeNominal",
                    "name": "UInt8",
                    "printedName": "Swift.UInt8",
                    "usr": "s:s5UInt8V"
                  }
                ]
              },
              {
                "kind": "TypeWitness",
                "name": "Iterator",
                "printedName": "Iterator",
                "children": [
                  {
                    "kind": "TypeNominal",
                    "name": "Iterator",
                    "printedName": "Foundation.Data.Iterator",
                    "usr": "s:10Foundation4DataV8IteratorV"
                  }
                ]
              }
            ],
            "usr": "s:ST",
            "mangledName": "$sST"
          },
          {
            "kind": "Conformance",
            "name": "ReferenceConvertible",
            "printedName": "ReferenceConvertible",
            "children": [
              {
                "kind": "TypeWitness",
                "name": "ReferenceType",
                "printedName": "ReferenceType",
                "children": [
                  {
                    "kind": "TypeNominal",
                    "name": "NSData",
                    "printedName": "Foundation.NSData",
                    "usr": "c:objc(cs)NSData"
                  }
                ]
              }
            ],
            "usr": "s:10Foundation20ReferenceConvertibleP",
            "mangledName": "$s10Foundation20ReferenceConvertibleP"
          },
          {
            "kind": "Conformance",
            "name": "_ObjectiveCBridgeable",
            "printedName": "_ObjectiveCBridgeable",
            "children": [
              {
                "kind": "TypeWitness",
                "name": "_ObjectiveCType",
                "printedName": "_ObjectiveCType",
                "children": [
                  {
                    "kind": "TypeNominal",
                    "name": "NSData",
                    "printedName": "Foundation.NSData",
                    "usr": "c:objc(cs)NSData"
                  }
                ]
              }
            ],
            "usr": "s:s21_ObjectiveCBridgeableP",
            "mangledName": "$ss21_ObjectiveCBridgeableP"
          },
          {
            "kind": "Conformance",
            "name": "CustomStringConvertible",
            "printedName": "CustomStringConvertible",
            "usr": "s:s23CustomStringConvertibleP",
            "mangledName": "$ss23CustomStringConvertibleP"
          },
          {
            "kind": "Conformance",
            "name": "CustomDebugStringConvertible",
            "printedName": "CustomDebugStringConvertible",
            "usr": "s:s28CustomDebugStringConvertibleP",
            "mangledName": "$ss28CustomDebugStringConvertibleP"
          },
          {
            "kind": "Conformance",
            "name": "CustomReflectable",
            "printedName": "CustomReflectable",
            "usr": "s:s17CustomReflectableP",
            "mangledName": "$ss17CustomReflectableP"
          },
          {
            "kind": "Conformance",
            "name": "Decodable",
            "printedName": "Decodable",
            "usr": "s:Se",
            "mangledName": "$sSe"
          },
          {
            "kind": "Conformance",
            "name": "Encodable",
            "printedName": "Encodable",
            "usr": "s:SE",
            "mangledName": "$sSE"
          }
        ]
      }
    ],
    "json_format_version": 8
  },
  "ConstValues": [
    {
      "filePath": "\/Users\/runner\/work\/1\/s\/Frameworks\/PortalAndGateway\/Source\/Gateway\/Gateway Details\/TokenOffsettingGatewayDetailsResolver.swift",
      "kind": "StringLiteral",
      "offset": 1469,
      "length": 5,
      "value": "\"sdk\""
    },
    {
      "filePath": "\/Users\/runner\/work\/1\/s\/Frameworks\/PortalAndGateway\/Source\/Gateway\/Gateway Details\/TokenOffsettingGatewayDetailsResolver.swift",
      "kind": "BooleanLiteral",
      "offset": 1764,
      "length": 4,
      "value": "true"
    },
    {
      "filePath": "\/Users\/runner\/work\/1\/s\/Frameworks\/PortalAndGateway\/Source\/Gateway\/Gateway Details\/TokenOffsettingGatewayDetailsResolver.swift",
      "kind": "StringLiteral",
      "offset": 2255,
      "length": 15,
      "value": "\"Authorization\""
    },
    {
      "filePath": "\/Users\/runner\/work\/1\/s\/Frameworks\/PortalAndGateway\/Source\/Gateway\/Gateway Details\/TokenOffsettingGatewayDetailsResolver.swift",
      "kind": "StringLiteral",
      "offset": 2272,
      "length": 17,
      "value": "\"Bearer \""
    },
    {
      "filePath": "\/Users\/runner\/work\/1\/s\/Frameworks\/PortalAndGateway\/Source\/Gateway\/Gateway Details\/TokenOffsettingGatewayDetailsResolver.swift",
      "kind": "StringLiteral",
      "offset": 2288,
      "length": 2,
      "value": "\"\""
    },
    {
      "filePath": "\/Users\/runner\/work\/1\/s\/Frameworks\/PortalAndGateway\/Source\/Gateway\/Gateway Details\/TokenOffsettingGatewayDetailsResolver.swift",
      "kind": "StringLiteral",
      "offset": 2342,
      "length": 7,
      "value": "\"token\""
    },
    {
      "filePath": "\/Users\/runner\/work\/1\/s\/Frameworks\/PortalAndGateway\/Source\/Gateway\/Gateway Details\/TokenOffsettingGatewayDetailsResolver.swift",
      "kind": "IntegerLiteral",
      "offset": 2967,
      "length": 3,
      "value": "401"
    },
    {
      "filePath": "\/Users\/runner\/work\/1\/s\/Frameworks\/PortalAndGateway\/Source\/Gateway\/Gateway Details\/TokenOffsettingGatewayDetailsResolver.swift",
      "kind": "BooleanLiteral",
      "offset": 3284,
      "length": 5,
      "value": "false"
    },
    {
      "filePath": "\/Users\/runner\/work\/1\/s\/Frameworks\/PortalAndGateway\/Source\/Gateway\/Data+Gzip.swift",
      "kind": "StringLiteral",
      "offset": 3398,
      "length": 20,
      "value": "\"Unknown gzip error\""
    },
    {
      "filePath": "\/Users\/runner\/work\/1\/s\/Frameworks\/PortalAndGateway\/Source\/Gateway\/Data+Gzip.swift",
      "kind": "Array",
      "offset": 4149,
      "length": 12,
      "value": "[0x1F, 0x8B]"
    },
    {
      "filePath": "\/Users\/runner\/work\/1\/s\/Frameworks\/PortalAndGateway\/Source\/Gateway\/Data+Gzip.swift",
      "kind": "IntegerLiteral",
      "offset": 4743,
      "length": 2,
      "value": "16"
    },
    {
      "filePath": "\/Users\/runner\/work\/1\/s\/Frameworks\/PortalAndGateway\/Source\/Gateway\/Data+Gzip.swift",
      "kind": "IntegerLiteral",
      "offset": 6273,
      "length": 1,
      "value": "0"
    },
    {
      "filePath": "\/Users\/runner\/work\/1\/s\/Frameworks\/PortalAndGateway\/Source\/Gateway\/Data+Gzip.swift",
      "kind": "IntegerLiteral",
      "offset": 6542,
      "length": 1,
      "value": "2"
    },
    {
      "filePath": "\/Users\/runner\/work\/1\/s\/Frameworks\/PortalAndGateway\/Source\/Gateway\/Data+Gzip.swift",
      "kind": "IntegerLiteral",
      "offset": 6546,
      "length": 2,
      "value": "14"
    },
    {
      "filePath": "\/Users\/runner\/work\/1\/s\/Frameworks\/PortalAndGateway\/Source\/Gateway\/Upload\/UploadService.swift",
      "kind": "StringLiteral",
      "offset": 3893,
      "length": 3,
      "value": "\"-\""
    },
    {
      "filePath": "\/Users\/runner\/work\/1\/s\/Frameworks\/PortalAndGateway\/Source\/Gateway\/Upload\/UploadService.swift",
      "kind": "StringLiteral",
      "offset": 3904,
      "length": 2,
      "value": "\"\""
    },
    {
      "filePath": "\/Users\/runner\/work\/1\/s\/Frameworks\/PortalAndGateway\/Source\/Gateway\/Upload\/UploadService.swift",
      "kind": "StringLiteral",
      "offset": 3967,
      "length": 14,
      "value": "\"Content-Type\""
    },
    {
      "filePath": "\/Users\/runner\/work\/1\/s\/Frameworks\/PortalAndGateway\/Source\/Gateway\/Upload\/UploadService.swift",
      "kind": "StringLiteral",
      "offset": 3985,
      "length": 43,
      "value": "\"multipart\/form-data; boundary=\""
    },
    {
      "filePath": "\/Users\/runner\/work\/1\/s\/Frameworks\/PortalAndGateway\/Source\/Gateway\/Upload\/UploadService.swift",
      "kind": "StringLiteral",
      "offset": 4027,
      "length": 1,
      "value": "\"\""
    },
    {
      "filePath": "\/Users\/runner\/work\/1\/s\/Frameworks\/PortalAndGateway\/Source\/Gateway\/Upload\/UploadService.swift",
      "kind": "StringLiteral",
      "offset": 4065,
      "length": 137,
      "value": "\"--\""
    },
    {
      "filePath": "\/Users\/runner\/work\/1\/s\/Frameworks\/PortalAndGateway\/Source\/Gateway\/Upload\/UploadService.swift",
      "kind": "StringLiteral",
      "offset": 4079,
      "length": 1,
      "value": "\"\r\nContent-Disposition: form-data; name=\"file\"; filename=\"\""
    },
    {
      "filePath": "\/Users\/runner\/work\/1\/s\/Frameworks\/PortalAndGateway\/Source\/Gateway\/Upload\/UploadService.swift",
      "kind": "StringLiteral",
      "offset": 4152,
      "length": 1,
      "value": "\".gz\"\r\nContent-Type: application\/x+gzip\r\n\r\n\""
    },
    {
      "filePath": "\/Users\/runner\/work\/1\/s\/Frameworks\/PortalAndGateway\/Source\/Gateway\/Upload\/UploadService.swift",
      "kind": "StringLiteral",
      "offset": 4305,
      "length": 21,
      "value": "\"\r\n--\""
    },
    {
      "filePath": "\/Users\/runner\/work\/1\/s\/Frameworks\/PortalAndGateway\/Source\/Gateway\/Upload\/UploadService.swift",
      "kind": "StringLiteral",
      "offset": 4323,
      "length": 2,
      "value": "\"--\""
    },
    {
      "filePath": "\/Users\/runner\/work\/1\/s\/Frameworks\/PortalAndGateway\/Source\/Gateway\/Upload\/UploadService.swift",
      "kind": "StringLiteral",
      "offset": 4470,
      "length": 16,
      "value": "\"Content-Length\""
    },
    {
      "filePath": "\/Users\/runner\/work\/1\/s\/Frameworks\/PortalAndGateway\/Source\/Gateway\/Upload\/UploadService.swift",
      "kind": "StringLiteral",
      "offset": 4490,
      "length": 15,
      "value": "\"\""
    },
    {
      "filePath": "\/Users\/runner\/work\/1\/s\/Frameworks\/PortalAndGateway\/Source\/Gateway\/Upload\/UploadService.swift",
      "kind": "StringLiteral",
      "offset": 4504,
      "length": 1,
      "value": "\"\""
    }
  ]
}