{
	"id": 0,
	"name": "@santander/flame-component-library",
	"kind": 0,
	"flags": {},
	"children": [
		{
			"id": 1,
			"name": "\"call-button.component\"",
			"kind": 1,
			"kindString": "External module",
			"flags": {
				"isExported": true
			},
			"originalName": "/Users/mlmv/Workspace/SANTANDER/flame-santander/flame-workspace/libs/flame-component-library/src/lib/molecules/call-button/call-button.component.ts",
			"children": [
				{
					"id": 2,
					"name": "CallButtonComponent",
					"kind": 128,
					"kindString": "Class",
					"flags": {
						"isExported": true
					},
					"decorators": [
						{
							"name": "Component",
							"type": {
								"type": "reference",
								"name": "Component"
							},
							"arguments": {
								"obj": "{\n\tselector: 'sn-call-button',\n\ttemplateUrl: './call-button.component.html',\n\tstyleUrls: ['./call-button.component.scss']\n}"
							}
						}
					],
					"children": [
						{
							"id": 3,
							"name": "constructor",
							"kind": 512,
							"kindString": "Constructor",
							"flags": {
								"isExported": true
							},
							"signatures": [
								{
									"id": 4,
									"name": "new CallButtonComponent",
									"kind": 16384,
									"kindString": "Constructor signature",
									"flags": {},
									"type": {
										"type": "reference",
										"name": "CallButtonComponent",
										"id": 2
									}
								}
							],
							"sources": [
								{
									"fileName": "call-button.component.ts",
									"line": 8,
									"character": 34
								}
							]
						},
						{
							"id": 5,
							"name": "phoneNumber",
							"kind": 1024,
							"kindString": "Property",
							"flags": {
								"isExported": true
							},
							"sources": [
								{
									"fileName": "call-button.component.ts",
									"line": 10,
									"character": 12
								}
							],
							"type": {
								"type": "intrinsic",
								"name": "string"
							},
							"defaultValue": "\"+5215551694300\""
						}
					],
					"groups": [
						{
							"title": "Constructors",
							"kind": 512,
							"children": [3]
						},
						{
							"title": "Properties",
							"kind": 1024,
							"children": [5]
						}
					],
					"sources": [
						{
							"fileName": "call-button.component.ts",
							"line": 8,
							"character": 32
						}
					]
				}
			],
			"groups": [
				{
					"title": "Classes",
					"kind": 128,
					"children": [2]
				}
			],
			"sources": [
				{
					"fileName": "call-button.component.ts",
					"line": 1,
					"character": 0
				}
			]
		}
	],
	"groups": [
		{
			"title": "External modules",
			"kind": 1,
			"children": [1]
		}
	]
}
