{
  "ABIRoot": {
    "kind": "Root",
    "name": "TopLevel",
    "printedName": "TopLevel",
    "children": [
      {
        "kind": "Import",
        "name": "Foundation",
        "printedName": "Foundation",
        "declKind": "Import",
        "moduleName": "IMSAppMisuse",
        "declAttributes": [
          "RawDocComment"
        ]
      },
      {
        "kind": "Import",
        "name": "Foundation",
        "printedName": "Foundation",
        "declKind": "Import",
        "moduleName": "IMSAppMisuse",
        "declAttributes": [
          "RawDocComment"
        ]
      },
      {
        "kind": "Import",
        "name": "UserNotifications",
        "printedName": "UserNotifications",
        "declKind": "Import",
        "moduleName": "IMSAppMisuse"
      },
      {
        "kind": "Import",
        "name": "IMSInterfaces",
        "printedName": "IMSInterfaces",
        "declKind": "Import",
        "moduleName": "IMSAppMisuse"
      },
      {
        "kind": "TypeDecl",
        "name": "AppMisuseInfoProvider",
        "printedName": "AppMisuseInfoProvider",
        "children": [
          {
            "kind": "Constructor",
            "name": "init",
            "printedName": "init(permissionManager:)",
            "children": [
              {
                "kind": "TypeNominal",
                "name": "AppMisuseInfoProvider",
                "printedName": "IMSAppMisuse.AppMisuseInfoProvider",
                "usr": "s:12IMSAppMisuse03AppB12InfoProviderC"
              },
              {
                "kind": "TypeNominal",
                "name": "PermissionManageable",
                "printedName": "IMSInterfaces.PermissionManageable",
                "usr": "s:13IMSInterfaces20PermissionManageableP"
              }
            ],
            "declKind": "Constructor",
            "usr": "s:12IMSAppMisuse03AppB12InfoProviderC17permissionManagerAC13IMSInterfaces20PermissionManageable_p_tcfc",
            "mangledName": "$s12IMSAppMisuse03AppB12InfoProviderC17permissionManagerAC13IMSInterfaces20PermissionManageable_p_tcfc",
            "moduleName": "IMSAppMisuse",
            "declAttributes": [
              "Required",
              "AccessControl"
            ],
            "init_kind": "Designated"
          },
          {
            "kind": "Function",
            "name": "build",
            "printedName": "build(for:then:)",
            "children": [
              {
                "kind": "TypeNominal",
                "name": "Void",
                "printedName": "()"
              },
              {
                "kind": "TypeNominal",
                "name": "Bool",
                "printedName": "Swift.Bool",
                "hasDefaultArg": true,
                "usr": "s:Sb"
              },
              {
                "kind": "TypeFunc",
                "name": "Function",
                "printedName": "(IMSInterfaces.AppMisuseInfoProtocol) -> ()",
                "children": [
                  {
                    "kind": "TypeNominal",
                    "name": "Void",
                    "printedName": "()"
                  },
                  {
                    "kind": "TypeNominal",
                    "name": "AppMisuseInfoProtocol",
                    "printedName": "IMSInterfaces.AppMisuseInfoProtocol",
                    "usr": "s:13IMSInterfaces21AppMisuseInfoProtocolP"
                  }
                ]
              }
            ],
            "declKind": "Func",
            "usr": "s:12IMSAppMisuse03AppB12InfoProviderC5build3for4thenySb_y13IMSInterfaces0cbD8Protocol_pctF",
            "mangledName": "$s12IMSAppMisuse03AppB12InfoProviderC5build3for4thenySb_y13IMSInterfaces0cbD8Protocol_pctF",
            "moduleName": "IMSAppMisuse",
            "declAttributes": [
              "Final",
              "AccessControl"
            ],
            "funcSelfKind": "NonMutating"
          }
        ],
        "declKind": "Class",
        "usr": "s:12IMSAppMisuse03AppB12InfoProviderC",
        "mangledName": "$s12IMSAppMisuse03AppB12InfoProviderC",
        "moduleName": "IMSAppMisuse",
        "declAttributes": [
          "Final",
          "AccessControl"
        ]
      },
      {
        "kind": "Import",
        "name": "Foundation",
        "printedName": "Foundation",
        "declKind": "Import",
        "moduleName": "IMSAppMisuse",
        "declAttributes": [
          "RawDocComment"
        ]
      },
      {
        "kind": "Import",
        "name": "Common",
        "printedName": "Common",
        "declKind": "Import",
        "moduleName": "IMSAppMisuse"
      },
      {
        "kind": "Import",
        "name": "Foundation",
        "printedName": "Foundation",
        "declKind": "Import",
        "moduleName": "IMSAppMisuse",
        "declAttributes": [
          "RawDocComment"
        ]
      },
      {
        "kind": "TypeDecl",
        "name": "AppMisuseEventType",
        "printedName": "AppMisuseEventType",
        "children": [
          {
            "kind": "Var",
            "name": "login",
            "printedName": "login",
            "children": [
              {
                "kind": "TypeFunc",
                "name": "Function",
                "printedName": "(IMSAppMisuse.AppMisuseEventType.Type) -> IMSAppMisuse.AppMisuseEventType",
                "children": [
                  {
                    "kind": "TypeNominal",
                    "name": "AppMisuseEventType",
                    "printedName": "IMSAppMisuse.AppMisuseEventType",
                    "usr": "s:12IMSAppMisuse03AppB9EventTypeO"
                  },
                  {
                    "kind": "TypeNominal",
                    "name": "Metatype",
                    "printedName": "IMSAppMisuse.AppMisuseEventType.Type",
                    "children": [
                      {
                        "kind": "TypeNominal",
                        "name": "AppMisuseEventType",
                        "printedName": "IMSAppMisuse.AppMisuseEventType",
                        "usr": "s:12IMSAppMisuse03AppB9EventTypeO"
                      }
                    ]
                  }
                ]
              }
            ],
            "declKind": "EnumElement",
            "usr": "s:12IMSAppMisuse03AppB9EventTypeO5loginyA2CmF",
            "mangledName": "$s12IMSAppMisuse03AppB9EventTypeO5loginyA2CmF",
            "moduleName": "IMSAppMisuse",
            "declAttributes": [
              "RawDocComment"
            ]
          },
          {
            "kind": "Var",
            "name": "logout",
            "printedName": "logout",
            "children": [
              {
                "kind": "TypeFunc",
                "name": "Function",
                "printedName": "(IMSAppMisuse.AppMisuseEventType.Type) -> IMSAppMisuse.AppMisuseEventType",
                "children": [
                  {
                    "kind": "TypeNominal",
                    "name": "AppMisuseEventType",
                    "printedName": "IMSAppMisuse.AppMisuseEventType",
                    "usr": "s:12IMSAppMisuse03AppB9EventTypeO"
                  },
                  {
                    "kind": "TypeNominal",
                    "name": "Metatype",
                    "printedName": "IMSAppMisuse.AppMisuseEventType.Type",
                    "children": [
                      {
                        "kind": "TypeNominal",
                        "name": "AppMisuseEventType",
                        "printedName": "IMSAppMisuse.AppMisuseEventType",
                        "usr": "s:12IMSAppMisuse03AppB9EventTypeO"
                      }
                    ]
                  }
                ]
              }
            ],
            "declKind": "EnumElement",
            "usr": "s:12IMSAppMisuse03AppB9EventTypeO6logoutyA2CmF",
            "mangledName": "$s12IMSAppMisuse03AppB9EventTypeO6logoutyA2CmF",
            "moduleName": "IMSAppMisuse",
            "declAttributes": [
              "RawDocComment"
            ]
          },
          {
            "kind": "Var",
            "name": "heartbeat",
            "printedName": "heartbeat",
            "children": [
              {
                "kind": "TypeFunc",
                "name": "Function",
                "printedName": "(IMSAppMisuse.AppMisuseEventType.Type) -> IMSAppMisuse.AppMisuseEventType",
                "children": [
                  {
                    "kind": "TypeNominal",
                    "name": "AppMisuseEventType",
                    "printedName": "IMSAppMisuse.AppMisuseEventType",
                    "usr": "s:12IMSAppMisuse03AppB9EventTypeO"
                  },
                  {
                    "kind": "TypeNominal",
                    "name": "Metatype",
                    "printedName": "IMSAppMisuse.AppMisuseEventType.Type",
                    "children": [
                      {
                        "kind": "TypeNominal",
                        "name": "AppMisuseEventType",
                        "printedName": "IMSAppMisuse.AppMisuseEventType",
                        "usr": "s:12IMSAppMisuse03AppB9EventTypeO"
                      }
                    ]
                  }
                ]
              }
            ],
            "declKind": "EnumElement",
            "usr": "s:12IMSAppMisuse03AppB9EventTypeO9heartbeatyA2CmF",
            "mangledName": "$s12IMSAppMisuse03AppB9EventTypeO9heartbeatyA2CmF",
            "moduleName": "IMSAppMisuse",
            "declAttributes": [
              "RawDocComment"
            ]
          },
          {
            "kind": "Var",
            "name": "userAppLaunch",
            "printedName": "userAppLaunch",
            "children": [
              {
                "kind": "TypeFunc",
                "name": "Function",
                "printedName": "(IMSAppMisuse.AppMisuseEventType.Type) -> IMSAppMisuse.AppMisuseEventType",
                "children": [
                  {
                    "kind": "TypeNominal",
                    "name": "AppMisuseEventType",
                    "printedName": "IMSAppMisuse.AppMisuseEventType",
                    "usr": "s:12IMSAppMisuse03AppB9EventTypeO"
                  },
                  {
                    "kind": "TypeNominal",
                    "name": "Metatype",
                    "printedName": "IMSAppMisuse.AppMisuseEventType.Type",
                    "children": [
                      {
                        "kind": "TypeNominal",
                        "name": "AppMisuseEventType",
                        "printedName": "IMSAppMisuse.AppMisuseEventType",
                        "usr": "s:12IMSAppMisuse03AppB9EventTypeO"
                      }
                    ]
                  }
                ]
              }
            ],
            "declKind": "EnumElement",
            "usr": "s:12IMSAppMisuse03AppB9EventTypeO04userC6LaunchyA2CmF",
            "mangledName": "$s12IMSAppMisuse03AppB9EventTypeO04userC6LaunchyA2CmF",
            "moduleName": "IMSAppMisuse",
            "declAttributes": [
              "RawDocComment"
            ]
          },
          {
            "kind": "Function",
            "name": "encode",
            "printedName": "encode(to:)",
            "children": [
              {
                "kind": "TypeNominal",
                "name": "Void",
                "printedName": "()"
              },
              {
                "kind": "TypeNominal",
                "name": "Encoder",
                "printedName": "Swift.Encoder",
                "usr": "s:s7EncoderP"
              }
            ],
            "declKind": "Func",
            "usr": "s:12IMSAppMisuse03AppB9EventTypeO6encode2toys7Encoder_p_tKF",
            "mangledName": "$s12IMSAppMisuse03AppB9EventTypeO6encode2toys7Encoder_p_tKF",
            "moduleName": "IMSAppMisuse",
            "declAttributes": [
              "AccessControl"
            ],
            "throwing": true,
            "funcSelfKind": "NonMutating"
          },
          {
            "kind": "Constructor",
            "name": "init",
            "printedName": "init(rawValue:)",
            "children": [
              {
                "kind": "TypeNominal",
                "name": "Optional",
                "printedName": "IMSAppMisuse.AppMisuseEventType?",
                "children": [
                  {
                    "kind": "TypeNominal",
                    "name": "AppMisuseEventType",
                    "printedName": "IMSAppMisuse.AppMisuseEventType",
                    "usr": "s:12IMSAppMisuse03AppB9EventTypeO"
                  }
                ],
                "usr": "s:Sq"
              },
              {
                "kind": "TypeNominal",
                "name": "String",
                "printedName": "Swift.String",
                "usr": "s:SS"
              }
            ],
            "declKind": "Constructor",
            "usr": "s:12IMSAppMisuse03AppB9EventTypeO8rawValueACSgSS_tcfc",
            "mangledName": "$s12IMSAppMisuse03AppB9EventTypeO8rawValueACSgSS_tcfc",
            "moduleName": "IMSAppMisuse",
            "implicit": true,
            "init_kind": "Designated"
          },
          {
            "kind": "Var",
            "name": "rawValue",
            "printedName": "rawValue",
            "children": [
              {
                "kind": "TypeNominal",
                "name": "String",
                "printedName": "Swift.String",
                "usr": "s:SS"
              }
            ],
            "declKind": "Var",
            "usr": "s:12IMSAppMisuse03AppB9EventTypeO8rawValueSSvp",
            "mangledName": "$s12IMSAppMisuse03AppB9EventTypeO8rawValueSSvp",
            "moduleName": "IMSAppMisuse",
            "implicit": true,
            "accessors": [
              {
                "kind": "Accessor",
                "name": "Get",
                "printedName": "Get()",
                "children": [
                  {
                    "kind": "TypeNominal",
                    "name": "String",
                    "printedName": "Swift.String",
                    "usr": "s:SS"
                  }
                ],
                "declKind": "Accessor",
                "usr": "s:12IMSAppMisuse03AppB9EventTypeO8rawValueSSvg",
                "mangledName": "$s12IMSAppMisuse03AppB9EventTypeO8rawValueSSvg",
                "moduleName": "IMSAppMisuse",
                "implicit": true,
                "accessorKind": "get"
              }
            ]
          }
        ],
        "declKind": "Enum",
        "usr": "s:12IMSAppMisuse03AppB9EventTypeO",
        "mangledName": "$s12IMSAppMisuse03AppB9EventTypeO",
        "moduleName": "IMSAppMisuse",
        "declAttributes": [
          "AccessControl"
        ],
        "enumRawTypeName": "String",
        "conformances": [
          {
            "kind": "Conformance",
            "name": "Equatable",
            "printedName": "Equatable",
            "usr": "s:SQ",
            "mangledName": "$sSQ"
          },
          {
            "kind": "Conformance",
            "name": "Hashable",
            "printedName": "Hashable",
            "usr": "s:SH",
            "mangledName": "$sSH"
          },
          {
            "kind": "Conformance",
            "name": "RawRepresentable",
            "printedName": "RawRepresentable",
            "children": [
              {
                "kind": "TypeWitness",
                "name": "RawValue",
                "printedName": "RawValue",
                "children": [
                  {
                    "kind": "TypeNominal",
                    "name": "String",
                    "printedName": "Swift.String",
                    "usr": "s:SS"
                  }
                ]
              }
            ],
            "usr": "s:SY",
            "mangledName": "$sSY"
          },
          {
            "kind": "Conformance",
            "name": "Decodable",
            "printedName": "Decodable",
            "usr": "s:Se",
            "mangledName": "$sSe"
          },
          {
            "kind": "Conformance",
            "name": "Encodable",
            "printedName": "Encodable",
            "usr": "s:SE",
            "mangledName": "$sSE"
          }
        ]
      },
      {
        "kind": "Import",
        "name": "Foundation",
        "printedName": "Foundation",
        "declKind": "Import",
        "moduleName": "IMSAppMisuse",
        "declAttributes": [
          "RawDocComment"
        ]
      },
      {
        "kind": "Import",
        "name": "IMSInterfaces",
        "printedName": "IMSInterfaces",
        "declKind": "Import",
        "moduleName": "IMSAppMisuse"
      },
      {
        "kind": "Import",
        "name": "Foundation",
        "printedName": "Foundation",
        "declKind": "Import",
        "moduleName": "IMSAppMisuse",
        "declAttributes": [
          "RawDocComment"
        ]
      },
      {
        "kind": "Import",
        "name": "Common",
        "printedName": "Common",
        "declKind": "Import",
        "moduleName": "IMSAppMisuse"
      },
      {
        "kind": "Import",
        "name": "Foundation",
        "printedName": "Foundation",
        "declKind": "Import",
        "moduleName": "IMSAppMisuse",
        "declAttributes": [
          "RawDocComment"
        ]
      },
      {
        "kind": "Import",
        "name": "Common",
        "printedName": "Common",
        "declKind": "Import",
        "moduleName": "IMSAppMisuse"
      },
      {
        "kind": "TypeDecl",
        "name": "AppMisuseTokenResolverProtocol",
        "printedName": "AppMisuseTokenResolverProtocol",
        "children": [
          {
            "kind": "Function",
            "name": "fetchToken",
            "printedName": "fetchToken(with:then:)",
            "children": [
              {
                "kind": "TypeNominal",
                "name": "Void",
                "printedName": "()"
              },
              {
                "kind": "TypeNominal",
                "name": "Identity",
                "printedName": "Common.Identity",
                "usr": "s:6Common8IdentityV"
              },
              {
                "kind": "TypeFunc",
                "name": "Function",
                "printedName": "(Common.Result<Swift.String>) -> ()",
                "children": [
                  {
                    "kind": "TypeNominal",
                    "name": "Void",
                    "printedName": "()"
                  },
                  {
                    "kind": "TypeNominal",
                    "name": "Result",
                    "printedName": "Common.Result<Swift.String>",
                    "children": [
                      {
                        "kind": "TypeNominal",
                        "name": "String",
                        "printedName": "Swift.String",
                        "usr": "s:SS"
                      }
                    ],
                    "usr": "s:6Common6ResultO"
                  }
                ]
              }
            ],
            "declKind": "Func",
            "usr": "s:12IMSAppMisuse03AppB21TokenResolverProtocolP05fetchD04with4theny6Common8IdentityV_yAG6ResultOySSGctF",
            "mangledName": "$s12IMSAppMisuse03AppB21TokenResolverProtocolP05fetchD04with4theny6Common8IdentityV_yAG6ResultOySSGctF",
            "moduleName": "IMSAppMisuse",
            "genericSig": "<τ_0_0 where τ_0_0 : IMSAppMisuse.AppMisuseTokenResolverProtocol>",
            "sugared_genericSig": "<Self where Self : IMSAppMisuse.AppMisuseTokenResolverProtocol>",
            "protocolReq": true,
            "reqNewWitnessTableEntry": true,
            "funcSelfKind": "NonMutating"
          }
        ],
        "declKind": "Protocol",
        "usr": "s:12IMSAppMisuse03AppB21TokenResolverProtocolP",
        "mangledName": "$s12IMSAppMisuse03AppB21TokenResolverProtocolP",
        "moduleName": "IMSAppMisuse",
        "declAttributes": [
          "AccessControl"
        ]
      },
      {
        "kind": "Import",
        "name": "Foundation",
        "printedName": "Foundation",
        "declKind": "Import",
        "moduleName": "IMSAppMisuse",
        "declAttributes": [
          "RawDocComment"
        ]
      },
      {
        "kind": "TypeDecl",
        "name": "AppMisuseServerType",
        "printedName": "AppMisuseServerType",
        "children": [
          {
            "kind": "Var",
            "name": "uat",
            "printedName": "uat",
            "children": [
              {
                "kind": "TypeFunc",
                "name": "Function",
                "printedName": "(IMSAppMisuse.AppMisuseServerType.Type) -> IMSAppMisuse.AppMisuseServerType",
                "children": [
                  {
                    "kind": "TypeNominal",
                    "name": "AppMisuseServerType",
                    "printedName": "IMSAppMisuse.AppMisuseServerType",
                    "usr": "s:12IMSAppMisuse03AppB10ServerTypeO"
                  },
                  {
                    "kind": "TypeNominal",
                    "name": "Metatype",
                    "printedName": "IMSAppMisuse.AppMisuseServerType.Type",
                    "children": [
                      {
                        "kind": "TypeNominal",
                        "name": "AppMisuseServerType",
                        "printedName": "IMSAppMisuse.AppMisuseServerType",
                        "usr": "s:12IMSAppMisuse03AppB10ServerTypeO"
                      }
                    ]
                  }
                ]
              }
            ],
            "declKind": "EnumElement",
            "usr": "s:12IMSAppMisuse03AppB10ServerTypeO3uatyA2CmF",
            "mangledName": "$s12IMSAppMisuse03AppB10ServerTypeO3uatyA2CmF",
            "moduleName": "IMSAppMisuse",
            "declAttributes": [
              "RawDocComment"
            ]
          },
          {
            "kind": "Var",
            "name": "prod",
            "printedName": "prod",
            "children": [
              {
                "kind": "TypeFunc",
                "name": "Function",
                "printedName": "(IMSAppMisuse.AppMisuseServerType.Type) -> IMSAppMisuse.AppMisuseServerType",
                "children": [
                  {
                    "kind": "TypeNominal",
                    "name": "AppMisuseServerType",
                    "printedName": "IMSAppMisuse.AppMisuseServerType",
                    "usr": "s:12IMSAppMisuse03AppB10ServerTypeO"
                  },
                  {
                    "kind": "TypeNominal",
                    "name": "Metatype",
                    "printedName": "IMSAppMisuse.AppMisuseServerType.Type",
                    "children": [
                      {
                        "kind": "TypeNominal",
                        "name": "AppMisuseServerType",
                        "printedName": "IMSAppMisuse.AppMisuseServerType",
                        "usr": "s:12IMSAppMisuse03AppB10ServerTypeO"
                      }
                    ]
                  }
                ]
              }
            ],
            "declKind": "EnumElement",
            "usr": "s:12IMSAppMisuse03AppB10ServerTypeO4prodyA2CmF",
            "mangledName": "$s12IMSAppMisuse03AppB10ServerTypeO4prodyA2CmF",
            "moduleName": "IMSAppMisuse"
          },
          {
            "kind": "Function",
            "name": "==",
            "printedName": "==(_:_:)",
            "children": [
              {
                "kind": "TypeNominal",
                "name": "Bool",
                "printedName": "Swift.Bool",
                "usr": "s:Sb"
              },
              {
                "kind": "TypeNominal",
                "name": "AppMisuseServerType",
                "printedName": "IMSAppMisuse.AppMisuseServerType",
                "usr": "s:12IMSAppMisuse03AppB10ServerTypeO"
              },
              {
                "kind": "TypeNominal",
                "name": "AppMisuseServerType",
                "printedName": "IMSAppMisuse.AppMisuseServerType",
                "usr": "s:12IMSAppMisuse03AppB10ServerTypeO"
              }
            ],
            "declKind": "Func",
            "usr": "s:12IMSAppMisuse03AppB10ServerTypeO2eeoiySbAC_ACtFZ",
            "mangledName": "$s12IMSAppMisuse03AppB10ServerTypeO2eeoiySbAC_ACtFZ",
            "moduleName": "IMSAppMisuse",
            "static": true,
            "implicit": true,
            "funcSelfKind": "NonMutating"
          },
          {
            "kind": "Var",
            "name": "hashValue",
            "printedName": "hashValue",
            "children": [
              {
                "kind": "TypeNominal",
                "name": "Int",
                "printedName": "Swift.Int",
                "usr": "s:Si"
              }
            ],
            "declKind": "Var",
            "usr": "s:12IMSAppMisuse03AppB10ServerTypeO9hashValueSivp",
            "mangledName": "$s12IMSAppMisuse03AppB10ServerTypeO9hashValueSivp",
            "moduleName": "IMSAppMisuse",
            "implicit": true,
            "accessors": [
              {
                "kind": "Accessor",
                "name": "Get",
                "printedName": "Get()",
                "children": [
                  {
                    "kind": "TypeNominal",
                    "name": "Int",
                    "printedName": "Swift.Int",
                    "usr": "s:Si"
                  }
                ],
                "declKind": "Accessor",
                "usr": "s:12IMSAppMisuse03AppB10ServerTypeO9hashValueSivg",
                "mangledName": "$s12IMSAppMisuse03AppB10ServerTypeO9hashValueSivg",
                "moduleName": "IMSAppMisuse",
                "implicit": true,
                "accessorKind": "get"
              }
            ]
          },
          {
            "kind": "Function",
            "name": "hash",
            "printedName": "hash(into:)",
            "children": [
              {
                "kind": "TypeNominal",
                "name": "Void",
                "printedName": "()"
              },
              {
                "kind": "TypeNominal",
                "name": "Hasher",
                "printedName": "Swift.Hasher",
                "paramValueOwnership": "InOut",
                "usr": "s:s6HasherV"
              }
            ],
            "declKind": "Func",
            "usr": "s:12IMSAppMisuse03AppB10ServerTypeO4hash4intoys6HasherVz_tF",
            "mangledName": "$s12IMSAppMisuse03AppB10ServerTypeO4hash4intoys6HasherVz_tF",
            "moduleName": "IMSAppMisuse",
            "implicit": true,
            "funcSelfKind": "NonMutating"
          }
        ],
        "declKind": "Enum",
        "usr": "s:12IMSAppMisuse03AppB10ServerTypeO",
        "mangledName": "$s12IMSAppMisuse03AppB10ServerTypeO",
        "moduleName": "IMSAppMisuse",
        "declAttributes": [
          "AccessControl"
        ],
        "conformances": [
          {
            "kind": "Conformance",
            "name": "Equatable",
            "printedName": "Equatable",
            "usr": "s:SQ",
            "mangledName": "$sSQ"
          },
          {
            "kind": "Conformance",
            "name": "Hashable",
            "printedName": "Hashable",
            "usr": "s:SH",
            "mangledName": "$sSH"
          }
        ]
      },
      {
        "kind": "Import",
        "name": "Foundation",
        "printedName": "Foundation",
        "declKind": "Import",
        "moduleName": "IMSAppMisuse",
        "declAttributes": [
          "RawDocComment"
        ]
      },
      {
        "kind": "Import",
        "name": "Foundation",
        "printedName": "Foundation",
        "declKind": "Import",
        "moduleName": "IMSAppMisuse",
        "declAttributes": [
          "RawDocComment"
        ]
      },
      {
        "kind": "Import",
        "name": "Common",
        "printedName": "Common",
        "declKind": "Import",
        "moduleName": "IMSAppMisuse"
      },
      {
        "kind": "Import",
        "name": "Combine",
        "printedName": "Combine",
        "declKind": "Import",
        "moduleName": "IMSAppMisuse",
        "declAttributes": [
          "RawDocComment"
        ]
      },
      {
        "kind": "Import",
        "name": "Common",
        "printedName": "Common",
        "declKind": "Import",
        "moduleName": "IMSAppMisuse"
      },
      {
        "kind": "Import",
        "name": "IMSInterfaces",
        "printedName": "IMSInterfaces",
        "declKind": "Import",
        "moduleName": "IMSAppMisuse"
      },
      {
        "kind": "Import",
        "name": "IMSPermissions",
        "printedName": "IMSPermissions",
        "declKind": "Import",
        "moduleName": "IMSAppMisuse"
      },
      {
        "kind": "TypeDecl",
        "name": "AppMisuseManager",
        "printedName": "AppMisuseManager",
        "children": [
          {
            "kind": "Constructor",
            "name": "init",
            "printedName": "init(identity:permissionManageable:serverType:)",
            "children": [
              {
                "kind": "TypeNominal",
                "name": "AppMisuseManager",
                "printedName": "IMSAppMisuse.AppMisuseManager",
                "usr": "s:12IMSAppMisuse03AppB7ManagerC"
              },
              {
                "kind": "TypeNominal",
                "name": "Identity",
                "printedName": "Common.Identity",
                "usr": "s:6Common8IdentityV"
              },
              {
                "kind": "TypeNominal",
                "name": "PermissionManageable",
                "printedName": "IMSInterfaces.PermissionManageable",
                "usr": "s:13IMSInterfaces20PermissionManageableP"
              },
              {
                "kind": "TypeNominal",
                "name": "AppMisuseServerType",
                "printedName": "IMSAppMisuse.AppMisuseServerType",
                "usr": "s:12IMSAppMisuse03AppB10ServerTypeO"
              }
            ],
            "declKind": "Constructor",
            "usr": "s:12IMSAppMisuse03AppB7ManagerC8identity20permissionManageable10serverTypeAC6Common8IdentityV_13IMSInterfaces010PermissionG0_pAA0cb6ServerI0Otcfc",
            "mangledName": "$s12IMSAppMisuse03AppB7ManagerC8identity20permissionManageable10serverTypeAC6Common8IdentityV_13IMSInterfaces010PermissionG0_pAA0cb6ServerI0Otcfc",
            "moduleName": "IMSAppMisuse",
            "declAttributes": [
              "Convenience",
              "AccessControl",
              "RawDocComment"
            ],
            "init_kind": "Convenience"
          },
          {
            "kind": "Function",
            "name": "update",
            "printedName": "update(permissionManageable:)",
            "children": [
              {
                "kind": "TypeNominal",
                "name": "Void",
                "printedName": "()"
              },
              {
                "kind": "TypeNominal",
                "name": "PermissionManageable",
                "printedName": "IMSInterfaces.PermissionManageable",
                "usr": "s:13IMSInterfaces20PermissionManageableP"
              }
            ],
            "declKind": "Func",
            "usr": "s:12IMSAppMisuse03AppB7ManagerC6update20permissionManageabley13IMSInterfaces010PermissionG0_p_tF",
            "mangledName": "$s12IMSAppMisuse03AppB7ManagerC6update20permissionManageabley13IMSInterfaces010PermissionG0_p_tF",
            "moduleName": "IMSAppMisuse",
            "declAttributes": [
              "Final",
              "AccessControl",
              "RawDocComment"
            ],
            "funcSelfKind": "NonMutating"
          },
          {
            "kind": "Function",
            "name": "enableAppMisuse",
            "printedName": "enableAppMisuse()",
            "children": [
              {
                "kind": "TypeNominal",
                "name": "Void",
                "printedName": "()"
              }
            ],
            "declKind": "Func",
            "usr": "s:12IMSAppMisuse03AppB7ManagerC06enablecB0yyFZ",
            "mangledName": "$s12IMSAppMisuse03AppB7ManagerC06enablecB0yyFZ",
            "moduleName": "IMSAppMisuse",
            "static": true,
            "declAttributes": [
              "Final",
              "AccessControl",
              "RawDocComment"
            ],
            "funcSelfKind": "NonMutating"
          },
          {
            "kind": "Function",
            "name": "disableAppMisuse",
            "printedName": "disableAppMisuse()",
            "children": [
              {
                "kind": "TypeNominal",
                "name": "Void",
                "printedName": "()"
              }
            ],
            "declKind": "Func",
            "usr": "s:12IMSAppMisuse03AppB7ManagerC07disablecB0yyFZ",
            "mangledName": "$s12IMSAppMisuse03AppB7ManagerC07disablecB0yyFZ",
            "moduleName": "IMSAppMisuse",
            "static": true,
            "declAttributes": [
              "Final",
              "AccessControl",
              "RawDocComment"
            ],
            "funcSelfKind": "NonMutating"
          },
          {
            "kind": "Function",
            "name": "saveData",
            "printedName": "saveData()",
            "children": [
              {
                "kind": "TypeNominal",
                "name": "Void",
                "printedName": "()"
              }
            ],
            "declKind": "Func",
            "usr": "s:12IMSAppMisuse03AppB7ManagerC8saveDatayyF",
            "mangledName": "$s12IMSAppMisuse03AppB7ManagerC8saveDatayyF",
            "moduleName": "IMSAppMisuse",
            "declAttributes": [
              "Final",
              "AccessControl"
            ],
            "funcSelfKind": "NonMutating"
          },
          {
            "kind": "Function",
            "name": "sendAppMisuseEvent",
            "printedName": "sendAppMisuseEvent(eventType:serverType:then:)",
            "children": [
              {
                "kind": "TypeNominal",
                "name": "Void",
                "printedName": "()"
              },
              {
                "kind": "TypeNominal",
                "name": "AppMisuseEventType",
                "printedName": "IMSAppMisuse.AppMisuseEventType",
                "usr": "s:12IMSAppMisuse03AppB9EventTypeO"
              },
              {
                "kind": "TypeNominal",
                "name": "AppMisuseServerType",
                "printedName": "IMSAppMisuse.AppMisuseServerType",
                "usr": "s:12IMSAppMisuse03AppB10ServerTypeO"
              },
              {
                "kind": "TypeFunc",
                "name": "Function",
                "printedName": "(Common.Result<()>) -> ()",
                "children": [
                  {
                    "kind": "TypeNominal",
                    "name": "Void",
                    "printedName": "()"
                  },
                  {
                    "kind": "TypeNominal",
                    "name": "Result",
                    "printedName": "Common.Result<()>",
                    "children": [
                      {
                        "kind": "TypeNominal",
                        "name": "Void",
                        "printedName": "()"
                      }
                    ],
                    "usr": "s:6Common6ResultO"
                  }
                ]
              }
            ],
            "declKind": "Func",
            "usr": "s:12IMSAppMisuse03AppB7ManagerC04sendcB5Event9eventType06serverH04thenyAA0cbfH0O_AA0cb6ServerH0Oy6Common6ResultOyytGctF",
            "mangledName": "$s12IMSAppMisuse03AppB7ManagerC04sendcB5Event9eventType06serverH04thenyAA0cbfH0O_AA0cb6ServerH0Oy6Common6ResultOyytGctF",
            "moduleName": "IMSAppMisuse",
            "declAttributes": [
              "Final",
              "AccessControl",
              "RawDocComment"
            ],
            "isFromExtension": true,
            "funcSelfKind": "NonMutating"
          }
        ],
        "declKind": "Class",
        "usr": "s:12IMSAppMisuse03AppB7ManagerC",
        "mangledName": "$s12IMSAppMisuse03AppB7ManagerC",
        "moduleName": "IMSAppMisuse",
        "declAttributes": [
          "AccessControl",
          "Final"
        ],
        "hasMissingDesignatedInitializers": true
      },
      {
        "kind": "Import",
        "name": "Foundation",
        "printedName": "Foundation",
        "declKind": "Import",
        "moduleName": "IMSAppMisuse",
        "declAttributes": [
          "RawDocComment"
        ]
      },
      {
        "kind": "Import",
        "name": "UIKit.UIDevice",
        "printedName": "UIKit.UIDevice",
        "declKind": "Import",
        "moduleName": "IMSAppMisuse"
      },
      {
        "kind": "Import",
        "name": "CoreLocation",
        "printedName": "CoreLocation",
        "declKind": "Import",
        "moduleName": "IMSAppMisuse"
      },
      {
        "kind": "Import",
        "name": "CoreMotion",
        "printedName": "CoreMotion",
        "declKind": "Import",
        "moduleName": "IMSAppMisuse"
      },
      {
        "kind": "Import",
        "name": "UserNotifications",
        "printedName": "UserNotifications",
        "declKind": "Import",
        "moduleName": "IMSAppMisuse"
      },
      {
        "kind": "Import",
        "name": "CoreTelephony",
        "printedName": "CoreTelephony",
        "declKind": "Import",
        "moduleName": "IMSAppMisuse"
      },
      {
        "kind": "Import",
        "name": "Common",
        "printedName": "Common",
        "declKind": "Import",
        "moduleName": "IMSAppMisuse"
      },
      {
        "kind": "Import",
        "name": "IMSInterfaces",
        "printedName": "IMSInterfaces",
        "declKind": "Import",
        "moduleName": "IMSAppMisuse"
      },
      {
        "kind": "Import",
        "name": "Devices",
        "printedName": "Devices",
        "declKind": "Import",
        "moduleName": "IMSAppMisuse"
      },
      {
        "kind": "Import",
        "name": "Foundation",
        "printedName": "Foundation",
        "declKind": "Import",
        "moduleName": "IMSAppMisuse",
        "declAttributes": [
          "RawDocComment"
        ]
      },
      {
        "kind": "Import",
        "name": "BackgroundTasks",
        "printedName": "BackgroundTasks",
        "declKind": "Import",
        "moduleName": "IMSAppMisuse"
      },
      {
        "kind": "Import",
        "name": "Common",
        "printedName": "Common",
        "declKind": "Import",
        "moduleName": "IMSAppMisuse"
      },
      {
        "kind": "Import",
        "name": "IMSInterfaces",
        "printedName": "IMSInterfaces",
        "declKind": "Import",
        "moduleName": "IMSAppMisuse"
      },
      {
        "kind": "Import",
        "name": "IMSPermissions",
        "printedName": "IMSPermissions",
        "declKind": "Import",
        "moduleName": "IMSAppMisuse"
      }
    ],
    "json_format_version": 8
  },
  "ConstValues": [
    {
      "filePath": "\/Users\/runner\/work\/1\/s\/Frameworks\/AppMisuse\/AppMisuse\/AppMisuse.swift",
      "kind": "BooleanLiteral",
      "offset": 175,
      "length": 4,
      "value": "true"
    },
    {
      "filePath": "\/Users\/runner\/work\/1\/s\/Frameworks\/AppMisuse\/AppMisuse\/AppMisuseInfoProvider.swift",
      "kind": "BooleanLiteral",
      "offset": 593,
      "length": 5,
      "value": "false"
    },
    {
      "filePath": "\/Users\/runner\/work\/1\/s\/Frameworks\/AppMisuse\/AppMisuse\/AppMisuseInfoProvider.swift",
      "kind": "BooleanLiteral",
      "offset": 1157,
      "length": 4,
      "value": "true"
    },
    {
      "filePath": "\/Users\/runner\/work\/1\/s\/Frameworks\/AppMisuse\/AppMisuse\/AppMisuseInfoProvider.swift",
      "kind": "BooleanLiteral",
      "offset": 1242,
      "length": 4,
      "value": "true"
    },
    {
      "filePath": "\/Users\/runner\/work\/1\/s\/Frameworks\/AppMisuse\/AppMisuse\/AppMisuseInfoProvider.swift",
      "kind": "BooleanLiteral",
      "offset": 1323,
      "length": 4,
      "value": "true"
    },
    {
      "filePath": "\/Users\/runner\/work\/1\/s\/Frameworks\/AppMisuse\/AppMisuse\/AppMisuseInfoProvider.swift",
      "kind": "StringLiteral",
      "offset": 1528,
      "length": 29,
      "value": "\"XCTestConfigurationFilePath\""
    },
    {
      "filePath": "\/Users\/runner\/work\/1\/s\/Frameworks\/AppMisuse\/AppMisuse\/AppMisuseService\/AppMisuseComposer.swift",
      "kind": "BooleanLiteral",
      "offset": 881,
      "length": 5,
      "value": "false"
    },
    {
      "filePath": "\/Users\/runner\/work\/1\/s\/Frameworks\/AppMisuse\/AppMisuse\/AppMisuseService\/AppMisuseComposer.swift",
      "kind": "StringLiteral",
      "offset": 1725,
      "length": 2,
      "value": "\"\""
    },
    {
      "filePath": "\/Users\/runner\/work\/1\/s\/Frameworks\/AppMisuse\/AppMisuse\/AppMisuseService\/AppMisuseComposer.swift",
      "kind": "Array",
      "offset": 2049,
      "length": 2,
      "value": "[]"
    },
    {
      "filePath": "\/Users\/runner\/work\/1\/s\/Frameworks\/AppMisuse\/AppMisuse\/AppMisuseService\/AppMisuseComposer.swift",
      "kind": "StringLiteral",
      "offset": 2147,
      "length": 7,
      "value": "\"wedge\""
    },
    {
      "filePath": "\/Users\/runner\/work\/1\/s\/Frameworks\/AppMisuse\/AppMisuse\/AppMisuseService\/AppMisuseComposer.swift",
      "kind": "StringLiteral",
      "offset": 2208,
      "length": 7,
      "value": "\"T9100\""
    },
    {
      "filePath": "\/Users\/runner\/work\/1\/s\/Frameworks\/AppMisuse\/AppMisuse\/AppMisuseService\/AppMisuseSerializableService.swift",
      "kind": "StringLiteral",
      "offset": 953,
      "length": 17,
      "value": "\"Bearer \""
    },
    {
      "filePath": "\/Users\/runner\/work\/1\/s\/Frameworks\/AppMisuse\/AppMisuse\/AppMisuseService\/AppMisuseSerializableService.swift",
      "kind": "StringLiteral",
      "offset": 969,
      "length": 2,
      "value": "\"\""
    },
    {
      "filePath": "\/Users\/runner\/work\/1\/s\/Frameworks\/AppMisuse\/AppMisuse\/AppMisuseService\/AppMisuseSerializableService.swift",
      "kind": "StringLiteral",
      "offset": 1180,
      "length": 28,
      "value": "\"\""
    },
    {
      "filePath": "\/Users\/runner\/work\/1\/s\/Frameworks\/AppMisuse\/AppMisuse\/AppMisuseService\/AppMisuseSerializableService.swift",
      "kind": "StringLiteral",
      "offset": 1191,
      "length": 1,
      "value": "\"\""
    },
    {
      "filePath": "\/Users\/runner\/work\/1\/s\/Frameworks\/AppMisuse\/AppMisuse\/AppMisuseService\/AppMisuseSerializableService.swift",
      "kind": "StringLiteral",
      "offset": 1207,
      "length": 9,
      "value": "\"\""
    },
    {
      "filePath": "\/Users\/runner\/work\/1\/s\/Frameworks\/AppMisuse\/AppMisuse\/AppMisuseService\/AppMisuseSerializableService.swift",
      "kind": "StringLiteral",
      "offset": 1364,
      "length": 18,
      "value": "\"Sending: \""
    },
    {
      "filePath": "\/Users\/runner\/work\/1\/s\/Frameworks\/AppMisuse\/AppMisuse\/AppMisuseService\/AppMisuseSerializableService.swift",
      "kind": "StringLiteral",
      "offset": 1381,
      "length": 2,
      "value": "\"\""
    },
    {
      "filePath": "\/Users\/runner\/work\/1\/s\/Frameworks\/AppMisuse\/AppMisuse\/AppMisuseService\/AppMisuseEndpoint.swift",
      "kind": "StringLiteral",
      "offset": 345,
      "length": 16,
      "value": "\"\/v1\/heartbeats\""
    },
    {
      "filePath": "\/Users\/runner\/work\/1\/s\/Frameworks\/AppMisuse\/AppMisuse\/AppMisuseService\/AppMisuseEndpoint.swift",
      "kind": "StringLiteral",
      "offset": 735,
      "length": 15,
      "value": "\"Authorization\""
    },
    {
      "filePath": "\/Users\/runner\/work\/1\/s\/Frameworks\/AppMisuse\/AppMisuse\/AppMisuseService\/AppMisuseEndpoint.swift",
      "kind": "StringLiteral",
      "offset": 779,
      "length": 54,
      "value": "\"https:\/\/diagnostics.mobile.ingress.uat.euw1.ims.tech\""
    },
    {
      "filePath": "\/Users\/runner\/work\/1\/s\/Frameworks\/AppMisuse\/AppMisuse\/AppMisuseService\/AppMisuseEndpoint.swift",
      "kind": "StringLiteral",
      "offset": 863,
      "length": 55,
      "value": "\"https:\/\/diagnostics.mobile.ingress.prod.euw1.ims.tech\""
    },
    {
      "filePath": "\/Users\/runner\/work\/1\/s\/Frameworks\/AppMisuse\/AppMisuse\/AppMisuseService\/AppMisuseEndpoint.swift",
      "kind": "StringLiteral",
      "offset": 959,
      "length": 14,
      "value": "\"Content-Type\""
    },
    {
      "filePath": "\/Users\/runner\/work\/1\/s\/Frameworks\/AppMisuse\/AppMisuse\/AppMisuseService\/AppMisuseEndpoint.swift",
      "kind": "StringLiteral",
      "offset": 1008,
      "length": 18,
      "value": "\"application\/json\""
    },
    {
      "filePath": "\/Users\/runner\/work\/1\/s\/Frameworks\/AppMisuse\/AppMisuse\/AppMisuseManager.swift",
      "kind": "IntegerLiteral",
      "offset": 263,
      "length": 1,
      "value": "2"
    },
    {
      "filePath": "\/Users\/runner\/work\/1\/s\/Frameworks\/AppMisuse\/AppMisuse\/AppMisuseManager.swift",
      "kind": "IntegerLiteral",
      "offset": 294,
      "length": 1,
      "value": "0"
    },
    {
      "filePath": "\/Users\/runner\/work\/1\/s\/Frameworks\/AppMisuse\/AppMisuse\/AppMisuseManager.swift",
      "kind": "IntegerLiteral",
      "offset": 348,
      "length": 2,
      "value": "60"
    },
    {
      "filePath": "\/Users\/runner\/work\/1\/s\/Frameworks\/AppMisuse\/AppMisuse\/AppMisuseManager.swift",
      "kind": "IntegerLiteral",
      "offset": 353,
      "length": 2,
      "value": "60"
    },
    {
      "filePath": "\/Users\/runner\/work\/1\/s\/Frameworks\/AppMisuse\/AppMisuse\/AppMisuseManager.swift",
      "kind": "StringLiteral",
      "offset": 398,
      "length": 19,
      "value": "\"lastAppMisuseTime\""
    },
    {
      "filePath": "\/Users\/runner\/work\/1\/s\/Frameworks\/AppMisuse\/AppMisuse\/AppMisuseManager.swift",
      "kind": "StringLiteral",
      "offset": 458,
      "length": 26,
      "value": "\"handleBGTaskNotification\""
    },
    {
      "filePath": "\/Users\/runner\/work\/1\/s\/Frameworks\/AppMisuse\/AppMisuse\/AppMisuseManager.swift",
      "kind": "StringLiteral",
      "offset": 527,
      "length": 19,
      "value": "\"submittedTaskDate\""
    },
    {
      "filePath": "\/Users\/runner\/work\/1\/s\/Frameworks\/AppMisuse\/AppMisuse\/AppMisuseManager.swift",
      "kind": "StringLiteral",
      "offset": 2568,
      "length": 25,
      "value": "\"EnableAppMisuse called!\""
    },
    {
      "filePath": "\/Users\/runner\/work\/1\/s\/Frameworks\/AppMisuse\/AppMisuse\/AppMisuseManager.swift",
      "kind": "StringLiteral",
      "offset": 2724,
      "length": 98,
      "value": "\"Notification publisher called to observe app did enter background and AppMisuse scheduled tasks!\""
    },
    {
      "filePath": "\/Users\/runner\/work\/1\/s\/Frameworks\/AppMisuse\/AppMisuse\/AppMisuseManager.swift",
      "kind": "StringLiteral",
      "offset": 3190,
      "length": 62,
      "value": "\"App did enter background and AppMisuse scheduler is running!\""
    },
    {
      "filePath": "\/Users\/runner\/work\/1\/s\/Frameworks\/AppMisuse\/AppMisuse\/AppMisuseManager.swift",
      "kind": "StringLiteral",
      "offset": 3662,
      "length": 72,
      "value": "\"App will enter foreground and checking the bg task date for AppMisuse!\""
    },
    {
      "filePath": "\/Users\/runner\/work\/1\/s\/Frameworks\/AppMisuse\/AppMisuse\/AppMisuseManager.swift",
      "kind": "BooleanLiteral",
      "offset": 4396,
      "length": 4,
      "value": "true"
    },
    {
      "filePath": "\/Users\/runner\/work\/1\/s\/Frameworks\/AppMisuse\/AppMisuse\/AppMisuseManager.swift",
      "kind": "StringLiteral",
      "offset": 4432,
      "length": 37,
      "value": "\"AppMisuse sent with bg task manager\""
    },
    {
      "filePath": "\/Users\/runner\/work\/1\/s\/Frameworks\/AppMisuse\/AppMisuse\/AppMisuseManager.swift",
      "kind": "BooleanLiteral",
      "offset": 4602,
      "length": 5,
      "value": "false"
    },
    {
      "filePath": "\/Users\/runner\/work\/1\/s\/Frameworks\/AppMisuse\/AppMisuse\/AppMisuseManager.swift",
      "kind": "StringLiteral",
      "offset": 4639,
      "length": 31,
      "value": "\"\""
    },
    {
      "filePath": "\/Users\/runner\/work\/1\/s\/Frameworks\/AppMisuse\/AppMisuse\/AppMisuseManager.swift",
      "kind": "StringLiteral",
      "offset": 4669,
      "length": 2,
      "value": "\"\""
    },
    {
      "filePath": "\/Users\/runner\/work\/1\/s\/Frameworks\/AppMisuse\/AppMisuse\/AppMisuseManager.swift",
      "kind": "StringLiteral",
      "offset": 4876,
      "length": 26,
      "value": "\"DisableAppMisuse called!\""
    },
    {
      "filePath": "\/Users\/runner\/work\/1\/s\/Frameworks\/AppMisuse\/AppMisuse\/AppMisuseManager.swift",
      "kind": "StringLiteral",
      "offset": 5275,
      "length": 50,
      "value": "\"The latest timestamp for AppMisuse: \""
    },
    {
      "filePath": "\/Users\/runner\/work\/1\/s\/Frameworks\/AppMisuse\/AppMisuse\/AppMisuseManager.swift",
      "kind": "StringLiteral",
      "offset": 5324,
      "length": 2,
      "value": "\"\""
    },
    {
      "filePath": "\/Users\/runner\/work\/1\/s\/Frameworks\/AppMisuse\/AppMisuse\/AppMisuseManager.swift",
      "kind": "BooleanLiteral",
      "offset": 5684,
      "length": 4,
      "value": "true"
    },
    {
      "filePath": "\/Users\/runner\/work\/1\/s\/Frameworks\/AppMisuse\/AppMisuse\/AppMisuseManager.swift",
      "kind": "BooleanLiteral",
      "offset": 5733,
      "length": 5,
      "value": "false"
    },
    {
      "filePath": "\/Users\/runner\/work\/1\/s\/Frameworks\/AppMisuse\/AppMisuse\/AppMisuseManager.swift",
      "kind": "BooleanLiteral",
      "offset": 5778,
      "length": 5,
      "value": "false"
    },
    {
      "filePath": "\/Users\/runner\/work\/1\/s\/Frameworks\/AppMisuse\/AppMisuse\/AppMisuseManager.swift",
      "kind": "StringLiteral",
      "offset": 6119,
      "length": 62,
      "value": "\"AppMisuse was sent since the scheduled date was in the past!\""
    },
    {
      "filePath": "\/Users\/runner\/work\/1\/s\/Frameworks\/AppMisuse\/AppMisuse\/AppMisuseManager.swift",
      "kind": "StringLiteral",
      "offset": 6243,
      "length": 71,
      "value": "\"Couldn't send the AppMisuse with error: \""
    },
    {
      "filePath": "\/Users\/runner\/work\/1\/s\/Frameworks\/AppMisuse\/AppMisuse\/AppMisuseManager.swift",
      "kind": "StringLiteral",
      "offset": 6313,
      "length": 2,
      "value": "\"\""
    },
    {
      "filePath": "\/Users\/runner\/work\/1\/s\/Frameworks\/AppMisuse\/AppMisuse\/AppMisuseManager.swift",
      "kind": "StringLiteral",
      "offset": 7183,
      "length": 39,
      "value": "\"AppMisuse data info: \""
    },
    {
      "filePath": "\/Users\/runner\/work\/1\/s\/Frameworks\/AppMisuse\/AppMisuse\/AppMisuseManager.swift",
      "kind": "StringLiteral",
      "offset": 7221,
      "length": 2,
      "value": "\"\""
    },
    {
      "filePath": "\/Users\/runner\/work\/1\/s\/Frameworks\/AppMisuse\/AppMisuse\/AppMisuseManager.swift",
      "kind": "IntegerLiteral",
      "offset": 7630,
      "length": 1,
      "value": "0"
    },
    {
      "filePath": "\/Users\/runner\/work\/1\/s\/Frameworks\/AppMisuse\/AppMisuse\/AppMisuseManager.swift",
      "kind": "StringLiteral",
      "offset": 7658,
      "length": 67,
      "value": "\"AppMisuse data sent successfully with \""
    },
    {
      "filePath": "\/Users\/runner\/work\/1\/s\/Frameworks\/AppMisuse\/AppMisuse\/AppMisuseManager.swift",
      "kind": "StringLiteral",
      "offset": 7718,
      "length": 5,
      "value": "\" event\""
    },
    {
      "filePath": "\/Users\/runner\/work\/1\/s\/Frameworks\/AppMisuse\/AppMisuse\/AppMisuseManager.swift",
      "kind": "IntegerLiteral",
      "offset": 8100,
      "length": 1,
      "value": "1"
    },
    {
      "filePath": "\/Users\/runner\/work\/1\/s\/Frameworks\/AppMisuse\/AppMisuse\/AppMisuseManager.swift",
      "kind": "StringLiteral",
      "offset": 8136,
      "length": 60,
      "value": "\"Attempt \""
    },
    {
      "filePath": "\/Users\/runner\/work\/1\/s\/Frameworks\/AppMisuse\/AppMisuse\/AppMisuseManager.swift",
      "kind": "StringLiteral",
      "offset": 8165,
      "length": 2,
      "value": "\" to send AppMisuse data again.\""
    },
    {
      "filePath": "\/Users\/runner\/work\/1\/s\/Frameworks\/AppMisuse\/AppMisuse\/AppMisuseManager.swift",
      "kind": "StringLiteral",
      "offset": 8390,
      "length": 64,
      "value": "\"Failed sending data after retry. \""
    },
    {
      "filePath": "\/Users\/runner\/work\/1\/s\/Frameworks\/AppMisuse\/AppMisuse\/AppMisuseManager.swift",
      "kind": "StringLiteral",
      "offset": 8453,
      "length": 2,
      "value": "\"\""
    },
    {
      "filePath": "\/Users\/runner\/work\/1\/s\/Frameworks\/AppMisuse\/AppMisuse\/AppMisuseInfo.swift",
      "kind": "StringLiteral",
      "offset": 495,
      "length": 36,
      "value": "\"yyyy-MM-dd'T'HH:mm:ss.SSSSZZZZZ'Z'\""
    },
    {
      "filePath": "\/Users\/runner\/work\/1\/s\/Frameworks\/AppMisuse\/AppMisuse\/AppMisuseInfo.swift",
      "kind": "StringLiteral",
      "offset": 578,
      "length": 13,
      "value": "\"en_US_POSIX\""
    },
    {
      "filePath": "\/Users\/runner\/work\/1\/s\/Frameworks\/AppMisuse\/AppMisuse\/AppMisuseInfo.swift",
      "kind": "BooleanLiteral",
      "offset": 1061,
      "length": 4,
      "value": "true"
    },
    {
      "filePath": "\/Users\/runner\/work\/1\/s\/Frameworks\/AppMisuse\/AppMisuse\/AppMisuseInfo.swift",
      "kind": "IntegerLiteral",
      "offset": 1117,
      "length": 3,
      "value": "100"
    },
    {
      "filePath": "\/Users\/runner\/work\/1\/s\/Frameworks\/AppMisuse\/AppMisuse\/AppMisuseInfo.swift",
      "kind": "BooleanLiteral",
      "offset": 1261,
      "length": 5,
      "value": "false"
    },
    {
      "filePath": "\/Users\/runner\/work\/1\/s\/Frameworks\/AppMisuse\/AppMisuse\/AppMisuseInfo.swift",
      "kind": "StringLiteral",
      "offset": 1323,
      "length": 7,
      "value": "\"Apple\""
    },
    {
      "filePath": "\/Users\/runner\/work\/1\/s\/Frameworks\/AppMisuse\/AppMisuse\/AppMisuseInfo.swift",
      "kind": "BooleanLiteral",
      "offset": 1860,
      "length": 5,
      "value": "false"
    },
    {
      "filePath": "\/Users\/runner\/work\/1\/s\/Frameworks\/AppMisuse\/AppMisuse\/AppMisuseInfo.swift",
      "kind": "BooleanLiteral",
      "offset": 1896,
      "length": 5,
      "value": "false"
    },
    {
      "filePath": "\/Users\/runner\/work\/1\/s\/Frameworks\/AppMisuse\/AppMisuse\/AppMisuseInfo.swift",
      "kind": "BooleanLiteral",
      "offset": 1929,
      "length": 5,
      "value": "false"
    },
    {
      "filePath": "\/Users\/runner\/work\/1\/s\/Frameworks\/AppMisuse\/AppMisuse\/AppMisuseInfo.swift",
      "kind": "BooleanLiteral",
      "offset": 1972,
      "length": 5,
      "value": "false"
    },
    {
      "filePath": "\/Users\/runner\/work\/1\/s\/Frameworks\/AppMisuse\/AppMisuse\/AppMisuseInfo.swift",
      "kind": "BooleanLiteral",
      "offset": 2018,
      "length": 5,
      "value": "false"
    },
    {
      "filePath": "\/Users\/runner\/work\/1\/s\/Frameworks\/AppMisuse\/AppMisuse\/AppMisuseInfo.swift",
      "kind": "BooleanLiteral",
      "offset": 2194,
      "length": 4,
      "value": "true"
    },
    {
      "filePath": "\/Users\/runner\/work\/1\/s\/Frameworks\/AppMisuse\/AppMisuse\/AppMisuseInfo.swift",
      "kind": "BooleanLiteral",
      "offset": 2403,
      "length": 4,
      "value": "true"
    },
    {
      "filePath": "\/Users\/runner\/work\/1\/s\/Frameworks\/AppMisuse\/AppMisuse\/AppMisuseInfo.swift",
      "kind": "BooleanLiteral",
      "offset": 2591,
      "length": 5,
      "value": "false"
    },
    {
      "filePath": "\/Users\/runner\/work\/1\/s\/Frameworks\/AppMisuse\/AppMisuse\/AppMisuseInfo.swift",
      "kind": "StringLiteral",
      "offset": 3273,
      "length": 28,
      "value": "\"CFBundleShortVersionString\""
    },
    {
      "filePath": "\/Users\/runner\/work\/1\/s\/Frameworks\/AppMisuse\/AppMisuse\/AppMisuseInfo.swift",
      "kind": "StringLiteral",
      "offset": 3317,
      "length": 2,
      "value": "\"\""
    },
    {
      "filePath": "\/Users\/runner\/work\/1\/s\/Frameworks\/AppMisuse\/AppMisuse\/AppMisuseInfo.swift",
      "kind": "StringLiteral",
      "offset": 3394,
      "length": 17,
      "value": "\"CFBundleVersion\""
    },
    {
      "filePath": "\/Users\/runner\/work\/1\/s\/Frameworks\/AppMisuse\/AppMisuse\/AppMisuseInfo.swift",
      "kind": "StringLiteral",
      "offset": 3427,
      "length": 2,
      "value": "\"\""
    },
    {
      "filePath": "\/Users\/runner\/work\/1\/s\/Frameworks\/AppMisuse\/AppMisuse\/AppMisuseInfo.swift",
      "kind": "StringLiteral",
      "offset": 3680,
      "length": 2,
      "value": "\"\""
    },
    {
      "filePath": "\/Users\/runner\/work\/1\/s\/Frameworks\/AppMisuse\/AppMisuse\/AppMisuseInfo.swift",
      "kind": "IntegerLiteral",
      "offset": 3772,
      "length": 1,
      "value": "0"
    },
    {
      "filePath": "\/Users\/runner\/work\/1\/s\/Frameworks\/AppMisuse\/AppMisuse\/AppMisuseInfo.swift",
      "kind": "StringLiteral",
      "offset": 3938,
      "length": 28,
      "value": "\"SIMULATOR_MODEL_IDENTIFIER\""
    },
    {
      "filePath": "\/Users\/runner\/work\/1\/s\/Frameworks\/AppMisuse\/AppMisuse\/AppMisuseBackgroundTaskManager.swift",
      "kind": "StringLiteral",
      "offset": 372,
      "length": 34,
      "value": "\"com.ims.appMisuseBgTaskScheduler\""
    },
    {
      "filePath": "\/Users\/runner\/work\/1\/s\/Frameworks\/AppMisuse\/AppMisuse\/AppMisuseBackgroundTaskManager.swift",
      "kind": "StringLiteral",
      "offset": 447,
      "length": 26,
      "value": "\"handleBGTaskNotification\""
    },
    {
      "filePath": "\/Users\/runner\/work\/1\/s\/Frameworks\/AppMisuse\/AppMisuse\/AppMisuseBackgroundTaskManager.swift",
      "kind": "IntegerLiteral",
      "offset": 526,
      "length": 2,
      "value": "60"
    },
    {
      "filePath": "\/Users\/runner\/work\/1\/s\/Frameworks\/AppMisuse\/AppMisuse\/AppMisuseBackgroundTaskManager.swift",
      "kind": "IntegerLiteral",
      "offset": 531,
      "length": 2,
      "value": "60"
    },
    {
      "filePath": "\/Users\/runner\/work\/1\/s\/Frameworks\/AppMisuse\/AppMisuse\/AppMisuseBackgroundTaskManager.swift",
      "kind": "StringLiteral",
      "offset": 576,
      "length": 19,
      "value": "\"submittedTaskDate\""
    },
    {
      "filePath": "\/Users\/runner\/work\/1\/s\/Frameworks\/AppMisuse\/AppMisuse\/AppMisuseBackgroundTaskManager.swift",
      "kind": "BooleanLiteral",
      "offset": 669,
      "length": 5,
      "value": "false"
    },
    {
      "filePath": "\/Users\/runner\/work\/1\/s\/Frameworks\/AppMisuse\/AppMisuse\/AppMisuseBackgroundTaskManager.swift",
      "kind": "StringLiteral",
      "offset": 1012,
      "length": 23,
      "value": "\"BG task is executing!\""
    },
    {
      "filePath": "\/Users\/runner\/work\/1\/s\/Frameworks\/AppMisuse\/AppMisuse\/AppMisuseBackgroundTaskManager.swift",
      "kind": "StringLiteral",
      "offset": 1121,
      "length": 29,
      "value": "\"Couldn't register the task!\""
    },
    {
      "filePath": "\/Users\/runner\/work\/1\/s\/Frameworks\/AppMisuse\/AppMisuse\/AppMisuseBackgroundTaskManager.swift",
      "kind": "StringLiteral",
      "offset": 1552,
      "length": 18,
      "value": "\"BG task expired!\""
    },
    {
      "filePath": "\/Users\/runner\/work\/1\/s\/Frameworks\/AppMisuse\/AppMisuse\/AppMisuseBackgroundTaskManager.swift",
      "kind": "BooleanLiteral",
      "offset": 1612,
      "length": 5,
      "value": "false"
    },
    {
      "filePath": "\/Users\/runner\/work\/1\/s\/Frameworks\/AppMisuse\/AppMisuse\/AppMisuseBackgroundTaskManager.swift",
      "kind": "StringLiteral",
      "offset": 1967,
      "length": 27,
      "value": "\"Task is already scheduled\""
    },
    {
      "filePath": "\/Users\/runner\/work\/1\/s\/Frameworks\/AppMisuse\/AppMisuse\/AppMisuseBackgroundTaskManager.swift",
      "kind": "StringLiteral",
      "offset": 2463,
      "length": 45,
      "value": "\"Submitting bg task with request: \""
    },
    {
      "filePath": "\/Users\/runner\/work\/1\/s\/Frameworks\/AppMisuse\/AppMisuse\/AppMisuseBackgroundTaskManager.swift",
      "kind": "StringLiteral",
      "offset": 2507,
      "length": 2,
      "value": "\"\""
    },
    {
      "filePath": "\/Users\/runner\/work\/1\/s\/Frameworks\/AppMisuse\/AppMisuse\/AppMisuseBackgroundTaskManager.swift",
      "kind": "StringLiteral",
      "offset": 2718,
      "length": 46,
      "value": "\"Failed to schedule background task: \""
    },
    {
      "filePath": "\/Users\/runner\/work\/1\/s\/Frameworks\/AppMisuse\/AppMisuse\/AppMisuseBackgroundTaskManager.swift",
      "kind": "StringLiteral",
      "offset": 2763,
      "length": 2,
      "value": "\"\""
    },
    {
      "filePath": "\/Users\/runner\/work\/1\/s\/Frameworks\/AppMisuse\/AppMisuse\/AppMisuseBackgroundTaskManager.swift",
      "kind": "BooleanLiteral",
      "offset": 3150,
      "length": 5,
      "value": "false"
    },
    {
      "filePath": "\/Users\/runner\/work\/1\/s\/Frameworks\/AppMisuse\/AppMisuse\/AppMisuseBackgroundTaskManager.swift",
      "kind": "BooleanLiteral",
      "offset": 3269,
      "length": 4,
      "value": "true"
    },
    {
      "filePath": "\/Users\/runner\/work\/1\/s\/Frameworks\/AppMisuse\/AppMisuse\/AppMisuseBackgroundTaskManager.swift",
      "kind": "BooleanLiteral",
      "offset": 3358,
      "length": 5,
      "value": "false"
    }
  ]
}