{
	"id": 0,
	"name": "@santander/flame-component-library",
	"kind": 0,
	"flags": {},
	"children": [
		{
			"id": 1,
			"name": "\"button.component\"",
			"kind": 1,
			"kindString": "External module",
			"flags": {
				"isExported": true
			},
			"originalName": "/Users/mlmv/Workspace/SANTANDER/flame-santander/flame-workspace/libs/flame-component-library/src/lib/atoms/button/button.component.ts",
			"children": [
				{
					"id": 2,
					"name": "ButtonComponent",
					"kind": 128,
					"kindString": "Class",
					"flags": {
						"isExported": true
					},
					"decorators": [
						{
							"name": "Component",
							"type": {
								"type": "reference",
								"name": "Component"
							},
							"arguments": {
								"obj": "{\n\tselector:\n\t\t'sn-button, button[sn-button], a[sn-button], button[snButton], a[snButton]',\n\ttemplate: '<ng-content></ng-content>',\n\tstyleUrls: ['./button.component.scss']\n}"
							}
						}
					],
					"children": [
						{
							"id": 3,
							"name": "constructor",
							"kind": 512,
							"kindString": "Constructor",
							"flags": {
								"isExported": true
							},
							"signatures": [
								{
									"id": 4,
									"name": "new ButtonComponent",
									"kind": 16384,
									"kindString": "Constructor signature",
									"flags": {},
									"type": {
										"type": "reference",
										"name": "ButtonComponent",
										"id": 2
									}
								}
							],
							"sources": [
								{
									"fileName": "button.component.ts",
									"line": 9,
									"character": 48
								}
							]
						},
						{
							"id": 5,
							"name": "class",
							"kind": 1024,
							"kindString": "Property",
							"flags": {
								"isExported": true
							},
							"decorators": [
								{
									"name": "Input",
									"type": {
										"type": "reference",
										"name": "Input"
									},
									"arguments": {}
								}
							],
							"sources": [
								{
									"fileName": "button.component.ts",
									"line": 12,
									"character": 15
								}
							],
							"type": {
								"type": "intrinsic",
								"name": "string"
							},
							"defaultValue": "\"\""
						},
						{
							"id": 6,
							"name": "hostClasses",
							"kind": 262144,
							"kindString": "Accessor",
							"flags": {
								"isExported": true
							},
							"decorators": [
								{
									"name": "HostBinding",
									"type": {
										"type": "reference",
										"name": "HostBinding"
									},
									"arguments": {
										"hostPropertyName": "'class'"
									}
								}
							],
							"getSignature": [
								{
									"id": 7,
									"name": "__get",
									"kind": 524288,
									"kindString": "Get signature",
									"flags": {},
									"type": {
										"type": "intrinsic",
										"name": "string"
									}
								}
							],
							"sources": [
								{
									"fileName": "button.component.ts",
									"line": 14,
									"character": 16
								}
							]
						},
						{
							"id": 8,
							"name": "ngOnInit",
							"kind": 2048,
							"kindString": "Method",
							"flags": {
								"isExported": true
							},
							"signatures": [
								{
									"id": 9,
									"name": "ngOnInit",
									"kind": 4096,
									"kindString": "Call signature",
									"flags": {},
									"type": {
										"type": "intrinsic",
										"name": "void"
									}
								}
							],
							"sources": [
								{
									"fileName": "button.component.ts",
									"line": 18,
									"character": 9
								}
							]
						}
					],
					"groups": [
						{
							"title": "Constructors",
							"kind": 512,
							"children": [3]
						},
						{
							"title": "Properties",
							"kind": 1024,
							"children": [5]
						},
						{
							"title": "Accessors",
							"kind": 262144,
							"children": [6]
						},
						{
							"title": "Methods",
							"kind": 2048,
							"children": [8]
						}
					],
					"sources": [
						{
							"fileName": "button.component.ts",
							"line": 9,
							"character": 28
						}
					],
					"implementedTypes": [
						{
							"type": "reference",
							"name": "OnInit"
						}
					]
				}
			],
			"groups": [
				{
					"title": "Classes",
					"kind": 128,
					"children": [2]
				}
			],
			"sources": [
				{
					"fileName": "button.component.ts",
					"line": 1,
					"character": 0
				}
			]
		}
	],
	"groups": [
		{
			"title": "External modules",
			"kind": 1,
			"children": [1]
		}
	]
}
