{
	"npmScope": "santander",
	"implicitDependencies": {
		"angular.json": "*",
		"package.json": "*",
		"tsconfig.json": "*",
		"tslint.json": "*",
		"nx.json": "*"
	},
	"projects": {
		"flame-core-library": {
			"tags": []
		},
		"flame-component-library": {
			"tags": []
		},
		"flame-documentation": {
			"tags": []
		},
		"flame-documentation-e2e": {
			"tags": []
		},
		"super-mobile": {
			"tags": []
		},
		"super-mobile-e2e": {
			"tags": []
		},
		"globile-services-library": {
			"tags": []
		},
		"sign-operation-library": {
			"tags": []
		},
		"login-operation-library": {
			"tags": []
		},
		"summary-operation-library": {
			"tags": []
		},
		"token-operation-library": {
			"tags": []
		},
		"transfers-operation-library": {
			"tags": []
		},
		"beneficiary-operation-library": {
			"tags": []
		},
		"payments-operation-library": {
			"tags": []
		},
		"growing-operation-library": {
			"tags": []
		}
	}
}
