{
  "ABIRoot": {
    "kind": "Root",
    "name": "TopLevel",
    "printedName": "TopLevel",
    "children": [
      {
        "kind": "Import",
        "name": "Combine",
        "printedName": "Combine",
        "declKind": "Import",
        "moduleName": "IMSBluetooth",
        "declAttributes": [
          "RawDocComment"
        ]
      },
      {
        "kind": "Import",
        "name": "CoreBluetooth",
        "printedName": "CoreBluetooth",
        "declKind": "Import",
        "moduleName": "IMSBluetooth"
      },
      {
        "kind": "Import",
        "name": "Primitives",
        "printedName": "Primitives",
        "declKind": "Import",
        "moduleName": "IMSBluetooth"
      },
      {
        "kind": "Import",
        "name": "CoreLocation",
        "printedName": "CoreLocation",
        "declKind": "Import",
        "moduleName": "IMSBluetooth",
        "declAttributes": [
          "RawDocComment"
        ]
      },
      {
        "kind": "Import",
        "name": "Foundation",
        "printedName": "Foundation",
        "declKind": "Import",
        "moduleName": "IMSBluetooth"
      },
      {
        "kind": "Import",
        "name": "Combine",
        "printedName": "Combine",
        "declKind": "Import",
        "moduleName": "IMSBluetooth",
        "declAttributes": [
          "RawDocComment"
        ]
      },
      {
        "kind": "Import",
        "name": "CoreBluetooth",
        "printedName": "CoreBluetooth",
        "declKind": "Import",
        "moduleName": "IMSBluetooth"
      },
      {
        "kind": "Import",
        "name": "Common",
        "printedName": "Common",
        "declKind": "Import",
        "moduleName": "IMSBluetooth"
      },
      {
        "kind": "Import",
        "name": "Primitives",
        "printedName": "Primitives",
        "declKind": "Import",
        "moduleName": "IMSBluetooth"
      },
      {
        "kind": "Import",
        "name": "Foundation",
        "printedName": "Foundation",
        "declKind": "Import",
        "moduleName": "IMSBluetooth",
        "declAttributes": [
          "RawDocComment"
        ]
      },
      {
        "kind": "TypeDecl",
        "name": "Bluetooth",
        "printedName": "Bluetooth",
        "declKind": "Class",
        "usr": "s:12IMSBluetooth9BluetoothC",
        "mangledName": "$s12IMSBluetooth9BluetoothC",
        "moduleName": "IMSBluetooth",
        "declAttributes": [
          "AccessControl"
        ],
        "hasMissingDesignatedInitializers": true
      },
      {
        "kind": "Import",
        "name": "Foundation",
        "printedName": "Foundation",
        "declKind": "Import",
        "moduleName": "IMSBluetooth",
        "declAttributes": [
          "RawDocComment"
        ]
      },
      {
        "kind": "Import",
        "name": "Combine",
        "printedName": "Combine",
        "declKind": "Import",
        "moduleName": "IMSBluetooth"
      },
      {
        "kind": "Import",
        "name": "CoreLocation",
        "printedName": "CoreLocation",
        "declKind": "Import",
        "moduleName": "IMSBluetooth"
      },
      {
        "kind": "Import",
        "name": "Common",
        "printedName": "Common",
        "declKind": "Import",
        "moduleName": "IMSBluetooth"
      },
      {
        "kind": "Import",
        "name": "Primitives",
        "printedName": "Primitives",
        "declKind": "Import",
        "moduleName": "IMSBluetooth"
      },
      {
        "kind": "Import",
        "name": "Devices",
        "printedName": "Devices",
        "declKind": "Import",
        "moduleName": "IMSBluetooth"
      },
      {
        "kind": "Import",
        "name": "CoreBluetooth",
        "printedName": "CoreBluetooth",
        "declKind": "Import",
        "moduleName": "IMSBluetooth",
        "declAttributes": [
          "RawDocComment"
        ]
      },
      {
        "kind": "TypeDecl",
        "name": "CBPeripheralHelper",
        "printedName": "CBPeripheralHelper",
        "children": [
          {
            "kind": "Var",
            "name": "identifier",
            "printedName": "identifier",
            "children": [
              {
                "kind": "TypeNominal",
                "name": "UUID",
                "printedName": "Foundation.UUID",
                "usr": "s:10Foundation4UUIDV"
              }
            ],
            "declKind": "Var",
            "usr": "s:12IMSBluetooth18CBPeripheralHelperP10identifier10Foundation4UUIDVvp",
            "mangledName": "$s12IMSBluetooth18CBPeripheralHelperP10identifier10Foundation4UUIDVvp",
            "moduleName": "IMSBluetooth",
            "protocolReq": true,
            "accessors": [
              {
                "kind": "Accessor",
                "name": "Get",
                "printedName": "Get()",
                "children": [
                  {
                    "kind": "TypeNominal",
                    "name": "UUID",
                    "printedName": "Foundation.UUID",
                    "usr": "s:10Foundation4UUIDV"
                  }
                ],
                "declKind": "Accessor",
                "usr": "s:12IMSBluetooth18CBPeripheralHelperP10identifier10Foundation4UUIDVvg",
                "mangledName": "$s12IMSBluetooth18CBPeripheralHelperP10identifier10Foundation4UUIDVvg",
                "moduleName": "IMSBluetooth",
                "genericSig": "<τ_0_0 where τ_0_0 : IMSBluetooth.CBPeripheralHelper>",
                "sugared_genericSig": "<Self where Self : IMSBluetooth.CBPeripheralHelper>",
                "protocolReq": true,
                "reqNewWitnessTableEntry": true,
                "accessorKind": "get"
              }
            ]
          },
          {
            "kind": "Var",
            "name": "name",
            "printedName": "name",
            "children": [
              {
                "kind": "TypeNominal",
                "name": "Optional",
                "printedName": "Swift.String?",
                "children": [
                  {
                    "kind": "TypeNominal",
                    "name": "String",
                    "printedName": "Swift.String",
                    "usr": "s:SS"
                  }
                ],
                "usr": "s:Sq"
              }
            ],
            "declKind": "Var",
            "usr": "s:12IMSBluetooth18CBPeripheralHelperP4nameSSSgvp",
            "mangledName": "$s12IMSBluetooth18CBPeripheralHelperP4nameSSSgvp",
            "moduleName": "IMSBluetooth",
            "protocolReq": true,
            "accessors": [
              {
                "kind": "Accessor",
                "name": "Get",
                "printedName": "Get()",
                "children": [
                  {
                    "kind": "TypeNominal",
                    "name": "Optional",
                    "printedName": "Swift.String?",
                    "children": [
                      {
                        "kind": "TypeNominal",
                        "name": "String",
                        "printedName": "Swift.String",
                        "usr": "s:SS"
                      }
                    ],
                    "usr": "s:Sq"
                  }
                ],
                "declKind": "Accessor",
                "usr": "s:12IMSBluetooth18CBPeripheralHelperP4nameSSSgvg",
                "mangledName": "$s12IMSBluetooth18CBPeripheralHelperP4nameSSSgvg",
                "moduleName": "IMSBluetooth",
                "genericSig": "<τ_0_0 where τ_0_0 : IMSBluetooth.CBPeripheralHelper>",
                "sugared_genericSig": "<Self where Self : IMSBluetooth.CBPeripheralHelper>",
                "protocolReq": true,
                "reqNewWitnessTableEntry": true,
                "accessorKind": "get"
              }
            ]
          }
        ],
        "declKind": "Protocol",
        "usr": "s:12IMSBluetooth18CBPeripheralHelperP",
        "mangledName": "$s12IMSBluetooth18CBPeripheralHelperP",
        "moduleName": "IMSBluetooth",
        "declAttributes": [
          "AccessControl"
        ]
      },
      {
        "kind": "Import",
        "name": "Foundation",
        "printedName": "Foundation",
        "declKind": "Import",
        "moduleName": "IMSBluetooth",
        "declAttributes": [
          "RawDocComment"
        ]
      },
      {
        "kind": "Import",
        "name": "CoreBluetooth",
        "printedName": "CoreBluetooth",
        "declKind": "Import",
        "moduleName": "IMSBluetooth"
      },
      {
        "kind": "Import",
        "name": "Primitives",
        "printedName": "Primitives",
        "declKind": "Import",
        "moduleName": "IMSBluetooth"
      },
      {
        "kind": "Import",
        "name": "IMSInterfaces",
        "printedName": "IMSInterfaces",
        "declKind": "Import",
        "moduleName": "IMSBluetooth"
      },
      {
        "kind": "TypeDecl",
        "name": "BluetoothPermissionProvider",
        "printedName": "BluetoothPermissionProvider",
        "children": [
          {
            "kind": "Constructor",
            "name": "init",
            "printedName": "init()",
            "children": [
              {
                "kind": "TypeNominal",
                "name": "BluetoothPermissionProvider",
                "printedName": "IMSBluetooth.BluetoothPermissionProvider",
                "usr": "s:12IMSBluetooth27BluetoothPermissionProviderC"
              }
            ],
            "declKind": "Constructor",
            "usr": "s:12IMSBluetooth27BluetoothPermissionProviderCACycfc",
            "mangledName": "$s12IMSBluetooth27BluetoothPermissionProviderCACycfc",
            "moduleName": "IMSBluetooth",
            "declAttributes": [
              "AccessControl"
            ],
            "init_kind": "Designated"
          },
          {
            "kind": "Var",
            "name": "permissionType",
            "printedName": "permissionType",
            "children": [
              {
                "kind": "TypeNominal",
                "name": "PermissionType",
                "printedName": "Primitives.PermissionType",
                "usr": "s:10Primitives14PermissionTypeO"
              }
            ],
            "declKind": "Var",
            "usr": "s:12IMSBluetooth27BluetoothPermissionProviderC14permissionType10Primitives0cF0Ovp",
            "mangledName": "$s12IMSBluetooth27BluetoothPermissionProviderC14permissionType10Primitives0cF0Ovp",
            "moduleName": "IMSBluetooth",
            "declAttributes": [
              "HasInitialValue",
              "Final",
              "HasStorage",
              "AccessControl",
              "RawDocComment"
            ],
            "isLet": true,
            "hasStorage": true,
            "accessors": [
              {
                "kind": "Accessor",
                "name": "Get",
                "printedName": "Get()",
                "children": [
                  {
                    "kind": "TypeNominal",
                    "name": "PermissionType",
                    "printedName": "Primitives.PermissionType",
                    "usr": "s:10Primitives14PermissionTypeO"
                  }
                ],
                "declKind": "Accessor",
                "usr": "s:12IMSBluetooth27BluetoothPermissionProviderC14permissionType10Primitives0cF0Ovg",
                "mangledName": "$s12IMSBluetooth27BluetoothPermissionProviderC14permissionType10Primitives0cF0Ovg",
                "moduleName": "IMSBluetooth",
                "implicit": true,
                "declAttributes": [
                  "Final"
                ],
                "accessorKind": "get"
              }
            ]
          },
          {
            "kind": "Function",
            "name": "getPermissionStatus",
            "printedName": "getPermissionStatus()",
            "children": [
              {
                "kind": "TypeNominal",
                "name": "PermissionStatus",
                "printedName": "Primitives.PermissionStatus",
                "usr": "s:10Primitives16PermissionStatusO"
              }
            ],
            "declKind": "Func",
            "usr": "s:12IMSBluetooth27BluetoothPermissionProviderC03getC6Status10Primitives0cF0OyF",
            "mangledName": "$s12IMSBluetooth27BluetoothPermissionProviderC03getC6Status10Primitives0cF0OyF",
            "moduleName": "IMSBluetooth",
            "declAttributes": [
              "Final",
              "AccessControl",
              "RawDocComment"
            ],
            "funcSelfKind": "NonMutating"
          }
        ],
        "declKind": "Class",
        "usr": "s:12IMSBluetooth27BluetoothPermissionProviderC",
        "mangledName": "$s12IMSBluetooth27BluetoothPermissionProviderC",
        "moduleName": "IMSBluetooth",
        "declAttributes": [
          "Final",
          "AccessControl"
        ],
        "conformances": [
          {
            "kind": "Conformance",
            "name": "PermissionsProvidable",
            "printedName": "PermissionsProvidable",
            "usr": "s:13IMSInterfaces21PermissionsProvidableP",
            "mangledName": "$s13IMSInterfaces21PermissionsProvidableP"
          }
        ]
      },
      {
        "kind": "Import",
        "name": "Combine",
        "printedName": "Combine",
        "declKind": "Import",
        "moduleName": "IMSBluetooth",
        "declAttributes": [
          "RawDocComment"
        ]
      },
      {
        "kind": "Import",
        "name": "CoreBluetooth",
        "printedName": "CoreBluetooth",
        "declKind": "Import",
        "moduleName": "IMSBluetooth"
      },
      {
        "kind": "Import",
        "name": "Combine",
        "printedName": "Combine",
        "declKind": "Import",
        "moduleName": "IMSBluetooth",
        "declAttributes": [
          "RawDocComment"
        ]
      },
      {
        "kind": "Import",
        "name": "CoreBluetooth",
        "printedName": "CoreBluetooth",
        "declKind": "Import",
        "moduleName": "IMSBluetooth"
      },
      {
        "kind": "Import",
        "name": "CoreLocation",
        "printedName": "CoreLocation",
        "declKind": "Import",
        "moduleName": "IMSBluetooth"
      },
      {
        "kind": "Import",
        "name": "Common",
        "printedName": "Common",
        "declKind": "Import",
        "moduleName": "IMSBluetooth"
      },
      {
        "kind": "Import",
        "name": "IMSInterfaces",
        "printedName": "IMSInterfaces",
        "declKind": "Import",
        "moduleName": "IMSBluetooth"
      },
      {
        "kind": "Import",
        "name": "IMSPermissions",
        "printedName": "IMSPermissions",
        "declKind": "Import",
        "moduleName": "IMSBluetooth"
      },
      {
        "kind": "Import",
        "name": "Primitives",
        "printedName": "Primitives",
        "declKind": "Import",
        "moduleName": "IMSBluetooth"
      },
      {
        "kind": "Import",
        "name": "Devices",
        "printedName": "Devices",
        "declKind": "Import",
        "moduleName": "IMSBluetooth"
      },
      {
        "kind": "TypeDecl",
        "name": "BluetoothDeviceProvider",
        "printedName": "BluetoothDeviceProvider",
        "children": [
          {
            "kind": "Var",
            "name": "permissionManager",
            "printedName": "permissionManager",
            "children": [
              {
                "kind": "TypeNominal",
                "name": "PermissionManageable",
                "printedName": "IMSInterfaces.PermissionManageable",
                "usr": "s:13IMSInterfaces20PermissionManageableP"
              }
            ],
            "declKind": "Var",
            "usr": "s:12IMSBluetooth23BluetoothDeviceProviderC17permissionManager13IMSInterfaces20PermissionManageable_pvp",
            "mangledName": "$s12IMSBluetooth23BluetoothDeviceProviderC17permissionManager13IMSInterfaces20PermissionManageable_pvp",
            "moduleName": "IMSBluetooth",
            "declAttributes": [
              "Final",
              "HasStorage",
              "AccessControl"
            ],
            "isLet": true,
            "hasStorage": true,
            "accessors": [
              {
                "kind": "Accessor",
                "name": "Get",
                "printedName": "Get()",
                "children": [
                  {
                    "kind": "TypeNominal",
                    "name": "PermissionManageable",
                    "printedName": "IMSInterfaces.PermissionManageable",
                    "usr": "s:13IMSInterfaces20PermissionManageableP"
                  }
                ],
                "declKind": "Accessor",
                "usr": "s:12IMSBluetooth23BluetoothDeviceProviderC17permissionManager13IMSInterfaces20PermissionManageable_pvg",
                "mangledName": "$s12IMSBluetooth23BluetoothDeviceProviderC17permissionManager13IMSInterfaces20PermissionManageable_pvg",
                "moduleName": "IMSBluetooth",
                "implicit": true,
                "declAttributes": [
                  "Final"
                ],
                "accessorKind": "get"
              }
            ]
          },
          {
            "kind": "Var",
            "name": "wakeUpSubject",
            "printedName": "wakeUpSubject",
            "children": [
              {
                "kind": "TypeNominal",
                "name": "PassthroughSubject",
                "printedName": "Combine.PassthroughSubject<Swift.Bool, Swift.Never>",
                "children": [
                  {
                    "kind": "TypeNominal",
                    "name": "Bool",
                    "printedName": "Swift.Bool",
                    "usr": "s:Sb"
                  },
                  {
                    "kind": "TypeNominal",
                    "name": "Never",
                    "printedName": "Swift.Never",
                    "usr": "s:s5NeverO"
                  }
                ],
                "usr": "s:7Combine18PassthroughSubjectC"
              }
            ],
            "declKind": "Var",
            "usr": "s:12IMSBluetooth23BluetoothDeviceProviderC13wakeUpSubject7Combine011PassthroughG0CySbs5NeverOGvp",
            "mangledName": "$s12IMSBluetooth23BluetoothDeviceProviderC13wakeUpSubject7Combine011PassthroughG0CySbs5NeverOGvp",
            "moduleName": "IMSBluetooth",
            "declAttributes": [
              "HasInitialValue",
              "Final",
              "HasStorage",
              "AccessControl"
            ],
            "isLet": true,
            "hasStorage": true,
            "accessors": [
              {
                "kind": "Accessor",
                "name": "Get",
                "printedName": "Get()",
                "children": [
                  {
                    "kind": "TypeNominal",
                    "name": "PassthroughSubject",
                    "printedName": "Combine.PassthroughSubject<Swift.Bool, Swift.Never>",
                    "children": [
                      {
                        "kind": "TypeNominal",
                        "name": "Bool",
                        "printedName": "Swift.Bool",
                        "usr": "s:Sb"
                      },
                      {
                        "kind": "TypeNominal",
                        "name": "Never",
                        "printedName": "Swift.Never",
                        "usr": "s:s5NeverO"
                      }
                    ],
                    "usr": "s:7Combine18PassthroughSubjectC"
                  }
                ],
                "declKind": "Accessor",
                "usr": "s:12IMSBluetooth23BluetoothDeviceProviderC13wakeUpSubject7Combine011PassthroughG0CySbs5NeverOGvg",
                "mangledName": "$s12IMSBluetooth23BluetoothDeviceProviderC13wakeUpSubject7Combine011PassthroughG0CySbs5NeverOGvg",
                "moduleName": "IMSBluetooth",
                "implicit": true,
                "declAttributes": [
                  "Final"
                ],
                "accessorKind": "get"
              }
            ]
          },
          {
            "kind": "Var",
            "name": "connectedDeviceSubject",
            "printedName": "connectedDeviceSubject",
            "children": [
              {
                "kind": "TypeNominal",
                "name": "PassthroughSubject",
                "printedName": "Combine.PassthroughSubject<Swift.Bool, Swift.Never>",
                "children": [
                  {
                    "kind": "TypeNominal",
                    "name": "Bool",
                    "printedName": "Swift.Bool",
                    "usr": "s:Sb"
                  },
                  {
                    "kind": "TypeNominal",
                    "name": "Never",
                    "printedName": "Swift.Never",
                    "usr": "s:s5NeverO"
                  }
                ],
                "usr": "s:7Combine18PassthroughSubjectC"
              }
            ],
            "declKind": "Var",
            "usr": "s:12IMSBluetooth23BluetoothDeviceProviderC09connectedC7Subject7Combine011PassthroughF0CySbs5NeverOGvp",
            "mangledName": "$s12IMSBluetooth23BluetoothDeviceProviderC09connectedC7Subject7Combine011PassthroughF0CySbs5NeverOGvp",
            "moduleName": "IMSBluetooth",
            "declAttributes": [
              "HasInitialValue",
              "Final",
              "HasStorage",
              "AccessControl"
            ],
            "isLet": true,
            "hasStorage": true,
            "accessors": [
              {
                "kind": "Accessor",
                "name": "Get",
                "printedName": "Get()",
                "children": [
                  {
                    "kind": "TypeNominal",
                    "name": "PassthroughSubject",
                    "printedName": "Combine.PassthroughSubject<Swift.Bool, Swift.Never>",
                    "children": [
                      {
                        "kind": "TypeNominal",
                        "name": "Bool",
                        "printedName": "Swift.Bool",
                        "usr": "s:Sb"
                      },
                      {
                        "kind": "TypeNominal",
                        "name": "Never",
                        "printedName": "Swift.Never",
                        "usr": "s:s5NeverO"
                      }
                    ],
                    "usr": "s:7Combine18PassthroughSubjectC"
                  }
                ],
                "declKind": "Accessor",
                "usr": "s:12IMSBluetooth23BluetoothDeviceProviderC09connectedC7Subject7Combine011PassthroughF0CySbs5NeverOGvg",
                "mangledName": "$s12IMSBluetooth23BluetoothDeviceProviderC09connectedC7Subject7Combine011PassthroughF0CySbs5NeverOGvg",
                "moduleName": "IMSBluetooth",
                "implicit": true,
                "declAttributes": [
                  "Final"
                ],
                "accessorKind": "get"
              }
            ]
          },
          {
            "kind": "Var",
            "name": "hasConnectedDevice",
            "printedName": "hasConnectedDevice",
            "children": [
              {
                "kind": "TypeNominal",
                "name": "Bool",
                "printedName": "Swift.Bool",
                "usr": "s:Sb"
              }
            ],
            "declKind": "Var",
            "usr": "s:12IMSBluetooth23BluetoothDeviceProviderC012hasConnectedC0Sbvp",
            "mangledName": "$s12IMSBluetooth23BluetoothDeviceProviderC012hasConnectedC0Sbvp",
            "moduleName": "IMSBluetooth",
            "declAttributes": [
              "HasInitialValue",
              "Final",
              "HasStorage",
              "SetterAccess",
              "AccessControl"
            ],
            "hasStorage": true,
            "accessors": [
              {
                "kind": "Accessor",
                "name": "Get",
                "printedName": "Get()",
                "children": [
                  {
                    "kind": "TypeNominal",
                    "name": "Bool",
                    "printedName": "Swift.Bool",
                    "usr": "s:Sb"
                  }
                ],
                "declKind": "Accessor",
                "usr": "s:12IMSBluetooth23BluetoothDeviceProviderC012hasConnectedC0Sbvg",
                "mangledName": "$s12IMSBluetooth23BluetoothDeviceProviderC012hasConnectedC0Sbvg",
                "moduleName": "IMSBluetooth",
                "implicit": true,
                "declAttributes": [
                  "Final"
                ],
                "accessorKind": "get"
              }
            ]
          },
          {
            "kind": "Constructor",
            "name": "init",
            "printedName": "init(permissionManager:wedgeRegex:)",
            "children": [
              {
                "kind": "TypeNominal",
                "name": "BluetoothDeviceProvider",
                "printedName": "IMSBluetooth.BluetoothDeviceProvider",
                "usr": "c:@M@IMSBluetooth@objc(cs)BluetoothDeviceProvider"
              },
              {
                "kind": "TypeNominal",
                "name": "PermissionManageable",
                "printedName": "IMSInterfaces.PermissionManageable",
                "hasDefaultArg": true,
                "usr": "s:13IMSInterfaces20PermissionManageableP"
              },
              {
                "kind": "TypeNominal",
                "name": "String",
                "printedName": "Swift.String",
                "hasDefaultArg": true,
                "usr": "s:SS"
              }
            ],
            "declKind": "Constructor",
            "usr": "s:12IMSBluetooth23BluetoothDeviceProviderC17permissionManager10wedgeRegexAC13IMSInterfaces20PermissionManageable_p_SStcfc",
            "mangledName": "$s12IMSBluetooth23BluetoothDeviceProviderC17permissionManager10wedgeRegexAC13IMSInterfaces20PermissionManageable_p_SStcfc",
            "moduleName": "IMSBluetooth",
            "declAttributes": [
              "AccessControl",
              "RawDocComment"
            ],
            "init_kind": "Designated"
          },
          {
            "kind": "Function",
            "name": "connect",
            "printedName": "connect(toDevice:with:)",
            "children": [
              {
                "kind": "TypeNominal",
                "name": "AnyPublisher",
                "printedName": "Combine.AnyPublisher<Swift.Bool, Primitives.IMSBluetoothError>",
                "children": [
                  {
                    "kind": "TypeNominal",
                    "name": "Bool",
                    "printedName": "Swift.Bool",
                    "usr": "s:Sb"
                  },
                  {
                    "kind": "TypeNominal",
                    "name": "IMSBluetoothError",
                    "printedName": "Primitives.IMSBluetoothError",
                    "usr": "s:10Primitives17IMSBluetoothErrorO"
                  }
                ],
                "usr": "s:7Combine12AnyPublisherV"
              },
              {
                "kind": "TypeNominal",
                "name": "IMSDevice",
                "printedName": "Primitives.IMSDevice",
                "usr": "s:10Primitives9IMSDeviceC"
              },
              {
                "kind": "TypeNominal",
                "name": "Double",
                "printedName": "Swift.Double",
                "usr": "s:Sd"
              }
            ],
            "declKind": "Func",
            "usr": "s:12IMSBluetooth23BluetoothDeviceProviderC7connect02toC04with7Combine12AnyPublisherVySb10Primitives0A5ErrorOGAJ9IMSDeviceC_SdtF",
            "mangledName": "$s12IMSBluetooth23BluetoothDeviceProviderC7connect02toC04with7Combine12AnyPublisherVySb10Primitives0A5ErrorOGAJ9IMSDeviceC_SdtF",
            "moduleName": "IMSBluetooth",
            "declAttributes": [
              "Final",
              "AccessControl",
              "RawDocComment"
            ],
            "funcSelfKind": "NonMutating"
          },
          {
            "kind": "Function",
            "name": "startDetecting",
            "printedName": "startDetecting()",
            "children": [
              {
                "kind": "TypeNominal",
                "name": "AnyPublisher",
                "printedName": "Combine.AnyPublisher<[Primitives.IMSDevice], Primitives.IMSBluetoothError>",
                "children": [
                  {
                    "kind": "TypeNominal",
                    "name": "Array",
                    "printedName": "[Primitives.IMSDevice]",
                    "children": [
                      {
                        "kind": "TypeNominal",
                        "name": "IMSDevice",
                        "printedName": "Primitives.IMSDevice",
                        "usr": "s:10Primitives9IMSDeviceC"
                      }
                    ],
                    "usr": "s:Sa"
                  },
                  {
                    "kind": "TypeNominal",
                    "name": "IMSBluetoothError",
                    "printedName": "Primitives.IMSBluetoothError",
                    "usr": "s:10Primitives17IMSBluetoothErrorO"
                  }
                ],
                "usr": "s:7Combine12AnyPublisherV"
              }
            ],
            "declKind": "Func",
            "usr": "s:12IMSBluetooth23BluetoothDeviceProviderC14startDetecting7Combine12AnyPublisherVySay10Primitives9IMSDeviceCGAH0A5ErrorOGyF",
            "mangledName": "$s12IMSBluetooth23BluetoothDeviceProviderC14startDetecting7Combine12AnyPublisherVySay10Primitives9IMSDeviceCGAH0A5ErrorOGyF",
            "moduleName": "IMSBluetooth",
            "declAttributes": [
              "Final",
              "AccessControl",
              "RawDocComment"
            ],
            "funcSelfKind": "NonMutating"
          },
          {
            "kind": "Function",
            "name": "stopDetecting",
            "printedName": "stopDetecting()",
            "children": [
              {
                "kind": "TypeNominal",
                "name": "Void",
                "printedName": "()"
              }
            ],
            "declKind": "Func",
            "usr": "s:12IMSBluetooth23BluetoothDeviceProviderC13stopDetectingyyF",
            "mangledName": "$s12IMSBluetooth23BluetoothDeviceProviderC13stopDetectingyyF",
            "moduleName": "IMSBluetooth",
            "declAttributes": [
              "Final",
              "AccessControl"
            ],
            "funcSelfKind": "NonMutating"
          },
          {
            "kind": "Function",
            "name": "startScan",
            "printedName": "startScan(with:)",
            "children": [
              {
                "kind": "TypeNominal",
                "name": "AnyPublisher",
                "printedName": "Combine.AnyPublisher<Primitives.IMSDevice, Primitives.IMSBluetoothError>",
                "children": [
                  {
                    "kind": "TypeNominal",
                    "name": "IMSDevice",
                    "printedName": "Primitives.IMSDevice",
                    "usr": "s:10Primitives9IMSDeviceC"
                  },
                  {
                    "kind": "TypeNominal",
                    "name": "IMSBluetoothError",
                    "printedName": "Primitives.IMSBluetoothError",
                    "usr": "s:10Primitives17IMSBluetoothErrorO"
                  }
                ],
                "usr": "s:7Combine12AnyPublisherV"
              },
              {
                "kind": "TypeNominal",
                "name": "Double",
                "printedName": "Swift.Double",
                "usr": "s:Sd"
              }
            ],
            "declKind": "Func",
            "usr": "s:12IMSBluetooth23BluetoothDeviceProviderC9startScan4with7Combine12AnyPublisherVy10Primitives9IMSDeviceCAI0A5ErrorOGSd_tF",
            "mangledName": "$s12IMSBluetooth23BluetoothDeviceProviderC9startScan4with7Combine12AnyPublisherVy10Primitives9IMSDeviceCAI0A5ErrorOGSd_tF",
            "moduleName": "IMSBluetooth",
            "declAttributes": [
              "Final",
              "AccessControl",
              "RawDocComment"
            ],
            "funcSelfKind": "NonMutating"
          },
          {
            "kind": "Function",
            "name": "stopScan",
            "printedName": "stopScan()",
            "children": [
              {
                "kind": "TypeNominal",
                "name": "Void",
                "printedName": "()"
              }
            ],
            "declKind": "Func",
            "usr": "s:12IMSBluetooth23BluetoothDeviceProviderC8stopScanyyF",
            "mangledName": "$s12IMSBluetooth23BluetoothDeviceProviderC8stopScanyyF",
            "moduleName": "IMSBluetooth",
            "declAttributes": [
              "Final",
              "AccessControl"
            ],
            "funcSelfKind": "NonMutating"
          },
          {
            "kind": "Constructor",
            "name": "init",
            "printedName": "init()",
            "children": [
              {
                "kind": "TypeNominal",
                "name": "BluetoothDeviceProvider",
                "printedName": "IMSBluetooth.BluetoothDeviceProvider",
                "usr": "c:@M@IMSBluetooth@objc(cs)BluetoothDeviceProvider"
              }
            ],
            "declKind": "Constructor",
            "usr": "c:@M@IMSBluetooth@objc(cs)BluetoothDeviceProvider(im)init",
            "mangledName": "$s12IMSBluetooth23BluetoothDeviceProviderCACycfc",
            "moduleName": "IMSBluetooth",
            "overriding": true,
            "implicit": true,
            "objc_name": "init",
            "declAttributes": [
              "Dynamic",
              "ObjC",
              "Override"
            ],
            "init_kind": "Designated"
          }
        ],
        "declKind": "Class",
        "usr": "c:@M@IMSBluetooth@objc(cs)BluetoothDeviceProvider",
        "mangledName": "$s12IMSBluetooth23BluetoothDeviceProviderC",
        "moduleName": "IMSBluetooth",
        "declAttributes": [
          "Final",
          "AccessControl",
          "ObjC"
        ],
        "superclassUsr": "c:objc(cs)NSObject",
        "superclassNames": [
          "ObjectiveC.NSObject"
        ],
        "conformances": [
          {
            "kind": "Conformance",
            "name": "IMSDeviceProvidable",
            "printedName": "IMSDeviceProvidable",
            "usr": "s:13IMSInterfaces19IMSDeviceProvidableP",
            "mangledName": "$s13IMSInterfaces19IMSDeviceProvidableP"
          },
          {
            "kind": "Conformance",
            "name": "Equatable",
            "printedName": "Equatable",
            "usr": "s:SQ",
            "mangledName": "$sSQ"
          },
          {
            "kind": "Conformance",
            "name": "Hashable",
            "printedName": "Hashable",
            "usr": "s:SH",
            "mangledName": "$sSH"
          },
          {
            "kind": "Conformance",
            "name": "CVarArg",
            "printedName": "CVarArg",
            "usr": "s:s7CVarArgP",
            "mangledName": "$ss7CVarArgP"
          },
          {
            "kind": "Conformance",
            "name": "_KeyValueCodingAndObservingPublishing",
            "printedName": "_KeyValueCodingAndObservingPublishing",
            "usr": "s:10Foundation37_KeyValueCodingAndObservingPublishingP",
            "mangledName": "$s10Foundation37_KeyValueCodingAndObservingPublishingP"
          },
          {
            "kind": "Conformance",
            "name": "_KeyValueCodingAndObserving",
            "printedName": "_KeyValueCodingAndObserving",
            "usr": "s:10Foundation27_KeyValueCodingAndObservingP",
            "mangledName": "$s10Foundation27_KeyValueCodingAndObservingP"
          },
          {
            "kind": "Conformance",
            "name": "CustomStringConvertible",
            "printedName": "CustomStringConvertible",
            "usr": "s:s23CustomStringConvertibleP",
            "mangledName": "$ss23CustomStringConvertibleP"
          },
          {
            "kind": "Conformance",
            "name": "CustomDebugStringConvertible",
            "printedName": "CustomDebugStringConvertible",
            "usr": "s:s28CustomDebugStringConvertibleP",
            "mangledName": "$ss28CustomDebugStringConvertibleP"
          },
          {
            "kind": "Conformance",
            "name": "DeviceConnectable",
            "printedName": "DeviceConnectable",
            "usr": "s:13IMSInterfaces17DeviceConnectableP",
            "mangledName": "$s13IMSInterfaces17DeviceConnectableP"
          },
          {
            "kind": "Conformance",
            "name": "DeviceDetectable",
            "printedName": "DeviceDetectable",
            "usr": "s:13IMSInterfaces16DeviceDetectableP",
            "mangledName": "$s13IMSInterfaces16DeviceDetectableP"
          },
          {
            "kind": "Conformance",
            "name": "DeviceScannable",
            "printedName": "DeviceScannable",
            "usr": "s:13IMSInterfaces15DeviceScannableP",
            "mangledName": "$s13IMSInterfaces15DeviceScannableP"
          },
          {
            "kind": "Conformance",
            "name": "DeviceWakeUpable",
            "printedName": "DeviceWakeUpable",
            "usr": "s:13IMSInterfaces16DeviceWakeUpableP",
            "mangledName": "$s13IMSInterfaces16DeviceWakeUpableP"
          }
        ]
      },
      {
        "kind": "TypeDecl",
        "name": "CBPeripheral",
        "printedName": "CBPeripheral",
        "declKind": "Class",
        "usr": "c:objc(cs)CBPeripheral",
        "moduleName": "CoreBluetooth",
        "isOpen": true,
        "intro_iOS": "5.0",
        "objc_name": "CBPeripheral",
        "declAttributes": [
          "Available",
          "ObjC",
          "Dynamic"
        ],
        "superclassUsr": "c:objc(cs)CBPeer",
        "isExternal": true,
        "inheritsConvenienceInitializers": true,
        "superclassNames": [
          "CoreBluetooth.CBPeer",
          "ObjectiveC.NSObject"
        ],
        "conformances": [
          {
            "kind": "Conformance",
            "name": "Equatable",
            "printedName": "Equatable",
            "usr": "s:SQ",
            "mangledName": "$sSQ"
          },
          {
            "kind": "Conformance",
            "name": "Hashable",
            "printedName": "Hashable",
            "usr": "s:SH",
            "mangledName": "$sSH"
          },
          {
            "kind": "Conformance",
            "name": "CVarArg",
            "printedName": "CVarArg",
            "usr": "s:s7CVarArgP",
            "mangledName": "$ss7CVarArgP"
          },
          {
            "kind": "Conformance",
            "name": "_KeyValueCodingAndObservingPublishing",
            "printedName": "_KeyValueCodingAndObservingPublishing",
            "usr": "s:10Foundation37_KeyValueCodingAndObservingPublishingP",
            "mangledName": "$s10Foundation37_KeyValueCodingAndObservingPublishingP"
          },
          {
            "kind": "Conformance",
            "name": "_KeyValueCodingAndObserving",
            "printedName": "_KeyValueCodingAndObserving",
            "usr": "s:10Foundation27_KeyValueCodingAndObservingP",
            "mangledName": "$s10Foundation27_KeyValueCodingAndObservingP"
          },
          {
            "kind": "Conformance",
            "name": "CustomStringConvertible",
            "printedName": "CustomStringConvertible",
            "usr": "s:s23CustomStringConvertibleP",
            "mangledName": "$ss23CustomStringConvertibleP"
          },
          {
            "kind": "Conformance",
            "name": "CustomDebugStringConvertible",
            "printedName": "CustomDebugStringConvertible",
            "usr": "s:s28CustomDebugStringConvertibleP",
            "mangledName": "$ss28CustomDebugStringConvertibleP"
          },
          {
            "kind": "Conformance",
            "name": "CBPeripheralHelper",
            "printedName": "CBPeripheralHelper",
            "usr": "s:12IMSBluetooth18CBPeripheralHelperP",
            "mangledName": "$s12IMSBluetooth18CBPeripheralHelperP"
          }
        ]
      }
    ],
    "json_format_version": 8
  },
  "ConstValues": [
    {
      "filePath": "\/Users\/runner\/work\/1\/s\/Frameworks\/Bluetooth\/BluetoothTests\/Mocks\/MockCentralManager.swift",
      "kind": "BooleanLiteral",
      "offset": 244,
      "length": 5,
      "value": "false"
    },
    {
      "filePath": "\/Users\/runner\/work\/1\/s\/Frameworks\/Bluetooth\/BluetoothTests\/Mocks\/MockCentralManager.swift",
      "kind": "StringLiteral",
      "offset": 167,
      "length": 18,
      "value": "\"IMSBluetooth.MockCentralManager\""
    },
    {
      "filePath": "\/Users\/runner\/work\/1\/s\/Frameworks\/Bluetooth\/BluetoothTests\/Mocks\/MockLocationManager.swift",
      "kind": "BooleanLiteral",
      "offset": 222,
      "length": 5,
      "value": "false"
    },
    {
      "filePath": "\/Users\/runner\/work\/1\/s\/Frameworks\/Bluetooth\/BluetoothTests\/Mocks\/MockLocationManager.swift",
      "kind": "BooleanLiteral",
      "offset": 259,
      "length": 5,
      "value": "false"
    },
    {
      "filePath": "\/Users\/runner\/work\/1\/s\/Frameworks\/Bluetooth\/BluetoothTests\/Mocks\/MockLocationManager.swift",
      "kind": "BooleanLiteral",
      "offset": 350,
      "length": 4,
      "value": "true"
    },
    {
      "filePath": "\/Users\/runner\/work\/1\/s\/Frameworks\/Bluetooth\/BluetoothTests\/Mocks\/MockLocationManager.swift",
      "kind": "BooleanLiteral",
      "offset": 483,
      "length": 4,
      "value": "true"
    },
    {
      "filePath": "\/Users\/runner\/work\/1\/s\/Frameworks\/Bluetooth\/Bluetooth\/CBCentralManagerDelegateWrapper.swift",
      "kind": "StringLiteral",
      "offset": 931,
      "length": 84,
      "value": "\"Did connect to the peripheral: \""
    },
    {
      "filePath": "\/Users\/runner\/work\/1\/s\/Frameworks\/Bluetooth\/Bluetooth\/CBCentralManagerDelegateWrapper.swift",
      "kind": "StringLiteral",
      "offset": 1014,
      "length": 2,
      "value": "\"\""
    },
    {
      "filePath": "\/Users\/runner\/work\/1\/s\/Frameworks\/Bluetooth\/Bluetooth\/CBCentralManagerDelegateWrapper.swift",
      "kind": "BooleanLiteral",
      "offset": 1051,
      "length": 4,
      "value": "true"
    },
    {
      "filePath": "\/Users\/runner\/work\/1\/s\/Frameworks\/Bluetooth\/Bluetooth\/CBCentralManagerDelegateWrapper.swift",
      "kind": "StringLiteral",
      "offset": 1198,
      "length": 87,
      "value": "\"Did disconnect to the peripheral: \""
    },
    {
      "filePath": "\/Users\/runner\/work\/1\/s\/Frameworks\/Bluetooth\/Bluetooth\/CBCentralManagerDelegateWrapper.swift",
      "kind": "StringLiteral",
      "offset": 1284,
      "length": 2,
      "value": "\"\""
    },
    {
      "filePath": "\/Users\/runner\/work\/1\/s\/Frameworks\/Bluetooth\/Bluetooth\/CBCentralManagerDelegateWrapper.swift",
      "kind": "BooleanLiteral",
      "offset": 1321,
      "length": 5,
      "value": "false"
    },
    {
      "filePath": "\/Users\/runner\/work\/1\/s\/Frameworks\/Bluetooth\/Bluetooth\/CBCentralManagerDelegateWrapper.swift",
      "kind": "StringLiteral",
      "offset": 1462,
      "length": 92,
      "value": "\"Did fail to connect to the peripheral: \""
    },
    {
      "filePath": "\/Users\/runner\/work\/1\/s\/Frameworks\/Bluetooth\/Bluetooth\/CBCentralManagerDelegateWrapper.swift",
      "kind": "StringLiteral",
      "offset": 1553,
      "length": 2,
      "value": "\"\""
    },
    {
      "filePath": "\/Users\/runner\/work\/1\/s\/Frameworks\/Bluetooth\/Bluetooth\/Bluetooth.swift",
      "kind": "BooleanLiteral",
      "offset": 186,
      "length": 4,
      "value": "true"
    },
    {
      "filePath": "\/Users\/runner\/work\/1\/s\/Frameworks\/Bluetooth\/Bluetooth\/CLLocationManagerDelegateWrapper.swift",
      "kind": "StringLiteral",
      "offset": 1864,
      "length": 18,
      "value": "\"Did Enter Region\""
    },
    {
      "filePath": "\/Users\/runner\/work\/1\/s\/Frameworks\/Bluetooth\/Bluetooth\/CLLocationManagerDelegateWrapper.swift",
      "kind": "StringLiteral",
      "offset": 1927,
      "length": 53,
      "value": "\"Did Enter Beacon Region: \""
    },
    {
      "filePath": "\/Users\/runner\/work\/1\/s\/Frameworks\/Bluetooth\/Bluetooth\/CLLocationManagerDelegateWrapper.swift",
      "kind": "StringLiteral",
      "offset": 1979,
      "length": 2,
      "value": "\"\""
    },
    {
      "filePath": "\/Users\/runner\/work\/1\/s\/Frameworks\/Bluetooth\/Bluetooth\/CLLocationManagerDelegateWrapper.swift",
      "kind": "StringLiteral",
      "offset": 2166,
      "length": 17,
      "value": "\"Did Exit Region\""
    },
    {
      "filePath": "\/Users\/runner\/work\/1\/s\/Frameworks\/Bluetooth\/Bluetooth\/CLLocationManagerDelegateWrapper.swift",
      "kind": "StringLiteral",
      "offset": 2228,
      "length": 52,
      "value": "\"Did Exit Beacon Region: \""
    },
    {
      "filePath": "\/Users\/runner\/work\/1\/s\/Frameworks\/Bluetooth\/Bluetooth\/CLLocationManagerDelegateWrapper.swift",
      "kind": "StringLiteral",
      "offset": 2279,
      "length": 2,
      "value": "\"\""
    },
    {
      "filePath": "\/Users\/runner\/work\/1\/s\/Frameworks\/Bluetooth\/Bluetooth\/CLLocationManagerDelegateWrapper.swift",
      "kind": "StringLiteral",
      "offset": 2496,
      "length": 28,
      "value": "\"Did Determine State Region\""
    },
    {
      "filePath": "\/Users\/runner\/work\/1\/s\/Frameworks\/Bluetooth\/Bluetooth\/CLLocationManagerDelegateWrapper.swift",
      "kind": "StringLiteral",
      "offset": 2618,
      "length": 64,
      "value": "\"Did Determine Inside Beacon Region: \""
    },
    {
      "filePath": "\/Users\/runner\/work\/1\/s\/Frameworks\/Bluetooth\/Bluetooth\/CLLocationManagerDelegateWrapper.swift",
      "kind": "StringLiteral",
      "offset": 2681,
      "length": 2,
      "value": "\"\""
    },
    {
      "filePath": "\/Users\/runner\/work\/1\/s\/Frameworks\/Bluetooth\/Bluetooth\/CLLocationManagerDelegateWrapper.swift",
      "kind": "StringLiteral",
      "offset": 2825,
      "length": 65,
      "value": "\"Did Determine Outside Beacon Region: \""
    },
    {
      "filePath": "\/Users\/runner\/work\/1\/s\/Frameworks\/Bluetooth\/Bluetooth\/CLLocationManagerDelegateWrapper.swift",
      "kind": "StringLiteral",
      "offset": 2889,
      "length": 2,
      "value": "\"\""
    },
    {
      "filePath": "\/Users\/runner\/work\/1\/s\/Frameworks\/Bluetooth\/Bluetooth\/CLLocationManagerDelegateWrapper.swift",
      "kind": "StringLiteral",
      "offset": 2933,
      "length": 65,
      "value": "\"Did Determine Unknown Beacon Region: \""
    },
    {
      "filePath": "\/Users\/runner\/work\/1\/s\/Frameworks\/Bluetooth\/Bluetooth\/CLLocationManagerDelegateWrapper.swift",
      "kind": "StringLiteral",
      "offset": 2997,
      "length": 2,
      "value": "\"\""
    },
    {
      "filePath": "\/Users\/runner\/work\/1\/s\/Frameworks\/Bluetooth\/Bluetooth\/BluetoothPermissionProvider.swift",
      "kind": "StringLiteral",
      "offset": 1102,
      "length": 29,
      "value": "\"XCTestConfigurationFilePath\""
    },
    {
      "filePath": "\/Users\/runner\/work\/1\/s\/Frameworks\/Bluetooth\/Bluetooth\/BluetoothDeviceProvider.swift",
      "kind": "StringLiteral",
      "offset": 394,
      "length": 38,
      "value": "\"E08D4118-15D6-11E6-A148-3E1D05DEFE78\""
    },
    {
      "filePath": "\/Users\/runner\/work\/1\/s\/Frameworks\/Bluetooth\/Bluetooth\/BluetoothDeviceProvider.swift",
      "kind": "StringLiteral",
      "offset": 471,
      "length": 12,
      "value": "\"IMS Beacon\""
    },
    {
      "filePath": "\/Users\/runner\/work\/1\/s\/Frameworks\/Bluetooth\/Bluetooth\/BluetoothDeviceProvider.swift",
      "kind": "IntegerLiteral",
      "offset": 538,
      "length": 2,
      "value": "30"
    },
    {
      "filePath": "\/Users\/runner\/work\/1\/s\/Frameworks\/Bluetooth\/Bluetooth\/BluetoothDeviceProvider.swift",
      "kind": "BooleanLiteral",
      "offset": 1162,
      "length": 5,
      "value": "false"
    },
    {
      "filePath": "\/Users\/runner\/work\/1\/s\/Frameworks\/Bluetooth\/Bluetooth\/BluetoothDeviceProvider.swift",
      "kind": "Array",
      "offset": 1376,
      "length": 2,
      "value": "[]"
    },
    {
      "filePath": "\/Users\/runner\/work\/1\/s\/Frameworks\/Bluetooth\/Bluetooth\/BluetoothDeviceProvider.swift",
      "kind": "BooleanLiteral",
      "offset": 1544,
      "length": 5,
      "value": "false"
    },
    {
      "filePath": "\/Users\/runner\/work\/1\/s\/Frameworks\/Bluetooth\/Bluetooth\/BluetoothDeviceProvider.swift",
      "kind": "Dictionary",
      "offset": 1659,
      "length": 3,
      "value": "[]"
    },
    {
      "filePath": "\/Users\/runner\/work\/1\/s\/Frameworks\/Bluetooth\/Bluetooth\/BluetoothDeviceProvider.swift",
      "kind": "StringLiteral",
      "offset": 2053,
      "length": 2,
      "value": "\"\""
    },
    {
      "filePath": "\/Users\/runner\/work\/1\/s\/Frameworks\/Bluetooth\/Bluetooth\/BluetoothDeviceProvider.swift",
      "kind": "BooleanLiteral",
      "offset": 2150,
      "length": 4,
      "value": "true"
    },
    {
      "filePath": "\/Users\/runner\/work\/1\/s\/Frameworks\/Bluetooth\/Bluetooth\/BluetoothDeviceProvider.swift",
      "kind": "StringLiteral",
      "offset": 2703,
      "length": 68,
      "value": "\"UUID(uuidString:) initalization failed for the provided beaconUUID\""
    },
    {
      "filePath": "\/Users\/runner\/work\/1\/s\/Frameworks\/Bluetooth\/Bluetooth\/BluetoothDeviceProvider.swift",
      "kind": "StringLiteral",
      "offset": 3237,
      "length": 29,
      "value": "\"XCTestConfigurationFilePath\""
    },
    {
      "filePath": "\/Users\/runner\/work\/1\/s\/Frameworks\/Bluetooth\/Bluetooth\/BluetoothDeviceProvider.swift",
      "kind": "StringLiteral",
      "offset": 3681,
      "length": 61,
      "value": "\"Not attempting connection since already \""
    },
    {
      "filePath": "\/Users\/runner\/work\/1\/s\/Frameworks\/Bluetooth\/Bluetooth\/BluetoothDeviceProvider.swift",
      "kind": "StringLiteral",
      "offset": 3741,
      "length": 2,
      "value": "\"\""
    },
    {
      "filePath": "\/Users\/runner\/work\/1\/s\/Frameworks\/Bluetooth\/Bluetooth\/BluetoothDeviceProvider.swift",
      "kind": "BooleanLiteral",
      "offset": 3772,
      "length": 5,
      "value": "false"
    },
    {
      "filePath": "\/Users\/runner\/work\/1\/s\/Frameworks\/Bluetooth\/Bluetooth\/BluetoothDeviceProvider.swift",
      "kind": "StringLiteral",
      "offset": 3937,
      "length": 61,
      "value": "\"Not attempting connection since already \""
    },
    {
      "filePath": "\/Users\/runner\/work\/1\/s\/Frameworks\/Bluetooth\/Bluetooth\/BluetoothDeviceProvider.swift",
      "kind": "StringLiteral",
      "offset": 3997,
      "length": 2,
      "value": "\"\""
    },
    {
      "filePath": "\/Users\/runner\/work\/1\/s\/Frameworks\/Bluetooth\/Bluetooth\/BluetoothDeviceProvider.swift",
      "kind": "BooleanLiteral",
      "offset": 4028,
      "length": 4,
      "value": "true"
    },
    {
      "filePath": "\/Users\/runner\/work\/1\/s\/Frameworks\/Bluetooth\/Bluetooth\/BluetoothDeviceProvider.swift",
      "kind": "StringLiteral",
      "offset": 4184,
      "length": 78,
      "value": "\"Attempting connection to \""
    },
    {
      "filePath": "\/Users\/runner\/work\/1\/s\/Frameworks\/Bluetooth\/Bluetooth\/BluetoothDeviceProvider.swift",
      "kind": "StringLiteral",
      "offset": 4261,
      "length": 2,
      "value": "\"\""
    },
    {
      "filePath": "\/Users\/runner\/work\/1\/s\/Frameworks\/Bluetooth\/Bluetooth\/BluetoothDeviceProvider.swift",
      "kind": "BooleanLiteral",
      "offset": 5378,
      "length": 5,
      "value": "false"
    },
    {
      "filePath": "\/Users\/runner\/work\/1\/s\/Frameworks\/Bluetooth\/Bluetooth\/BluetoothDeviceProvider.swift",
      "kind": "StringLiteral",
      "offset": 5622,
      "length": 29,
      "value": "\"XCTestConfigurationFilePath\""
    },
    {
      "filePath": "\/Users\/runner\/work\/1\/s\/Frameworks\/Bluetooth\/Bluetooth\/BluetoothDeviceProvider.swift",
      "kind": "StringLiteral",
      "offset": 5809,
      "length": 51,
      "value": "\"Location permission status: \""
    },
    {
      "filePath": "\/Users\/runner\/work\/1\/s\/Frameworks\/Bluetooth\/Bluetooth\/BluetoothDeviceProvider.swift",
      "kind": "StringLiteral",
      "offset": 5859,
      "length": 2,
      "value": "\"\""
    },
    {
      "filePath": "\/Users\/runner\/work\/1\/s\/Frameworks\/Bluetooth\/Bluetooth\/BluetoothDeviceProvider.swift",
      "kind": "StringLiteral",
      "offset": 8989,
      "length": 88,
      "value": "\"Bluetooth permission status: \""
    },
    {
      "filePath": "\/Users\/runner\/work\/1\/s\/Frameworks\/Bluetooth\/Bluetooth\/BluetoothDeviceProvider.swift",
      "kind": "StringLiteral",
      "offset": 9076,
      "length": 2,
      "value": "\"\""
    },
    {
      "filePath": "\/Users\/runner\/work\/1\/s\/Frameworks\/Bluetooth\/Bluetooth\/BluetoothDeviceProvider.swift",
      "kind": "BooleanLiteral",
      "offset": 9323,
      "length": 4,
      "value": "true"
    },
    {
      "filePath": "\/Users\/runner\/work\/1\/s\/Frameworks\/Bluetooth\/Bluetooth\/BluetoothDeviceProvider.swift",
      "kind": "StringLiteral",
      "offset": 10138,
      "length": 48,
      "value": "\"Connection error: \""
    },
    {
      "filePath": "\/Users\/runner\/work\/1\/s\/Frameworks\/Bluetooth\/Bluetooth\/BluetoothDeviceProvider.swift",
      "kind": "StringLiteral",
      "offset": 10185,
      "length": 2,
      "value": "\"\""
    },
    {
      "filePath": "\/Users\/runner\/work\/1\/s\/Frameworks\/Bluetooth\/Bluetooth\/BluetoothDeviceProvider.swift",
      "kind": "BooleanLiteral",
      "offset": 10551,
      "length": 4,
      "value": "true"
    },
    {
      "filePath": "\/Users\/runner\/work\/1\/s\/Frameworks\/Bluetooth\/Bluetooth\/BluetoothDeviceProvider.swift",
      "kind": "BooleanLiteral",
      "offset": 10721,
      "length": 4,
      "value": "true"
    },
    {
      "filePath": "\/Users\/runner\/work\/1\/s\/Frameworks\/Bluetooth\/Bluetooth\/BluetoothDeviceProvider.swift",
      "kind": "BooleanLiteral",
      "offset": 10762,
      "length": 4,
      "value": "true"
    },
    {
      "filePath": "\/Users\/runner\/work\/1\/s\/Frameworks\/Bluetooth\/Bluetooth\/BluetoothDeviceProvider.swift",
      "kind": "BooleanLiteral",
      "offset": 11378,
      "length": 4,
      "value": "true"
    },
    {
      "filePath": "\/Users\/runner\/work\/1\/s\/Frameworks\/Bluetooth\/Bluetooth\/BluetoothDeviceProvider.swift",
      "kind": "StringLiteral",
      "offset": 13052,
      "length": 73,
      "value": "\"Attempt to automatically connect to beacon success state: \""
    },
    {
      "filePath": "\/Users\/runner\/work\/1\/s\/Frameworks\/Bluetooth\/Bluetooth\/BluetoothDeviceProvider.swift",
      "kind": "StringLiteral",
      "offset": 13124,
      "length": 2,
      "value": "\"\""
    },
    {
      "filePath": "\/Users\/runner\/work\/1\/s\/Frameworks\/Bluetooth\/Bluetooth\/BluetoothDeviceProvider.swift",
      "kind": "StringLiteral",
      "offset": 270,
      "length": 23,
      "value": "\"IMSBluetooth.BluetoothDeviceProvider\""
    }
  ]
}