{
  "ABIRoot": {
    "kind": "Root",
    "name": "TopLevel",
    "printedName": "TopLevel",
    "children": [
      {
        "kind": "Import",
        "name": "Foundation",
        "printedName": "Foundation",
        "declKind": "Import",
        "moduleName": "IMSPermissions",
        "declAttributes": [
          "RawDocComment"
        ]
      },
      {
        "kind": "Import",
        "name": "Primitives",
        "printedName": "Primitives",
        "declKind": "Import",
        "moduleName": "IMSPermissions"
      },
      {
        "kind": "Import",
        "name": "IMSInterfaces",
        "printedName": "IMSInterfaces",
        "declKind": "Import",
        "moduleName": "IMSPermissions"
      },
      {
        "kind": "TypeDecl",
        "name": "PermissionManager",
        "printedName": "PermissionManager",
        "children": [
          {
            "kind": "Var",
            "name": "statusHandler",
            "printedName": "statusHandler",
            "children": [
              {
                "kind": "TypeNominal",
                "name": "Optional",
                "printedName": "((Primitives.PermissionStatus) -> ())?",
                "children": [
                  {
                    "kind": "TypeFunc",
                    "name": "Function",
                    "printedName": "(Primitives.PermissionStatus) -> ()",
                    "children": [
                      {
                        "kind": "TypeNominal",
                        "name": "Void",
                        "printedName": "()"
                      },
                      {
                        "kind": "TypeNominal",
                        "name": "PermissionStatus",
                        "printedName": "Primitives.PermissionStatus",
                        "usr": "s:10Primitives16PermissionStatusO"
                      }
                    ]
                  }
                ],
                "usr": "s:Sq"
              }
            ],
            "declKind": "Var",
            "usr": "s:14IMSPermissions17PermissionManagerC13statusHandlery10Primitives0B6StatusOcSgvp",
            "mangledName": "$s14IMSPermissions17PermissionManagerC13statusHandlery10Primitives0B6StatusOcSgvp",
            "moduleName": "IMSPermissions",
            "declAttributes": [
              "HasInitialValue",
              "HasStorage",
              "AccessControl"
            ],
            "hasStorage": true,
            "accessors": [
              {
                "kind": "Accessor",
                "name": "Get",
                "printedName": "Get()",
                "children": [
                  {
                    "kind": "TypeNominal",
                    "name": "Optional",
                    "printedName": "((Primitives.PermissionStatus) -> ())?",
                    "children": [
                      {
                        "kind": "TypeFunc",
                        "name": "Function",
                        "printedName": "(Primitives.PermissionStatus) -> ()",
                        "children": [
                          {
                            "kind": "TypeNominal",
                            "name": "Void",
                            "printedName": "()"
                          },
                          {
                            "kind": "TypeNominal",
                            "name": "PermissionStatus",
                            "printedName": "Primitives.PermissionStatus",
                            "usr": "s:10Primitives16PermissionStatusO"
                          }
                        ]
                      }
                    ],
                    "usr": "s:Sq"
                  }
                ],
                "declKind": "Accessor",
                "usr": "s:14IMSPermissions17PermissionManagerC13statusHandlery10Primitives0B6StatusOcSgvg",
                "mangledName": "$s14IMSPermissions17PermissionManagerC13statusHandlery10Primitives0B6StatusOcSgvg",
                "moduleName": "IMSPermissions",
                "implicit": true,
                "accessorKind": "get"
              },
              {
                "kind": "Accessor",
                "name": "Set",
                "printedName": "Set()",
                "children": [
                  {
                    "kind": "TypeNominal",
                    "name": "Void",
                    "printedName": "()"
                  },
                  {
                    "kind": "TypeNominal",
                    "name": "Optional",
                    "printedName": "((Primitives.PermissionStatus) -> ())?",
                    "children": [
                      {
                        "kind": "TypeFunc",
                        "name": "Function",
                        "printedName": "(Primitives.PermissionStatus) -> ()",
                        "children": [
                          {
                            "kind": "TypeNominal",
                            "name": "Void",
                            "printedName": "()"
                          },
                          {
                            "kind": "TypeNominal",
                            "name": "PermissionStatus",
                            "printedName": "Primitives.PermissionStatus",
                            "usr": "s:10Primitives16PermissionStatusO"
                          }
                        ]
                      }
                    ],
                    "usr": "s:Sq"
                  }
                ],
                "declKind": "Accessor",
                "usr": "s:14IMSPermissions17PermissionManagerC13statusHandlery10Primitives0B6StatusOcSgvs",
                "mangledName": "$s14IMSPermissions17PermissionManagerC13statusHandlery10Primitives0B6StatusOcSgvs",
                "moduleName": "IMSPermissions",
                "implicit": true,
                "accessorKind": "set"
              },
              {
                "kind": "Accessor",
                "name": "Modify",
                "printedName": "Modify()",
                "children": [
                  {
                    "kind": "TypeNominal",
                    "name": "Void",
                    "printedName": "()"
                  }
                ],
                "declKind": "Accessor",
                "usr": "s:14IMSPermissions17PermissionManagerC13statusHandlery10Primitives0B6StatusOcSgvM",
                "mangledName": "$s14IMSPermissions17PermissionManagerC13statusHandlery10Primitives0B6StatusOcSgvM",
                "moduleName": "IMSPermissions",
                "implicit": true,
                "accessorKind": "_modify"
              }
            ]
          },
          {
            "kind": "Var",
            "name": "requiredPermissions",
            "printedName": "requiredPermissions",
            "children": [
              {
                "kind": "TypeNominal",
                "name": "Set",
                "printedName": "Swift.Set<Primitives.PermissionType>",
                "children": [
                  {
                    "kind": "TypeNominal",
                    "name": "PermissionType",
                    "printedName": "Primitives.PermissionType",
                    "usr": "s:10Primitives14PermissionTypeO"
                  }
                ],
                "usr": "s:Sh"
              }
            ],
            "declKind": "Var",
            "usr": "s:14IMSPermissions17PermissionManagerC19requiredPermissionsShy10Primitives0B4TypeOGvp",
            "mangledName": "$s14IMSPermissions17PermissionManagerC19requiredPermissionsShy10Primitives0B4TypeOGvp",
            "moduleName": "IMSPermissions",
            "declAttributes": [
              "HasInitialValue",
              "HasStorage",
              "SetterAccess",
              "AccessControl"
            ],
            "hasStorage": true,
            "accessors": [
              {
                "kind": "Accessor",
                "name": "Get",
                "printedName": "Get()",
                "children": [
                  {
                    "kind": "TypeNominal",
                    "name": "Set",
                    "printedName": "Swift.Set<Primitives.PermissionType>",
                    "children": [
                      {
                        "kind": "TypeNominal",
                        "name": "PermissionType",
                        "printedName": "Primitives.PermissionType",
                        "usr": "s:10Primitives14PermissionTypeO"
                      }
                    ],
                    "usr": "s:Sh"
                  }
                ],
                "declKind": "Accessor",
                "usr": "s:14IMSPermissions17PermissionManagerC19requiredPermissionsShy10Primitives0B4TypeOGvg",
                "mangledName": "$s14IMSPermissions17PermissionManagerC19requiredPermissionsShy10Primitives0B4TypeOGvg",
                "moduleName": "IMSPermissions",
                "implicit": true,
                "accessorKind": "get"
              }
            ]
          },
          {
            "kind": "Var",
            "name": "permissionProviders",
            "printedName": "permissionProviders",
            "children": [
              {
                "kind": "TypeNominal",
                "name": "Dictionary",
                "printedName": "[Primitives.PermissionType : IMSInterfaces.PermissionsProvidable]",
                "children": [
                  {
                    "kind": "TypeNominal",
                    "name": "PermissionType",
                    "printedName": "Primitives.PermissionType",
                    "usr": "s:10Primitives14PermissionTypeO"
                  },
                  {
                    "kind": "TypeNominal",
                    "name": "PermissionsProvidable",
                    "printedName": "IMSInterfaces.PermissionsProvidable",
                    "usr": "s:13IMSInterfaces21PermissionsProvidableP"
                  }
                ],
                "usr": "s:SD"
              }
            ],
            "declKind": "Var",
            "usr": "s:14IMSPermissions17PermissionManagerC19permissionProvidersSDy10Primitives0B4TypeO13IMSInterfaces21PermissionsProvidable_pGvp",
            "mangledName": "$s14IMSPermissions17PermissionManagerC19permissionProvidersSDy10Primitives0B4TypeO13IMSInterfaces21PermissionsProvidable_pGvp",
            "moduleName": "IMSPermissions",
            "declAttributes": [
              "HasInitialValue",
              "HasStorage",
              "SetterAccess",
              "AccessControl"
            ],
            "hasStorage": true,
            "accessors": [
              {
                "kind": "Accessor",
                "name": "Get",
                "printedName": "Get()",
                "children": [
                  {
                    "kind": "TypeNominal",
                    "name": "Dictionary",
                    "printedName": "[Primitives.PermissionType : IMSInterfaces.PermissionsProvidable]",
                    "children": [
                      {
                        "kind": "TypeNominal",
                        "name": "PermissionType",
                        "printedName": "Primitives.PermissionType",
                        "usr": "s:10Primitives14PermissionTypeO"
                      },
                      {
                        "kind": "TypeNominal",
                        "name": "PermissionsProvidable",
                        "printedName": "IMSInterfaces.PermissionsProvidable",
                        "usr": "s:13IMSInterfaces21PermissionsProvidableP"
                      }
                    ],
                    "usr": "s:SD"
                  }
                ],
                "declKind": "Accessor",
                "usr": "s:14IMSPermissions17PermissionManagerC19permissionProvidersSDy10Primitives0B4TypeO13IMSInterfaces21PermissionsProvidable_pGvg",
                "mangledName": "$s14IMSPermissions17PermissionManagerC19permissionProvidersSDy10Primitives0B4TypeO13IMSInterfaces21PermissionsProvidable_pGvg",
                "moduleName": "IMSPermissions",
                "implicit": true,
                "accessorKind": "get"
              }
            ]
          },
          {
            "kind": "Constructor",
            "name": "init",
            "printedName": "init()",
            "children": [
              {
                "kind": "TypeNominal",
                "name": "PermissionManager",
                "printedName": "IMSPermissions.PermissionManager",
                "usr": "s:14IMSPermissions17PermissionManagerC"
              }
            ],
            "declKind": "Constructor",
            "usr": "s:14IMSPermissions17PermissionManagerCACycfc",
            "mangledName": "$s14IMSPermissions17PermissionManagerCACycfc",
            "moduleName": "IMSPermissions",
            "declAttributes": [
              "AccessControl"
            ],
            "init_kind": "Designated"
          },
          {
            "kind": "Function",
            "name": "addPermissionProvider",
            "printedName": "addPermissionProvider(_:isRequired:)",
            "children": [
              {
                "kind": "TypeNominal",
                "name": "Void",
                "printedName": "()"
              },
              {
                "kind": "TypeNominal",
                "name": "PermissionsProvidable",
                "printedName": "IMSInterfaces.PermissionsProvidable",
                "usr": "s:13IMSInterfaces21PermissionsProvidableP"
              },
              {
                "kind": "TypeNominal",
                "name": "Bool",
                "printedName": "Swift.Bool",
                "usr": "s:Sb"
              }
            ],
            "declKind": "Func",
            "usr": "s:14IMSPermissions17PermissionManagerC03addB8Provider_10isRequiredy13IMSInterfaces21PermissionsProvidable_p_SbtF",
            "mangledName": "$s14IMSPermissions17PermissionManagerC03addB8Provider_10isRequiredy13IMSInterfaces21PermissionsProvidable_p_SbtF",
            "moduleName": "IMSPermissions",
            "declAttributes": [
              "AccessControl"
            ],
            "funcSelfKind": "NonMutating"
          },
          {
            "kind": "Function",
            "name": "getPermissionStatus",
            "printedName": "getPermissionStatus(for:)",
            "children": [
              {
                "kind": "TypeNominal",
                "name": "PermissionStatus",
                "printedName": "Primitives.PermissionStatus",
                "usr": "s:10Primitives16PermissionStatusO"
              },
              {
                "kind": "TypeNominal",
                "name": "PermissionType",
                "printedName": "Primitives.PermissionType",
                "usr": "s:10Primitives14PermissionTypeO"
              }
            ],
            "declKind": "Func",
            "usr": "s:14IMSPermissions17PermissionManagerC03getB6Status3for10Primitives0bE0OAF0B4TypeO_tF",
            "mangledName": "$s14IMSPermissions17PermissionManagerC03getB6Status3for10Primitives0bE0OAF0B4TypeO_tF",
            "moduleName": "IMSPermissions",
            "declAttributes": [
              "AccessControl"
            ],
            "funcSelfKind": "NonMutating"
          },
          {
            "kind": "Var",
            "name": "hasRequiredPermissions",
            "printedName": "hasRequiredPermissions",
            "children": [
              {
                "kind": "TypeNominal",
                "name": "Bool",
                "printedName": "Swift.Bool",
                "usr": "s:Sb"
              }
            ],
            "declKind": "Var",
            "usr": "s:14IMSPermissions17PermissionManagerC22hasRequiredPermissionsSbvp",
            "mangledName": "$s14IMSPermissions17PermissionManagerC22hasRequiredPermissionsSbvp",
            "moduleName": "IMSPermissions",
            "declAttributes": [
              "AccessControl"
            ],
            "accessors": [
              {
                "kind": "Accessor",
                "name": "Get",
                "printedName": "Get()",
                "children": [
                  {
                    "kind": "TypeNominal",
                    "name": "Bool",
                    "printedName": "Swift.Bool",
                    "usr": "s:Sb"
                  }
                ],
                "declKind": "Accessor",
                "usr": "s:14IMSPermissions17PermissionManagerC22hasRequiredPermissionsSbvg",
                "mangledName": "$s14IMSPermissions17PermissionManagerC22hasRequiredPermissionsSbvg",
                "moduleName": "IMSPermissions",
                "accessorKind": "get"
              }
            ]
          },
          {
            "kind": "Function",
            "name": "notifyCurrentPermissionsStatus",
            "printedName": "notifyCurrentPermissionsStatus()",
            "children": [
              {
                "kind": "TypeNominal",
                "name": "Void",
                "printedName": "()"
              }
            ],
            "declKind": "Func",
            "usr": "s:14IMSPermissions17PermissionManagerC30notifyCurrentPermissionsStatusyyF",
            "mangledName": "$s14IMSPermissions17PermissionManagerC30notifyCurrentPermissionsStatusyyF",
            "moduleName": "IMSPermissions",
            "declAttributes": [
              "AccessControl"
            ],
            "funcSelfKind": "NonMutating"
          },
          {
            "kind": "Var",
            "name": "description",
            "printedName": "description",
            "children": [
              {
                "kind": "TypeNominal",
                "name": "String",
                "printedName": "Swift.String",
                "usr": "s:SS"
              }
            ],
            "declKind": "Var",
            "usr": "s:14IMSPermissions17PermissionManagerC11descriptionSSvp",
            "mangledName": "$s14IMSPermissions17PermissionManagerC11descriptionSSvp",
            "moduleName": "IMSPermissions",
            "declAttributes": [
              "AccessControl"
            ],
            "accessors": [
              {
                "kind": "Accessor",
                "name": "Get",
                "printedName": "Get()",
                "children": [
                  {
                    "kind": "TypeNominal",
                    "name": "String",
                    "printedName": "Swift.String",
                    "usr": "s:SS"
                  }
                ],
                "declKind": "Accessor",
                "usr": "s:14IMSPermissions17PermissionManagerC11descriptionSSvg",
                "mangledName": "$s14IMSPermissions17PermissionManagerC11descriptionSSvg",
                "moduleName": "IMSPermissions",
                "accessorKind": "get"
              }
            ]
          }
        ],
        "declKind": "Class",
        "usr": "s:14IMSPermissions17PermissionManagerC",
        "mangledName": "$s14IMSPermissions17PermissionManagerC",
        "moduleName": "IMSPermissions",
        "declAttributes": [
          "AccessControl"
        ],
        "conformances": [
          {
            "kind": "Conformance",
            "name": "PermissionManageable",
            "printedName": "PermissionManageable",
            "usr": "s:13IMSInterfaces20PermissionManageableP",
            "mangledName": "$s13IMSInterfaces20PermissionManageableP"
          },
          {
            "kind": "Conformance",
            "name": "CustomStringConvertible",
            "printedName": "CustomStringConvertible",
            "usr": "s:s23CustomStringConvertibleP",
            "mangledName": "$ss23CustomStringConvertibleP"
          }
        ]
      }
    ],
    "json_format_version": 8
  },
  "ConstValues": [
    {
      "filePath": "\/Users\/runner\/work\/1\/s\/Frameworks\/Permissions\/IMSPermissions\/PermissionManager.swift",
      "kind": "Array",
      "offset": 425,
      "length": 2,
      "value": "[]"
    },
    {
      "filePath": "\/Users\/runner\/work\/1\/s\/Frameworks\/Permissions\/IMSPermissions\/PermissionManager.swift",
      "kind": "Dictionary",
      "offset": 519,
      "length": 3,
      "value": "[]"
    },
    {
      "filePath": "\/Users\/runner\/work\/1\/s\/Frameworks\/Permissions\/IMSPermissions\/PermissionManager.swift",
      "kind": "BooleanLiteral",
      "offset": 1381,
      "length": 5,
      "value": "false"
    },
    {
      "filePath": "\/Users\/runner\/work\/1\/s\/Frameworks\/Permissions\/IMSPermissions\/PermissionManager.swift",
      "kind": "StringLiteral",
      "offset": 1701,
      "length": 89,
      "value": "\"Required: \""
    },
    {
      "filePath": "\/Users\/runner\/work\/1\/s\/Frameworks\/Permissions\/IMSPermissions\/PermissionManager.swift",
      "kind": "StringLiteral",
      "offset": 1729,
      "length": 1,
      "value": "\", hasPermission: \""
    },
    {
      "filePath": "\/Users\/runner\/work\/1\/s\/Frameworks\/Permissions\/IMSPermissions\/PermissionManager.swift",
      "kind": "StringLiteral",
      "offset": 1789,
      "length": 1,
      "value": "\"\""
    },
    {
      "filePath": "\/Users\/runner\/work\/1\/s\/Frameworks\/Permissions\/IMSPermissions\/PermissionManager.swift",
      "kind": "StringLiteral",
      "offset": 1819,
      "length": 4,
      "value": "\"; \""
    }
  ]
}