{
  "dwEOLEnabled": false,
  "dwFAQsEnabled": false,
  "dwFindAndCombineEnabled": true,
  "dwSimpleWealthEnabled": true,
  "dwSimpleWealthDigitalAdviceEnabled": true,
  "dwIsaApplyDirectNativeFlowEnabled": false,
  "dwIsaApplySimpleWealthNativeFlowEnabled": true,
  "dwIsaApplySimpleWealthIgnoreCIDocFail": false,
  "dwIsaApplySimpleWealthIgnoreEligibility": false,
  "dwIsaApplyBypassSubmitApiLogic": false,
  "dwPCSAllowMultiSelect": false,
  "dwSIPPPensionEditEnabled": true,
  "dwVirtualAssistantEnabled": true,
  "myDriveOnboardingComplete": false,
  "myDriveUseMockData": false,
  "simpleWealthPopupEnabled": false
}
