{
	"id": 0,
	"name": "@santander/flame-component-library",
	"kind": 0,
	"flags": {},
	"children": [
		{
			"id": 1,
			"name": "\"top-bar.component\"",
			"kind": 1,
			"kindString": "External module",
			"flags": {
				"isExported": true
			},
			"originalName": "/Users/mlmv/Workspace/SANTANDER/flame-santander/flame-workspace/libs/flame-component-library/src/lib/molecules/top-bar/top-bar.component.ts",
			"children": [
				{
					"id": 2,
					"name": "TopBarComponent",
					"kind": 128,
					"kindString": "Class",
					"flags": {
						"isExported": true
					},
					"decorators": [
						{
							"name": "Component",
							"type": {
								"type": "reference",
								"name": "Component"
							},
							"arguments": {
								"obj": "{\n\tselector: 'sn-top-bar',\n\ttemplate: `\n\t\t<header>\n\t\t\t<nav theme class=\"navbar\">\n\t\t\t\t<div><ng-content select=\"[left]\"></ng-content></div>\n\t\t\t\t<div select=\"[center]\">{{ title }}</div>\n\t\t\t\t<div><ng-content select=\"[right]\"></ng-content></div>\n\t\t\t</nav>\n\t\t</header>\n\t`,\n\tstyleUrls: ['./top-bar.component.scss']\n}"
							}
						}
					],
					"children": [
						{
							"id": 5,
							"name": "constructor",
							"kind": 512,
							"kindString": "Constructor",
							"flags": {
								"isExported": true
							},
							"signatures": [
								{
									"id": 6,
									"name": "new TopBarComponent",
									"kind": 16384,
									"kindString": "Constructor signature",
									"flags": {},
									"type": {
										"type": "reference",
										"name": "TopBarComponent",
										"id": 2
									}
								}
							],
							"sources": [
								{
									"fileName": "top-bar.component.ts",
									"line": 18,
									"character": 24
								}
							]
						},
						{
							"id": 4,
							"name": "color",
							"kind": 1024,
							"kindString": "Property",
							"flags": {
								"isExported": true
							},
							"decorators": [
								{
									"name": "Input",
									"type": {
										"type": "reference",
										"name": "Input"
									},
									"arguments": {}
								}
							],
							"sources": [
								{
									"fileName": "top-bar.component.ts",
									"line": 18,
									"character": 15
								}
							],
							"type": {
								"type": "intrinsic",
								"name": "string"
							}
						},
						{
							"id": 3,
							"name": "title",
							"kind": 1024,
							"kindString": "Property",
							"flags": {
								"isExported": true
							},
							"decorators": [
								{
									"name": "Input",
									"type": {
										"type": "reference",
										"name": "Input"
									},
									"arguments": {}
								}
							],
							"sources": [
								{
									"fileName": "top-bar.component.ts",
									"line": 17,
									"character": 15
								}
							],
							"type": {
								"type": "intrinsic",
								"name": "string"
							}
						}
					],
					"groups": [
						{
							"title": "Constructors",
							"kind": 512,
							"children": [5]
						},
						{
							"title": "Properties",
							"kind": 1024,
							"children": [4, 3]
						}
					],
					"sources": [
						{
							"fileName": "top-bar.component.ts",
							"line": 16,
							"character": 28
						}
					]
				}
			],
			"groups": [
				{
					"title": "Classes",
					"kind": 128,
					"children": [2]
				}
			],
			"sources": [
				{
					"fileName": "top-bar.component.ts",
					"line": 1,
					"character": 0
				}
			]
		}
	],
	"groups": [
		{
			"title": "External modules",
			"kind": 1,
			"children": [1]
		}
	]
}
