{
  "oauthToken": {
    "access_token": "MTQ0NjJkZmQ5OTM2NDE1ZTZjNGZmZjI3",
    "token_type": "Bearer",
    "expires_in": 20000000,
    "refresh_token": "IwOGYzYTlmM2YxOTQ5MGE3YmNmMDFkNTVk",
    "scope": "summary_1.0.0 accounts_1.0.0"
  },
  "accountSummary": {
    "data": [
      {
        "key": "056722751246",
        "display_number": "00*384",
        "alias": "MI SUPER NOMINA",
        "url": "/accounts/{key}",
        "image_url": "2517",
        "balance": {
          "amount": 98918.5,
          "currency_code": "MXN"
        }
      },
      {
        "key": "056722733565",
        "display_number": "0*484",
        "alias": "MI CUENTA PRINCIPAL",
        "url": "/accounts/{key}",
        "image_url": "2523",
        "balance": {
          "amount": 12122.5,
          "currency_code": "MXN"
        }
      },
      {
        "key": "056722733565",
        "display_number": "0*484",
        "alias": "MI CUENTA PRINCIPAL",
        "url": "/accounts/{key}",
        "image_url": "74110101010",
        "balance": {
          "amount": 12423.5,
          "currency_code": "MXN"
        }
      },
      {
        "key": "056722751246",
        "display_number": "00*384",
        "alias": "MI SUPER NOMINA",
        "url": "/accounts/{key}",
        "image_url": "2517",
        "balance": {
          "amount": 0,
          "currency_code": "MXN"
        }
      },
      {
        "key": "056722751246",
        "display_number": "00*384",
        "alias": "MI SUPER NOMINA",
        "url": "/accounts/{key}",
        "image_url": "2517",
        "balance": {
          "amount": 12,
          "currency_code": "USD"
        }
      }
    ],
    "paging": {
      "next_cursor_key": "10"
    }
  },
  "summary": {
    "data": [
      {
        "accountDisplay": 1,
        "accountAlias": "Super cuenta nómina",
        "customer": null,
        "balance": [
          {
            "amount": "850,000,000.50",
            "currency": "MXN"
          }
        ]
      },
      {
        "accountDisplay": 1,
        "accountAlias": "Super cuenta dígital",
        "customer": null,
        "balance": [
          {
            "amount": "1,400.00",
            "currency": "MXN"
          }
        ]
      },
      {
        "accountDisplay": 1,
        "accountAlias": "Super cuenta cheques pagos fijos",
        "customer": null,
        "balance": [
          {
            "amount": "450,223.00",
            "currency": "MXN"
          }
        ]
      }
    ],
    "notificationErrors": null
  },
  "summaryBaas": {
    "data": [
      {
        "category_name": "CHECKING_ACCOUNTS",
        "total_balance": {
          "currency_code": "MXN",
          "amount": 69827.78
        },
        "products": [
          {
            "key": "056722751246",
            "alias": "MI ALIAS SUPER NOMINA",
            "description": "SUPER NOMINA",
            "url": null,
            "image_url": "74110101010",
            "display_number": "************4122",
            "related_phone": "*1234",
            "status": "AVAILABLE",
            "balance": {
              "currency_code": "MXN",
              "amount": 69827.78
            }
          },
          {
            "key": "056722733565",
            "alias": "Santander select",
            "description": "Nomina select",
            "url": null,
            "image_url": "74110101010",
            "display_number": "*4122",
            "related_phone": "*4567",
            "status": "AVAILABLE",
            "balance": {
              "currency_code": "MXN",
              "amount": 69.98
            }
          },
          {
            "key": "056722734026",
            "alias": null,
            "description": "SUPER NOMINA",
            "url": null,
            "image_url": "2517",
            "display_number": "56*3356",
            "related_phone": "*8901",
            "status": "AVAILABLE",
            "balance": {
              "currency_code": "USD",
              "amount": 0
            }
          }
        ]
      },
      {
        "category_name": "CREDIT_CARDS",
        "total_balance": {
          "currency_code": "MXN",
          "amount": 85399.66
        },
        "products": [
          {
            "key": "4e20fbb243684d9eb19ff33a50ee422e",
            "alias": null,
            "description": "BLACK",
            "url": null,
            "image_url": "74110101010",
            "display_number": "*3699",
            "related_phone": null,
            "status": "AVAILABLE",
            "balance": {
              "currency_code": "MXN",
              "amount": 1812.1
            }
          },
          {
            "key": "1b10lop243683d9eb19ff33a50ee345a",
            "alias": null,
            "description": "SUPER NOMINA",
            "url": null,
            "image_url": "2517",
            "display_number": "*9981",
            "related_phone": null,
            "status": "AVAILABLE",
            "balance": {
              "currency_code": "MXN",
              "amount": -22038.1
            }
          }
        ]
      },
      {
        "category_name": "GROWING_MONEY",
        "total_balance": 3401954.06,
        "products": [
          {
            "key": "056515888469",
            "alias": null,
            "description": "SUPER NOMINA",
            "url": null,
            "image_url": null,
            "display_number": "05*8469",
            "related_phone": null,
            "status": null,
            "balance": {
              "currency_code": "MXN",
              "amount": 1183062.17
            }
          },
          {
            "key": "056515888546",
            "alias": null,
            "description": "SUPER NOMINA",
            "url": null,
            "image_url": null,
            "display_number": "05*8546",
            "related_phone": null,
            "status": null,
            "balance": {
              "currency_code": "MXN",
              "amount": 2218891.89
            }
          }
        ]
      },
      {
        "category_name": "INVESTMENT_MONEY",
        "total_balance": {
          "currency_code": "MXN",
          "amount": 5000
        },
        "products": [
          {
            "key": "556565665e",
            "alias": null,
            "description": "Inversión digital",
            "url": null,
            "image_url": null,
            "display_number": "12*8912",
            "related_phone": null,
            "status": "AVAILABLE",
            "balance": {
              "currency_code": "MXN",
              "amount": 5000
            }
          }
        ]
      }
    ],
    "notifications": null,
    "paging": null
  },
  "summary_1-0-0": {
    "data": [
      {
        "key": "MDAwMDEyMzQ1fDAxfDAxMTAy",
        "category": "CHECKING_ACCOUNTS",
        "alias": "Santander select MOCK",
        "description": "Super nomina MOCK",
        "status": "ACTIVE",
        "url": "/accounts/{key}",
        "display_number": "*1234",
        "related_cards": [
          {
            "key": "MDAwMDEyMzQ1fDAxfDAxMTA1",
            "relation_type": "PRIMARY",
            "display_number": "*1234",
            "status": "ACTIVATION_PENDING",
            "holder_name": "GEOVANNY VIRGEN LUNA",
            "image_url": "/image.png",
            "url": "/cards/{card-key}"
          },
          {
            "key": "MDAwMDEyMzQ1fDAxfDAxMTAe",
            "relation_type": "SECONDARY",
            "display_number": "*5678",
            "status": "ACTIVATION_PENDING",
            "holder_name": "GEOVANNY VIRGEN LUNA",
            "image_url": "/image.png",
            "url": "/cards/{card-key}"
          }
        ],
        "balance": {
          "currency_code": "MXN",
          "amount": 69.69
        }
      },
      {
        "key": "OTQ4MzcwNTM3fDAyfDUyOTQ4",
        "category": "CREDIT_CARDS",
        "alias": null,
        "description": "BLACK MOCK",
        "status": "ACTIVE",
        "url": "/accounts/{key}",
        "display_number": "*6969",
        "related_cards": [
          {
            "key": "OTQ4MzcwNTM3fDAyfDUyOTQ4",
            "relation_type": "PRIMARY",
            "display_number": "*6969",
            "status": "ACTIVATION_PENDING",
            "holder_name": "GEOVANNY VIRGEN LUNA",
            "image_url": "74110101010",
            "url": "/cards/{card-key}"
          },
          {
            "key": "OTQ4MzcwNTM3fDAyfDUyOTQ4",
            "relation_type": "SECONDARY",
            "display_number": "*6969",
            "status": "ACTIVATION_PENDING",
            "holder_name": "GEOVANNY VIRGEN LUNA",
            "image_url": "74110101010",
            "url": "/cards/{card-key}"
          }
        ],
        "balance": {
          "currency_code": "MXN",
          "amount": 1812.1
        }
      },
      {
        "key": "MDAwMDEyMzQ1fDAxfDAxMTAz",
        "category": "CHECKING_ACCOUNTS",
        "alias": "Santander select",
        "description": "Super nomina",
        "status": "ACTIVE",
        "url": "/accounts/{key}",
        "display_number": "*4062",
        "related_cards": [
          {
            "key": "GUHwMDEyMzQ1fDAxfDAxLSJc",
            "relation_type": "PRIMARY",
            "display_number": "*0364",
            "status": "INACTIVE",
            "holder_name": "JOAN MANEL ROBREDO",
            "image_url": "/image.png",
            "url": "/cards/{card-key}"
          }
        ],
        "balance": {
          "currency_code": "MXN",
          "amount": 69.98
        }
      },
      {
        "key": "AdwAJahUAOojahPWI9a1AdojOJS",
        "category": "CHECKING_ACCOUNTS",
        "alias": "Mi cuenta",
        "description": "Super nomina",
        "status": "ACTIVE",
        "url": "/accounts/{key}",
        "display_number": "*2345",
        "related_cards": [
          {
            "key": "4e20fbb243684d9eb19ff33a50ee411e",
            "relation_type": "PRIMARY",
            "display_number": "*1204",
            "status": "ACTIVATION_PENDING",
            "holder_name": "LEONARDO PEREZ BELTRAN",
            "image_url": "74110101010",
            "url": "/cards/{card-key}"
          }
        ],
        "balance": {
          "currency_code": "MXN",
          "amount": 69827.78
        }
      },
      {
        "key": "AdwAJahUAOojahPWI9a1AdojOJ1",
        "category": "CHECKING_ACCOUNTS",
        "alias": "Mi cuenta extra",
        "description": "Super nomina",
        "status": "ACTIVE",
        "url": "/accounts/{key}",
        "display_number": "*8364",
        "related_cards": [
          {
            "key": "4e20fbb243684d9eb19ff33a50ee4441",
            "relation_type": "PRIMARY",
            "display_number": "*2593",
            "status": "INACTIVE",
            "holder_name": "GUSTAVO JUAREZ BERBER",
            "image_url": "74110101010",
            "url": "/cards/{card-key}"
          }
        ],
        "balance": {
          "currency_code": "MXN",
          "amount": 69827.78
        }
      },
      {
        "key": "OTgxMjUzMzQ1fDAyfDAyMTIy",
        "category": "CHECKING_ACCOUNTS",
        "alias": null,
        "description": "SUPER NOMINA",
        "status": "ACTIVE",
        "url": "/accounts/{key}",
        "display_number": "*2402",
        "related_cards": [
          {
            "key": "KYutMjUzMzQ1fDAyfDAeBRLe",
            "relation_type": "PRIMARY",
            "display_number": "*2900",
            "status": "INACTIVE",
            "holder_name": "JOSEFA MARIA VAYA",
            "image_url": "2517",
            "url": "/cards/{card-key}"
          }
        ],
        "balance": {
          "currency_code": "USD",
          "amount": 0
        }
      },
      {
        "key": "OTQ4MzcwNTM3fDAyfDUyOTQ5",
        "category": "CREDIT_CARDS",
        "alias": null,
        "description": "BLACK",
        "status": "ACTIVE",
        "url": "/accounts/{key}",
        "display_number": "*1698",
        "related_cards": [
          {
            "key": "OTQ4MzcwNTM3fDAyfDUyOTQ5",
            "relation_type": "ADDITIONAL",
            "display_number": "*6225",
            "status": "DEFINITIVE_LOCK",
            "holder_name": "PALMA REGUERO",
            "image_url": "74110101010",
            "url": "/cards/{card-key}"
          }
        ],
        "balance": {
          "currency_code": "MXN",
          "amount": -1812.1
        }
      },
      {
        "key": "MTczMDU3Mzk1N3wwMnwyNjQ6",
        "category": "CREDIT_CARDS",
        "alias": null,
        "description": "SUPER NOMINA",
        "status": "ACTIVE",
        "url": "/accounts/{key}",
        "display_number": "*0863",
        "related_cards": [
          {
            "key": "MTczMDU3Mzk1N3wwMnwyNjQ6",
            "relation_type": "ADDITIONAL",
            "display_number": "*1460",
            "status": "INACTIVE",
            "holder_name": "MANUEL SANTOS BELLA",
            "image_url": "2517",
            "url": "/cards/{card-key}"
          }
        ],
        "balance": {
          "currency_code": "MXN",
          "amount": 22038.1
        }
      },
      {
        "key": "NDYzOTY4Mzc5fDAyfDU3OTQ3",
        "category": "GROWING_MONEY",
        "alias": null,
        "description": "SUPER NOMINA",
        "status": "ACTIVE",
        "url": "/accounts/{key}",
        "display_number": "*9648",
        "related_cards": [
          {
            "key": "NDYzOTY4Mzc5fDAyfDU3OTQ8",
            "relation_type": "PRIMARY",
            "display_number": "*8073",
            "status": "INACTIVE",
            "holder_name": "JOSE ALEXIS GORDILLO",
            "image_url": null,
            "url": "/cards/{card-key}"
          }
        ],
        "balance": {
          "currency_code": "MXN",
          "amount": 1183062.17
        }
      },
      {
        "key": "NDYzOTY4Mzc5fDAyfDU3OTQ7",
        "category": "GROWING_MONEY",
        "alias": null,
        "description": "SUPER NOMINA",
        "status": "ACTIVE",
        "url": "/accounts/{key}",
        "display_number": "*1737",
        "related_cards": [
          {
            "key": "NDYzOTY4Mzc5fDAyfDU3OTQ2",
            "relation_type": "PRIMARY",
            "display_number": "*7369",
            "status": "INACTIVE",
            "holder_name": "EMERENCIANO DEL SOL",
            "image_url": null,
            "url": "/cards/{card-key}"
          }
        ],
        "balance": {
          "currency_code": "MXN",
          "amount": 2218891.89
        }
      }
    ],
    "notifications": [
      {
        "code": "E422CDNPAYRCPTG001",
        "message": "Something is invalid",
        "timestamp": "2019-11-26T21:09:38.520Z"
      }
    ],
    "paging": {
      "next_cursor_key": "10"
    }
  },
  "summaryBaas-mono-dollar": {
    "data": [
      {
        "category_name": "CHECKING_ACCOUNTS",
        "total_balance": {
          "currency_code": "USD",
          "amount": 2000
        },
        "products": [
          {
            "key": "056722733565",
            "alias": null,
            "description": "Ahorro",
            "url": null,
            "display_number": "32*9876",
            "related_phone": null,
            "status": "AVAILABLE",
            "balance": {
              "currency_code": "USD",
              "amount": 2000
            }
          }
        ]
      }
    ],
    "notifications": null,
    "paging": null
  },
  "summaryBaas-mono-tdc": {
    "data": [
      {
        "category_name": "CREDIT_CARDS",
        "total_balance": {
          "currency_code": "MXN",
          "amount": 30000
        },
        "products": [
          {
            "key": "4e20fbb243684d9eb19ff33a50ee422e",
            "alias": null,
            "description": "Aeroméxico Infinite",
            "url": null,
            "display_number": "*5678",
            "related_phone": null,
            "status": "AVAILABLE",
            "balance": {
              "currency_code": "MXN",
              "amount": 30000
            }
          }
        ]
      }
    ],
    "notifications": null,
    "paging": null
  },
  "credits-summary": {
    "data": [
      {
        "key": "OTQ4MzcwNTM3fDAyfDUyOTQ4",
        "name": "Aeromexico Blanca",
        "alias": "Rosa Marias Olvera/BPYTE",
        "status": "ACTIVE",
        "balance": {
          "amount": 1812.1,
          "currency_code": "MXN"
        },
        "related_cards": [
          {
            "display_number": "************3699",
            "relation_type": "Primary",
            "expiration_date": "05/22",
            "url": "/cards/{card-key}"
          }
        ],
        "statement_balance": {
          "amount": 50000,
          "currency_code": "MXN"
        },
        "minimum_payment": {
          "amount": 0,
          "currency_code": "MXN"
        },
        "available_credit": {
          "amount": 25090.96,
          "currency_code": "MXN"
        },
        "statement_date": "2019-12-06T00:00:00",
        "due_date": "2019-04-08T00:00:00"
      },
      {
        "key": "MTczMDU3Mzk1N3wwMnwyNjQ6",
        "name": "Mastercard Empresarial",
        "alias": "Rosa Marias Olvera/BPYTE",
        "status": "BLOCKED",
        "balance": {
          "amount": -22038.1,
          "currency_code": "MXN"
        },
        "related_cards": [
          {
            "display_number": "************9981",
            "relation_type": "Primary",
            "expiration_date": "08/22",
            "url": "/card/{card-key}"
          }
        ],
        "statement_balance": {
          "amount": 8000,
          "currency_code": "MXN"
        },
        "minimum_payment": {
          "amount": 310,
          "currency_code": "MXN"
        },
        "available_credit": {
          "amount": 2110.6,
          "currency_code": "MXN"
        },
        "statement_date": "2019-12-06T00:00:00",
        "due_date": "2019-04-08T00:00:00"
      },
      {
        "key": "OTQ4MzcwNTM3fDAyfDUyOTQ5",
        "name": "Mastercard Empresarial",
        "alias": "Rosa Marias Olvera/BPYTE",
        "status": "BLOCKED",
        "balance": {
          "amount": -22038.1,
          "currency_code": "MXN"
        },
        "related_cards": [
          {
            "display_number": "************9981",
            "relation_type": "Primary",
            "expiration_date": "08/22",
            "url": "/card/{card-key}"
          }
        ],
        "statement_balance": {
          "amount": 8000,
          "currency_code": "MXN"
        },
        "minimum_payment": {
          "amount": 310,
          "currency_code": "MXN"
        },
        "available_credit": {
          "amount": 2110.6,
          "currency_code": "MXN"
        },
        "statement_date": "2019-12-06T00:00:00",
        "due_date": "2019-04-08T00:00:00"
      }
    ],
    "notifications": [
      {
        "code": "E422CDNPAYRCPTG001",
        "message": "Something is invalid",
        "timestamp": "2019-02-12T20:07:18.639Z"
      }
    ],
    "paging": {
      "next_cursor_key": "10"
    }
  },
  "debit-transactions1": {
    "data": [
      {
        "key": "101",
        "display_number": "56722733565",
        "creation_date": "2017-11-10T11:02:44.00001",
        "description": "OTROS ABONOS",
        "amount": {
          "amount": 10000,
          "currency_code": "MXN"
        }
      },
      {
        "key": "94",
        "display_number": "56722733565",
        "creation_date": "2017-10-02T12:34:13.000047",
        "description": "I V A  POR COMISION",
        "amount": {
          "amount": 675.2,
          "currency_code": "MXN"
        }
      },
      {
        "key": "93",
        "display_number": "56722733565",
        "creation_date": "2017-10-02T12:34:13.000047",
        "description": "COM TRANSF INTAL ENVIADA",
        "amount": {
          "amount": 4220,
          "currency_code": "MXN"
        }
      },
      {
        "key": "92",
        "display_number": "56722733565",
        "creation_date": "2017-10-02T12:34:07.000029",
        "description": "TRANSF INTERNACIONAL ENVIADA",
        "amount": {
          "amount": 376.2,
          "currency_code": "MXN"
        }
      },
      {
        "key": "85",
        "display_number": "56722733565",
        "creation_date": "2017-09-22T13:00:30.000069",
        "description": "I V A  POR COMISION",
        "amount": {
          "amount": 675.2,
          "currency_code": "MXN"
        }
      }
    ],
    "notifications": null,
    "paging": null
  },
  "debit-transactions2": {
    "data": [
      {
        "key": "6",
        "display_number": "56722733565",
        "creation_date": "2018-09-23T11:02:44.00001",
        "description": "ADYENMX*SPOTIFY",
        "amount": {
          "amount": 952,
          "currency_code": "MXN"
        }
      },
      {
        "key": "5",
        "display_number": "56722733565",
        "creation_date": "2018-01-19T12:34:13.000047",
        "description": "DISP EFTVO CAJERO",
        "amount": {
          "amount": 517.9,
          "currency_code": "MXN"
        }
      },
      {
        "key": "4",
        "display_number": "56722733565",
        "creation_date": "2017-11-13T12:34:13.000047",
        "description": "PHILLYS SANTA FEPSF",
        "amount": {
          "amount": 207,
          "currency_code": "MXN"
        }
      },
      {
        "key": "3",
        "display_number": "56722733565",
        "creation_date": "2017-12-20T12:34:07.000029",
        "description": "STP VIAJE URBAVN",
        "amount": {
          "amount": 182.9,
          "currency_code": "MXN"
        }
      },
      {
        "key": "2",
        "display_number": "56722733565",
        "creation_date": "2017-06-31T13:00:30.000069",
        "description": "I V A  POR COMISION",
        "amount": {
          "amount": 747.2,
          "currency_code": "MXN"
        }
      }
    ],
    "notifications": null,
    "paging": null
  },
  "debit-transaction-detail": {
    "data": {
      "key": "101",
      "display_number": "56*3565",
      "creation_date": "2017-11-10T11:02:44.00001",
      "description": "Otros abonos",
      "amount": {
        "amount": 10000,
        "currency_code": "MXN"
      },
      "number": "101",
      "account": {
        "related_card": "56722733565",
        "running_balance": {
          "amount": 35399.66,
          "currency_code": "MXN"
        }
      },
      "transaction_origin": "1124",
      "reference": "123456789"
    },
    "notifications": null
  },
  "transactions2": {
    "data": [
      {
        "key": "1",
        "display_number": null,
        "creation_date": "2017-06-26T20:17:06.000026",
        "description": "DEPOSITO DE APERTURA",
        "amount": {
          "amount": 10,
          "currency_code": "MXN"
        }
      },
      {
        "key": "2",
        "display_number": null,
        "creation_date": "2017-07-18T17:46:48.000082",
        "description": "TRANSFERENCIA INTAL RECIBIDA",
        "amount": {
          "amount": 26200,
          "currency_code": "MXN"
        }
      },
      {
        "key": "3",
        "display_number": null,
        "creation_date": "2017-07-18T17:46:53.000066",
        "description": "COM TRANSF INTAL ENVIADA",
        "amount": {
          "amount": -4220,
          "currency_code": "MXN"
        }
      },
      {
        "key": "4",
        "display_number": null,
        "creation_date": "2017-07-18T17:46:53.000066",
        "description": "IVA  POR COMISION",
        "amount": {
          "amount": -675.2,
          "currency_code": "MXN"
        }
      },
      {
        "key": "5",
        "display_number": null,
        "creation_date": "2017-07-18T17:47:30.00006",
        "description": "TRANSF INTERNACIONAL ENVIADA",
        "amount": {
          "amount": -50,
          "currency_code": "MXN"
        }
      },
      {
        "key": "6",
        "display_number": null,
        "creation_date": "2017-07-18T17:47:31.000074",
        "description": "COM TRANSF INTAL ENVIADA",
        "amount": {
          "amount": -7385,
          "currency_code": "MXN"
        }
      },
      {
        "key": "7",
        "display_number": null,
        "creation_date": "2017-07-18T17:47:31.000074",
        "description": "IVA  POR COMISION",
        "amount": {
          "amount": -1181.6,
          "currency_code": "MXN"
        }
      }
    ]
  },
  "transactions2-limit": {
    "data": [
      {
        "key": "101",
        "display_number": null,
        "creation_date": "2017-11-10T11:02:44.00001",
        "description": "OTROS ABONOS",
        "amount": {
          "amount": 10000,
          "currency_code": "MXN"
        }
      },
      {
        "key": "94",
        "display_number": null,
        "creation_date": "2017-10-02T12:34:13.000047",
        "description": "I V A  POR COMISION",
        "amount": {
          "amount": 675.2,
          "currency_code": "MXN"
        }
      },
      {
        "key": "93",
        "display_number": null,
        "creation_date": "2017-10-02T12:34:13.000047",
        "description": "COM TRANSF INTAL ENVIADA",
        "amount": {
          "amount": 4220,
          "currency_code": "MXN"
        }
      },
      {
        "key": "92",
        "display_number": null,
        "creation_date": "2017-10-02T12:34:07.000029",
        "description": "TRANSF INTERNACIONAL ENVIADA",
        "amount": {
          "amount": 376.2,
          "currency_code": "MXN"
        }
      },
      {
        "key": "85",
        "display_number": null,
        "creation_date": "2017-09-22T13:00:30.000069",
        "description": "I V A  POR COMISION",
        "amount": {
          "amount": 675.2,
          "currency_code": "MXN"
        }
      }
    ]
  },
  "transactions3":{"data":[{"key":"775ec9b2eec732a6266b741bd013de029f","transaction_origin":"PAGO POR TRANSFERENCIA","creation_date":"2020-01-12T00:00:00","posted_date":null,"url":"/credits/7316950f1bd2a872f17cdc481e6eed823d4d0968c3025060ca40b46d0a7456e3/transactions/775ec9b2eec732a6266b741bd013de029f","amount":{"amount":325.56,"currency_code":"MXN"}},{"key":"74cfb63a4fc8f5ff9cea157e586ee8e521","transaction_origin":"PAGO POR TRANSFERENCIA","creation_date":null,"posted_date":"2020-01-12T00:00:00","url":"/credits/7316950f1bd2a872f17cdc481e6eed823d4d0968c3025060ca40b46d0a7456e3/transactions/74cfb63a4fc8f5ff9cea157e586ee8e521","amount":{"amount":10,"currency_code":"MXN"}},{"key":"75bf63422f3248c8f56aca5d2045fab84b","transaction_origin":"PAGO POR TRANSFERENCIA","creation_date":null,"posted_date":"2020-01-12T00:00:00","url":"/credits/7316950f1bd2a872f17cdc481e6eed823d4d0968c3025060ca40b46d0a7456e3/transactions/75bf63422f3248c8f56aca5d2045fab84b","amount":{"amount":10,"currency_code":"MXN"}},{"key":"722f492b0dd77b4ce9e8d7b54894852a5c","transaction_origin":"PAGO POR TRANSFERENCIA","creation_date":null,"posted_date":"2020-01-10T00:00:00","url":"/credits/7316950f1bd2a872f17cdc481e6eed823d4d0968c3025060ca40b46d0a7456e3/transactions/722f492b0dd77b4ce9e8d7b54894852a5c","amount":{"amount":100,"currency_code":"MXN"}},{"key":"735f9c536d2dc67b8068089630bf977736","transaction_origin":"PAGO POR TRANSFERENCIA","creation_date":null,"posted_date":"2020-01-10T00:00:00","url":"/credits/7316950f1bd2a872f17cdc481e6eed823d4d0968c3025060ca40b46d0a7456e3/transactions/735f9c536d2dc67b8068089630bf977736","amount":{"amount":10,"currency_code":"MXN"}},{"key":"70cee3dbcc2201223ae969f3b8c2a19088","transaction_origin":"COMISION POR FALTA DE PAGO","creation_date":"2020-01-12T00:00:00","posted_date":null,"url":"/credits/7316950f1bd2a872f17cdc481e6eed823d4d0968c3025060ca40b46d0a7456e3/transactions/70cee3dbcc2201223ae969f3b8c2a19088","amount":{"amount":-197,"currency_code":"MXN"}},{"key":"71be36a3acd8bc155369b6d0c0e9b3cde2","transaction_origin":"IMPTO.COMISION POR FALTA DE PA","creation_date":null,"posted_date":"2020-01-09T00:00:00","url":"/credits/7316950f1bd2a872f17cdc481e6eed823d4d0968c3025060ca40b46d0a7456e3/transactions/71be36a3acd8bc155369b6d0c0e9b3cde2","amount":{"amount":-31.52,"currency_code":"MXN"}},{"key":"7e2cb70989e8662a03ed522369605eb4a7","transaction_origin":"INTERES GRAVABLE","creation_date":null,"posted_date":"2020-01-09T00:00:00","url":"/credits/7316950f1bd2a872f17cdc481e6eed823d4d0968c3025060ca40b46d0a7456e3/transactions/7e2cb70989e8662a03ed522369605eb4a7","amount":{"amount":-8.97,"currency_code":"MXN"}},{"key":"7f5c6271e912db1d6a6d8d00114b4ce9cd","transaction_origin":"IMPTO.INTERES GRAVABLE","creation_date":null,"posted_date":"2020-01-09T00:00:00","url":"/credits/7316950f1bd2a872f17cdc481e6eed823d4d0968c3025060ca40b46d0a7456e3/transactions/7f5c6271e912db1d6a6d8d00114b4ce9cd","amount":{"amount":-1.44,"currency_code":"MXN"}}],"notifications":[{"code":"0","message":"Success response","timestamp":"2020-02-06T00:26:23.398Z"}],"paging":null},
  "transactions4-vacio": {
    "data": [],
    "notifications": [
      {
        "code": "E422CDNPAYRCPTG001",
        "message": "OK",
        "timestamp": "2019-02-15T18:02:33.438Z"
      }
    ],
    "paging": {
      "next_cursor_key": "10"
    }
  },
  "transactions4": {
    "data": [
      {
        "key": "05",
        "transaction_origin": "COM TRANSF INTAL ENVIADA",
        "creation_date": "2019-03-13T23:35:29",
        "posted_date": null,
        "url": "/credits/5474840000073614/transactions/5",
        "amount": {
          "amount": -120.5,
          "currency_code": "MXN"
        }
      },
      {
        "key": "04",
        "transaction_origin": "IVA  POR COMISION",
        "creation_date": "2019-03-13T23:25:59",
        "posted_date": null,
        "url": "/credits/5474840000073614/transactions/4",
        "amount": {
          "amount": -4220.99,
          "currency_code": "MXN"
        }
      },
      {
        "key": "03",
        "transaction_origin": "CFE",
        "creation_date": null,
        "posted_date": "2019-03-13T00:00:00",
        "url": "/credits/5474840000073614/transactions/3",
        "amount": {
          "amount": -244,
          "currency_code": "MXN"
        }
      },
      {
        "key": "02",
        "transaction_origin": "CFE",
        "creation_date": null,
        "posted_date": "2019-03-13T00:00:00",
        "url": "/credits/5474840000073614/transactions/2",
        "amount": {
          "amount": -244,
          "currency_code": "MXN"
        }
      },
      {
        "key": "01",
        "transaction_origin": "TICKETMASTER MX",
        "creation_date": "2019-03-13T00:00:00",
        "posted_date": null,
        "url": "/credits/5474840000073614/transactions/1",
        "amount": {
          "amount": 856.39,
          "currency_code": "MXN"
        }
      }
    ],
    "notifications": [
      {
        "code": "E422CDNPAYRCPTG001",
        "message": "OK",
        "timestamp": "2019-02-15T18:02:33.438Z"
      }
    ],
    "paging": null
  },
  "card-detail": {
    "data": {
      "key": "4e20fbb243684d9eb19ff33a50ee422e",
      "name": "Aeromexico Blanca",
      "alias": "Tarjeta de Crédito Aeromexico",
      "status": "ACTIVE",
      "balance": {
        "amount": 123123,
        "currency_code": "MXN"
      },
      "related_cards": [
        {
          "display_number": "5474840000073614",
          "relation_type": "Primary",
          "expiration_date": "05/22",
          "url": "/cards/{card-key}"
        }
      ],
      "image_url": "2517",
      "minimum_payment": {
        "amount": 0,
        "currency_code": "MXN"
      },
      "due_date": "2019-04-16T00:00:00",
      "statement_balance": {
        "amount": 1000000000,
        "currency_code": "MXN"
      },
      "statement_date": "2019-04-26T00:00:00",
      "available_credit": {
        "amount": 1000000000,
        "currency_code": "MXN"
      },
      "credit_limit": {
        "amount": 1000000000,
        "currency_code": "MXN"
      },
      "fixed_payment": {
        "amount": 1000000000,
        "currency_code": "MXN"
      }
    },
    "notifications": null
  },
  "transaction-detail-creation": {
    "data": {
      "key": "032353",
      "transaction_origin": "CFE",
      "creation_date": "2019-03-13T23:13:23",
      "posted_date": null,
      "url": "/credits/5474840000073614/transactions/032353",
      "amount": {
        "amount": null,
        "currency_code": null
      },
      "card_number": "5474840000073614",
      "description": null,
      "reference": null
    },
    "notifications": [
      {
        "code": "E422CDNPAYRCPTG001",
        "message": "Something is invalid",
        "timestamp": "2019-03-15T00:41:59.566Z"
      }
    ]
  },
  "transaction-detail-posted": {
    "data": {
      "key": "032353",
      "transaction_origin": "CFE",
      "creation_date": null,
      "posted_date": "2019-03-13T00:00:00",
      "url": "/credits/5474840000073614/transactions/5",
      "amount": {
        "amount": -244,
        "currency_code": "MXN"
      },
      "card_number": "5474840000073614",
      "description": "PAGO DE SERVICIOS",
      "reference": "123456789"
    },
    "notifications": [
      {
        "code": "E422CDNPAYRCPTG001",
        "message": "Something is invalid",
        "timestamp": "2019-03-15T00:41:59.566Z"
      }
    ]
  },
  "account-detail": {
    "data": {
      "key": "056722751246",
      "number": "00922398411",
      "alias": "MY CHEQUING ACCOUNT",
      "product": {
        "type": "Debit card",
        "description": "SUPER NOMINA"
      },
      "clabe": "990182 163201 535556",
      "related_card": {
        "number": "5200 0000 0000 0000",
        "product": {
          "type": "Debit card",
          "description": "Tarjeta de debito"
        },
        "expiration_date": "11/19"
      },
      "image_url": "2523",
      "related_phone": {
        "phone_number": "5589765423",
        "company": "TELCEL"
      },
      "balance": {
        "amount": 69827.78,
        "currency_code": "MXN"
      },
      "latest_transactions": [
        {
          "creation_date": "2017-07-21T17:32:28Z",
          "amount": {
            "amount": 50000.5,
            "currency_code": "MXN"
          },
          "description": "string"
        }
      ]
    },
    "notifications": [
      {
        "code": "SUCCESS",
        "message": "Success",
        "timestamp": "2019-02-12T16:39:09.842Z"
      }
    ]
  },
  "account-detail2": {
    "data": {
      "key": "4e20fbb243684d9eb19ff33a50ee422e",
      "number": "00922398411",
      "alias": "MY CHEQUING ACCOUNT",
      "product": {
        "type": "TRADITIONAL_ACCOUNT",
        "description": "CUENTA TRADICIONAL"
      },
      "clabe": "990182 163201 535556",
      "related_card": {
        "number": "5409 1100 1100 1100",
        "product": {
          "type": "TRADITIONAL_ACCOUNT",
          "description": "SUPER NOMINA"
        },
        "expiration_date": "11/19"
      },
      "related_phone": null,
      "image_url": "2517",
      "balance": {
        "amount": 0,
        "currency_code": "USD"
      },
      "latest_transactions": [
        {
          "creation_date": "2017-07-21T17:32:28Z",
          "amount": {
            "amount": 50000.5,
            "currency_code": "MXN"
          },
          "description": "string"
        }
      ]
    },
    "notifications": [
      {
        "code": "SUCCESS",
        "message": "Success",
        "timestamp": "2019-02-12T16:39:09.842Z"
      }
    ]
  },
  "transaction-account": {
    "data": {
      "number": "3",
      "account": {
        "number": "56*3400",
        "related_card": "56722734006",
        "running_balance": {
          "amount": 50000,
          "currency_code": "MXN"
        }
      },
      "transaction_origin": "$187",
      "creation_date": "2017-07-18T13:32:33.000033",
      "description": "DEPOSITO EN EFECTIVO",
      "amount": {
        "amount": 30000,
        "currency_code": "MXN"
      },
      "reference_number": "B601"
    }
  },
  "transfers-samebank": {
    "data": [
      {
        "amount": {
          "currency_code": "string",
          "amount": 0
        },
        "description": "Food payment",
        "effective_date": "2019-03-13T20:43:00.065Z",
        "confirmation_number": "123456789",
        "key": "4e20fbb243684d9eb19ff33a50ee422e",
        "reference": "Transfer for .....",
        "status": "ACCEPTED",
        "tracking_number": "12345678",
        "type": "MY_ACCOUNTS",
        "from_account": {
          "key": "4e20fbb243684d9eb19ff33a50ee422e",
          "url": "/accounts/{account-key}",
          "type": "DEPOSIT",
          "alias": "My account fav",
          "display_id": "**** **** **** *234",
          "bank_name": "Santander, Banamex, HSBC"
        },
        "to_account": {
          "key": "4e20fbb243684d9eb19ff33a50ee422e",
          "url": "/accounts/{account-key}",
          "type": "DEPOSIT",
          "alias": "My account fav",
          "display_id": "**** **** **** *234",
          "bank_name": "Santander, Banamex, HSBC"
        }
      }
    ],
    "notifications": [
      {
        "code": "E422CDNPAYRCPTG001",
        "message": "Something is happening",
        "timestamp": "2019-02-16T23:38:45.408Z"
      }
    ]
  },
  "transfers-samebank-receipt": {
    "data": {
      "key": "4e20fbb243684d9eb19ff33a50ee422e",
      "confirmation_number": "123456789",
      "effective_date": "2017-12-30T14:48:00-0500",
      "status": "PROCESSED",
      "from_account": {
        "key": "4e20fbb243684d9eb19ff33a50ee422e",
        "url": "/accounts/{account-key}",
        "type": "CHEQUING",
        "alias": "My account fav",
        "display_id": "**** **** **** *234",
        "bank_name": "Banamex, Santander, Scotiabank, BBVA Bancomer",
        "default_currency": "MXN"
      },
      "to_account": {
        "key": "4e20fbb243684d9eb19ff33a50ee422e",
        "url": "/accounts/{account-key}",
        "type": "CHEQUING",
        "alias": "My account fav",
        "display_id": "**** **** **** *234",
        "bank_name": "Banamex, Santander, Scotiabank, BBVA Bancomer",
        "default_currency": "MXN"
      },
      "amount": {
        "currency_code": "string",
        "amount": 0
      }
    },
    "notifications": [
      {
        "code": "E422CDNPAYRCPTG001",
        "message": "Something is happening",
        "timestamp": "2019-02-16T23:38:45.408Z"
      }
    ]
  },
  "transfers": {
    "data": {
      "key": "4e20fbb243684d9eb19ff33a50ee422e",
      "status": "NEW",
      "accounts": [
        {
          "key": "4e20fbb243684d9eb19ff33a50ee422e",
          "url": "/accounts/{account-key}",
          "type": "CHEQUING",
          "alias": "My account fav",
          "display_id": "**** **** **** *234",
          "bank_name": "Banamex, Santander, Scotiabank, BBVA Bancomer",
          "default_currency": "MXN"
        }
      ],
      "transfer_matrix": [
        {
          "from_account_key": "4e20fbb243684d9eb19ff33a50ee422e",
          "to_accounts": [
            "4e20fbb243684d9eb19ff33a50ee422e"
          ]
        }
      ]
    },
    "notifications": [
      {
        "code": "E422CDNPAYRCPTG001",
        "message": "Something is happening",
        "timestamp": "2019-02-16T23:38:45.408Z"
      }
    ]
  },
  "transfersExecute": {
    "data": {
      "key": "4e20fbb243684d9eb19ff33a50ee422e",
      "confirmation_number": "123456789",
      "effective_date": "2017-12-30T14:48:00-0500",
      "status": "PROCESSED",
      "from_account": {
        "key": "4e20fbb243684d9eb19ff33a50ee422e",
        "url": "/accounts/{account-key}",
        "type": "CHEQUING",
        "alias": "My account fav",
        "display_id": "**** **** **** *234",
        "bank_name": "Banamex, Santander, Scotiabank, BBVA Bancomer",
        "default_currency": "MXN"
      },
      "to_account": {
        "key": "4e20fbb243684d9eb19ff33a50ee422e",
        "url": "/accounts/{account-key}",
        "type": "CHEQUING",
        "alias": "My account fav",
        "display_id": "**** **** **** *234",
        "bank_name": "Banamex, Santander, Scotiabank, BBVA Bancomer",
        "default_currency": "MXN"
      },
      "amount": {
        "currency_code": "string",
        "amount": 0
      }
    },
    "notifications": [
      {
        "code": "E422CDNPAYRCPTG001",
        "message": "Something is happening",
        "timestamp": "2019-02-16T23:38:45.408Z"
      }
    ]
  },
  "transfersModify": {
    "data": {
      "key": "4e20fbb243684d9eb19ff33a50ee422f",
      "accounts": [
        {
          "key": "4e20fbb243684d9eb19ff33a50ee422e",
          "url": "/accounts/{account-key}",
          "type": "DEBIT",
          "alias": "My account",
          "display_number": "9**1234",
          "bank": "Banamex",
          "name": "Ahorro",
          "main_balance": {
            "currency_code": "MXN",
            "amount": 123456
          },
          "category_name": "DEBIT_ACCOUNTS"
        },
        {
          "key": "4e20fbb243684d9eb19ff33a50ee422k",
          "url": "/accounts/{account-key}",
          "type": "DEBIT",
          "alias": "My account",
          "display_number": "9**1233",
          "bank": "HSBC",
          "name": "Ahorro",
          "main_balance": {
            "currency_code": "MXN",
            "amount": 0
          }
        }
      ],
      "payees": [
        {
          "name": "Jose Ma. Camacho Hernandez",
          "alias": "Primo Juan",
          "account": {
            "number": "02283020192",
            "bank": "Banamex",
            "account_type": "SANTANDER_ACCOUNT"
          },
          "key": "4e20fbb243684d9eb19ff33a50ee422e",
          "personal_identifier": "MARE921122HJKDLN01",
          "transfer_limit": 123456
        }
      ],
      "transfer_matrix": [
        {
          "from_account_key": "4e20fbb243684d9eb19ff33a50ee422e",
          "to_payees": [
            {
              "payee_key": "4e20fbb243684d9eb19ff33a50ee422e"
            }
          ]
        }
      ]
    },
    "notifications": [
      {
        "code": "E422CDNPAYRCPTG001",
        "description": "Something happened.",
        "timestamp": "2019-02-16T23:38:45.408Z"
      }
    ]
  },
  "transfersThirdParties": {
    "data": [
      {
        "key": "4e20fbb243684d9eb19ff33a50ee422e",
        "status": "NEW",
        "accounts": [
          {
            "key": "4e20fbb243684d9eb19ff33a50ee422e",
            "url": "/accounts/{account-key}",
            "type": "CHEQUING",
            "alias": "My account fav",
            "display_id": "**** **** **** *234",
            "bank_name": "Banamex, Santander, Scotiabank, BBVA Bancomer",
            "default_currency": "MXN"
          }
        ],
        "transfer_matrix": [
          {
            "from_account_key": "4e20fbb243684d9eb19ff33a50ee422e",
            "to_accounts": [
              "4e20fbb243684d9eb19ff33a50ee422e"
            ]
          }
        ]
      }
    ],
    "notifications": [
      {
        "code": "E422CDNPAYRCPTG001",
        "message": "Something is happening",
        "timestamp": "2019-02-16T23:38:45.408Z"
      }
    ]
  },
  "transferst-third-parties-initial": {
    "data": {
      "key": "4e20fbb243684d9eb19ff33a50ee422f",
      "accounts": [
        {
          "key": "4e20fbb243684d9eb19ff33a50ee422e",
          "url": "/accounts/{account-key}",
          "type": "DEBIT",
          "alias": "My account",
          "display_number": "9**1234",
          "bank": "Banamex",
          "name": "Ahorro",
          "main_balance": {
            "currency_code": "MXN",
            "amount": 123456
          }
        },
        {
          "key": "4e20fbb243684d9eb19ff33a50ee422k",
          "url": "/accounts/{account-key}",
          "type": "DEBIT",
          "alias": "My account",
          "display_number": "9**1233",
          "bank": "HSBC",
          "name": "Ahorro",
          "main_balance": {
            "currency_code": "MXN",
            "amount": 0
          }
        }
      ],
      "transfer_matrix": [
        {
          "from_account_key": "4e20fbb243684d9eb19ff33a50ee422e",
          "to_accounts": [
            {
              "account_key": "4e20fbb243684d9eb19ff33a50ee422e",
              "max_limit": 5000,
              "min_limit": 10
            }
          ]
        }
      ]
    },
    "notifications": [
      {
        "code": "E422CDNPAYRCPTG001",
        "description": "Something happened.",
        "timestamp": "2019-02-16T23:38:45.408Z"
      }
    ]
  },
  "transfers-third-parties-execute": {
    "data": {
      "key": "4e20fbb243684d9eb19ff33a50ee422e",
      "confirmation_number": "123456789",
      "effective_date": "2019-02-16T23:38:45.408Z",
      "status": "PROCESSED",
      "type": "UNIQUE",
      "from_account": {
        "key": "4e20fbb243684d9eb19ff33a50ee422e",
        "url": "/accounts/{account-key}",
        "type": "CHECKING",
        "alias": "My account fav",
        "display_number": "9**1234",
        "bank": "Banamex",
        "name": "Ahorro",
        "main_balance": {
          "currency_code": "MXN",
          "amount": 123456
        }
      },
      "to_account": {
        "key": "4e20fbb243684d9eb19ff33a50ee422e",
        "url": "/accounts/{account-key}",
        "type": "CHECKING",
        "alias": "My account fav",
        "display_number": "9**1234",
        "bank": "Scotiabank",
        "name": "Ahorro",
        "main_balance": {
          "currency_code": "MXN",
          "amount": 123456
        }
      },
      "amount": {
        "currency_code": "MXN",
        "amount": 123456
      },
      "concept": "Food payment",
      "reference": "2345678",
      "operation_type": "TRANSFER",
      "creation_date": "2019-02-16T23:38:45.408Z",
      "receipt_url": "https://www.banxico.org.mx/cep/go?i=40127&s=20170913&d=FmKl6J4r7yTt200flFbMS6knW8a5nGsEMiESVKMPN9aVWW3UAMxpxlpVxvAFV%2B5RYgOVixbj5LULEctx7ylCTS%2BkTTYwU3ZQ73DHpjmFOzs%3D"
    },
    "notifications": [
      {
        "code": "E422CDNPAYRCPTG001",
        "description": "Something happened.",
        "timestamp": "2019-02-16T23:38:45.408Z"
      }
    ]
  },
  "beneficiary-detail": {
    "data": {
      "name": "Juan Lopez Garcia Bothi",
      "number": "43221456664",
      "type": "SANTANDER_ACCOUNT",
      "bank_name": "SANTANDER"
    },
    "notifications": [
      {
        "code": "E422CDNPAYRCPTG001",
        "message": "Something is happening",
        "timestamp": "2019-02-16T23:38:45.408Z"
      }
    ]
  },
  "beneficiary-all-detail": {
    "data": {
      "name": "Jose Ma. Camacho Hernandez",
      "account": {
        "number": "02283020192",
        "bank": "BANCO NACIONAL MEXICANO S.A. de C.V",
        "type": "SANTANDER_ACCOUNT"
      },
      "alias": "Primo Juan",
      "personal_identifier": "MARE921122HJKDLN01",
      "transfer_limit": 123456,
      "key": "4e20fbb243684d9eb19ff33a50ee422e",
      "creation_date": "2019-02-16T23:38:45.408Z",
      "status": "CREATED",
      "activation_time": "30 min"
    },
    "notifications": [
      {
        "code": "E422CDNPAYRCPTG001",
        "description": "Something is happening",
        "timestamp": "2019-02-16T23:38:45.408Z"
      }
    ]
  },
  "beneficiaries": {
    "data": [
      {
        "key": "03jmozgoavj2iia7ul1u37uek6gsyl2b",
        "account": {
          "number": "32456789012",
          "type": "SANTANDER_ACCOUNT",
          "bank": "SANTANDER"
        },
        "name": "Leah Garza",
        "alias": "Esquire",
        "url": "/beneficiaries/{beneficiary-key}"
      },
      {
        "key": "1omfttw29olss0r9286tpgmyomeldijb",
        "account": {
          "number": "134567894563456789",
          "type": "CLABE",
          "bank": "SCOTIABANK"
        },
        "name": "Ida Sullivan",
        "alias": "Bachelor of Engineering",
        "url": "/beneficiaries/{beneficiary-key}"
      },
      {
        "key": "ib6vdsdxjm6uy51z01z0i8bb255rg7at",
        "account": {
          "number": "(373) 577-3165",
          "type": "SANTANDER_MOBILE_ACCOUNT",
          "bank": "SANTANDER"
        },
        "name": "Isabel Burgess",
        "alias": "Junior",
        "url": "/beneficiaries/{beneficiary-key}"
      },
      {
        "key": "mly3yugnn3ll8ii1is3e6s3mead1114m",
        "account": {
          "number": "(882) 577-3165",
          "type": "THIRDPARTY_MOBILE_ACCOUNT",
          "bank": "BANCOMER"
        },
        "name": "Fred Howell",
        "alias": "The Fourth",
        "url": "/beneficiaries/{beneficiary-key}"
      },
      {
        "key": "zvx77d2cblgg88u65bvr9dbfsf691ctk",
        "account": {
          "number": "(373) 577-3165",
          "type": "SANTANDER_MOBILE_ACCOUNT",
          "bank": "SANTANDER"
        },
        "name": "Terry Harper",
        "alias": "Doctor of Philosophy",
        "url": "/beneficiaries/{beneficiary-key}"
      },
      {
        "key": "btd9m62rei6v776nga7jm1k671rfknqz",
        "account": {
          "number": "2345678956784567",
          "type": "THIRDPARTY_DEBIT_CARD",
          "bank": "HSBC"
        },
        "name": "Tom Cohen",
        "alias": "The Third",
        "url": "/beneficiaries/{beneficiary-key}"
      },
      {
        "key": "rklqcdz7hdn511dirymkjja4548uth91",
        "account": {
          "number": "4567893456789034",
          "type": "CREDIT_CARD",
          "bank": "MI BANCO"
        },
        "name": "Annie Chapman",
        "alias": "Master of Business Administration",
        "url": "/beneficiaries/{beneficiary-key}"
      }
    ],
    "notifications": [
      {
        "code": "E422CDNPAYRCPTG001",
        "description": "Something is happening",
        "timestamp": "2019-02-16T23:38:45.408Z"
      }
    ],
    "paging": {
      "next_cursor_key": "10"
    }
  },
  "user-account": {
    "data": {
      "type": 2
    }
  },
  "transfersGrowing": {
    "data": {
      "key": "4e20fbb243684d9eb19ff33a50ee422a",
      "accounts": [
        {
          "growing": true,
          "key": "4e20fbb243684d9eb19ff33a50ee4221",
          "url": "/accounts/{account-key}",
          "type": "CHEQUING",
          "alias": "Cuenta asociada",
          "display_number": "45*2312",
          "bank": "Banamex, Santander, Scotiabank, BBVA Bancomer",
          "name": "Ahorro",
          "main_balance": {
            "currency_code": "MXN",
            "amount": 10345.67
          }
        },
        {
          "growing": true,
          "key": "4e20fbb243684d9eb19ff33a50ee4222",
          "url": "/accounts/{account-key}",
          "type": "CHEQUING",
          "alias": "Cuenta asociada",
          "display_number": "45*2323",
          "bank": "Banamex, Santander, Scotiabank, BBVA Bancomer",
          "name": "Ahorro",
          "main_balance": {
            "currency_code": "MXN",
            "amount": 13345.68
          }
        },
        {
          "growing": true,
          "key": "4e20fbb243684d9eb19ff33a50ee4223",
          "url": "/accounts/{account-key}",
          "type": "CHEQUING",
          "alias": "Cuenta asociada",
          "display_number": "45*2334",
          "bank": "Banamex, Santander, Scotiabank, BBVA Bancomer",
          "name": "Ahorro",
          "main_balance": {
            "currency_code": "MXN",
            "amount": 34512.69
          }
        },
        {
          "growing": false,
          "key": "4e20fbb243684d9eb19ff33a50ee4224",
          "url": "/accounts/{account-key}",
          "type": "CHEQUING",
          "alias": "Cuenta asociada",
          "display_number": "45*2345",
          "bank": "Banamex, Santander, Scotiabank, BBVA Bancomer",
          "name": "Ahorro",
          "main_balance": {
            "currency_code": "MXN",
            "amount": 59201.74
          }
        },
        {
          "growing": false,
          "key": "4e20fbb243684d9eb19ff33a50ee4225",
          "url": "/accounts/{account-key}",
          "type": "CHEQUING",
          "alias": "Cuenta asociada",
          "display_number": "45*2356",
          "bank": "Banamex, Santander, Scotiabank, BBVA Bancomer",
          "name": "Ahorro",
          "main_balance": {
            "currency_code": "MXN",
            "amount": 51234.72
          }
        },
        {
          "growing": false,
          "key": "4e20fbb243684d9eb19ff33a50ee4226",
          "url": "/accounts/{account-key}",
          "type": "CHEQUING",
          "alias": "Cuenta asociada",
          "display_number": "45*2367",
          "bank": "Banamex, Santander, Scotiabank, BBVA Bancomer",
          "name": "Ahorro",
          "main_balance": {
            "currency_code": "MXN",
            "amount": 45123.66
          }
        }
      ],
      "transfer_matrix": [
        {
          "from_account_key": "4e20fbb243684d9eb19ff33a50ee4221",
          "to_accounts": [
            {
              "account_key": "4e20fbb243684d9eb19ff33a50ee4224",
              "max_limit": 5000,
              "min_limit": 10
            }
          ]
        },
        {
          "from_account_key": "4e20fbb243684d9eb19ff33a50ee4222",
          "to_accounts": [
            {
              "account_key": "4e20fbb243684d9eb19ff33a50ee4225",
              "max_limit": 5000,
              "min_limit": 10
            }
          ]
        },
        {
          "from_account_key": "4e20fbb243684d9eb19ff33a50ee4223",
          "to_accounts": [
            {
              "account_key": "4e20fbb243684d9eb19ff33a50ee4226",
              "max_limit": 5000,
              "min_limit": 10
            }
          ]
        }
      ]
    },
    "notifications": [
      {
        "code": "E422CDNPAYRCPTG001",
        "message": "Something is happening",
        "timestamp": "2019-02-16T23:38:45.408Z"
      }
    ]
  },
  "settransfersGrowing": {
    "data": {
      "key": "4e20fbb243684d9eb19ff33a50ee422e",
      "confirmation_number": "123456789",
      "effective_date": "2019-02-16T23:38:45.408Z",
      "status": "PROCESSED",
      "type": "UNIQUE",
      "from_account": {
        "key": "4e20fbb243684d9eb19ff33a50ee4221",
        "url": "/accounts/{account-key}",
        "type": "CHECKING",
        "alias": "My account fav",
        "display_number": "64*2394",
        "bank": "Banamex, Santander, Scotiabank, BBVA Bancomer"
      },
      "to_account": {
        "key": "4e20fbb243684d9eb19ff33a50ee4224",
        "url": "/accounts/{account-key}",
        "type": "CHECKING",
        "alias": "My account fav",
        "display_number": "65*2934",
        "bank": "Banamex, Santander, Scotiabank, BBVA Bancomer"
      },
      "amount": {
        "currency_code": "MXN",
        "amount": 231.23
      },
      "concept": "Food payment",
      "reference": "4567890",
      "type_operation": "Retiro"
    },
    "notifications": [
      {
        "code": "E422CDNPAYRCPTG001",
        "description": "Something is happening",
        "timestamp": "2019-02-16T23:38:45.408Z"
      }
    ]
  },
  "getCustomerInfo": {
    "data": {
      "key": "4e20fbb243684d9eb19ff33a50ee422e",
      "buc": "123456789",
      "name": "Ana Maria",
      "second_name": "Hernandez",
      "last_name": "Gutierrez",
      "status": "ACTIVE",
      "personal_identifier": "MARE921122HJKDLN01",
      "bank_segment": null,
      "contact_method": "EMAIL",
      "last_connection": "2020-01-20T16:19:42.940Z",
      "university_enabled": false,
      "contact_info": [
        {
          "type": "BRANCH_USE",
          "phone_number": "(55)-55-46-89-79",
          "mobile_number": "(044)-55-46-89-79-12",
          "email": "mail@mail.com",
          "status": "REGISTERED"
        }
      ]
    },
    "notifications": [
      {
        "code": "SUCCESS",
        "message": "Success",
        "timestamp": "2019-02-12T16:39:09.842Z"
      }
    ]
  },
  "getCustomerSettings": {
    "data": {
      "token": {
        "status": "ACTIVE",
        "timestamp": "2019-04-26T00:00:00"
      }
    },
    "notifications": [
      {
        "code": "E422CDNPAYRCPTG001",
        "description": "Something is happening",
        "timestamp": "2019-02-16T23:38:45.408Z"
      }
    ]
  },
  "getCards": {
    "data": [
      {
        "key": "4e20fbb243684d9eb19ff33a50ee422e",
        "name": "Aeromexico Azul",
        "display_number": "1*12312",
        "holder_name": "Raul J. Hernandez C.",
        "relation_type": "MAIN, ADDITIONAL",
        "expiration_date": "11/19",
        "type": "DEBIT_CARD",
        "status": "AVAILABLE",
        "url": "/cards/{card-key}",
        "image_url": "2517"
      },
      {
        "key": "4e20fbb243684d9eb19ff33a50ee422e",
        "name": "Aeromexico Blanca",
        "display_number": "1*12312",
        "holder_name": "Maria Rojo MMartinez",
        "relation_type": "MAIN, ADDITIONAL",
        "expiration_date": "11/19",
        "type": "DEBIT_CARD",
        "status": "AVAILABLE",
        "url": "/cards/{card-key}",
        "image_url": "74110101010"
      },
      {
        "key": "4e20fbb243684d9eb19ff33a50ee422e",
        "name": "Aeromexico Roja",
        "display_number": "1*12312",
        "holder_name": "Maritza Fidel Castro",
        "relation_type": "MAIN, ADDITIONAL",
        "expiration_date": "11/19",
        "type": "DEBIT_CARD",
        "status": "AVAILABLE",
        "url": "/cards/{card-key}",
        "image_url": "2523"
      },
      {
        "key": "4e20fbb243684d9eb19ff33a50ee422e",
        "name": "Aeromexico Crema",
        "display_number": "************3984",
        "holder_name": "Mariano Gimenez",
        "relation_type": "MAIN, ADDITIONAL",
        "expiration_date": "11/19",
        "type": "DEBIT_CARD",
        "status": "BLOCKED",
        "url": "/cards/{card-key}",
        "image_url": null
      }
    ],
    "notifications": [
      {
        "code": "E422CDNPAYRCPTG001",
        "message": "Something happened",
        "timestamp": "2019-07-23T20:35:05.227Z"
      }
    ],
    "paging": {
      "next_cursor_key": "10"
    }
  },
  "getCardDetail": {
    "data": {
      "key": "4e20fbb243684d9eb19ff33a50ee422e",
      "name": "Aeromexico Blanca",
      "display_number": "**** **** **** 3984",
      "holder_name": "Raul J. Hernandez C.",
      "relation_type": "MAIN, ADDITIONAL",
      "expiration_date": "11/19",
      "type": "DEBIT_CARD",
      "status": "ACTIVE",
      "url": "/cards/{card-key}",
      "image_url": "/img/MC_BASICA.jpg",
      "alias": "Tarjeta de Credito Aeromexico",
      "brand": "Mastercard"
    },
    "notifications": [
      {
        "code": "E422CDNPAYRCPTG001",
        "message": "Something happened",
        "timestamp": "2019-10-21T22:22:44.790Z"
      }
    ]
  },
  "getCardLocks": {
    "data": {
      "temporal": true,
      "international": false,
      "pos": false,
      "internet": true,
      "atm": false
    },
    "notifications": [
      {
        "code": "E422CDNPAYRCPTG001",
        "message": "Something happened",
        "timestamp": "2019-10-21T22:51:10.817Z"
      }
    ]
  },
  "getTotalLocks": {
    "notifications": null,
    "data": {
      "key": "NDk0MTMzMDEwMzI4NDQ2NHw3NHwyMTAx",
      "reposition": [
        "CUSTOMIZED",
        "EXPRESS"
      ]
    }
  },
  "getReposition": {
    "data":{
			"display_number_locked": "1234123412341234",
			"display_number_reposition": "1234567892345678"
		},
    "notifications": [
      {
        "code": "E422CDNPAYRCPTG001",
        "message": "Something happened",
        "timestamp": "2019-10-21T23:23:04.620Z"
      }
    ]
  },
  "getPaymentsServicesActived": {
    "data": [
      {
        "key": "4e20fbb243684d9eb19ff33a50ee422e",
        "agreement": "0245",
        "name": "TELCEL",
        "type": "TELEFONIA MOVIL",
        "status": "ACTIVE",
        "image_url": "/image.png",
        "last_operation_date": "14/11/19 15:33:11:01"
      },
      {
        "key": "f8wyl2o8didi3uvf104s1tksfi22bwwa",
        "name": "CFE",
        "type": "LUZ",
        "status": "ACTIVE",
        "agreement": 4263,
        "image_url": "/image.png",
        "last_operation_date": "4/21/2100 6:25:42:602"
      },
      {
        "key": "b4s6u1r2akchmdfd9izkph4ru7lyzlii",
        "name": "Oriflame Mexico",
        "type": "GAS",
        "status": "ACTIVE",
        "agreement": 1071,
        "image_url": "/image.png",
        "last_operation_date": "4/3/2064 23:54:1:413"
      },
      {
        "key": "px0s0urb2n44fs8d3vblsi2chyvut7xi",
        "name": "Axtel",
        "type": "CABLE, TELEFONO E INTERNET",
        "status": "ACTIVE",
        "agreement": 4055,
        "image_url": "/image.png",
        "last_operation_date": "4/13/2026 19:54:50:308"
      }
    ],
    "notifications": [
      {
        "code": "E422CDNPAYRCPTG001",
        "message": "Something happened.",
        "timestamp": "2019-02-16T23:38:45.408Z"
      }
    ]
  },
  "insurance": {
    "data": [
      {
        "key": "4e20fbb243684d9eb19ff33a50e0001",
        "number": "6 86 50000279 0",
        "category": "Auto",
        "product_description": "Autocompara ATLAS",
        "url_image": "card-auto"
      },
      {
        "key": "4e20fbb243684d9eb19ff33a0002",
        "number": "5027840",
        "category": "Gadgets",
        "product_description": "SEGURO GADGET",
        "url_image": "mini_Seguro_Gadget",
        "image": "mini_Seguro_Auto",
        "balance": {
          "amount": 675.2,
          "currency_code": "MXN"
        }
      },
      {
        "key": "4e20fbb243684d9eb19ff33a50ee0003",
        "number": "234567",
        "category": "Autocompara",
        "product_description": "SEGURO DE AUTO",
        "url_image": "mini_Seguro_Auto",
        "image": "card-basic",
        "balance": {
          "amount": 675.2,
          "currency_code": "MXN"
        }
      },
      {
        "key": "4e20fbb243684d9eb19ff33a50e0004",
        "number": "12345675",
        "category": "Vida",
        "product_description": "VIDA RECOMPENSAS",
        "url_image": "mini_Seguro_Vida",
        "image": "sn-aclaraciones",
        "balance": {
          "amount": 675.2,
          "currency_code": "MXN"
        }
      },
      {
        "key": "4e20fbb243684d9eb19ff33a50ee0005",
        "number": "23456798",
        "category": "Fraude",
        "product_description": "SUPER BLINDAJE",
        "url_image": "mini_Seguro_Fraude",
        "image": "sn-mas-1",
        "balance": {
          "amount": 675.2,
          "currency_code": "MXN"
        }
      },
      {
        "key": "4e20fbb456yuhgfdeff33a50e0004",
        "number": "12345675",
        "category": "Enfermedad",
        "product_description": "Hospitalizacion",
        "url_image": "./assets/icons/mini_Seguro_Enfermedad.svg",
        "image": "sn-aclaraciones",
        "balance": {
          "amount": 675.2,
          "currency_code": "MXN"
        }
      },
      {
        "key": "4e20fbbfghfhghfhfg0004",
        "number": "12345675",
        "category": "Hogar",
        "product_description": "Hogar seguro",
        "url_image": "./assets/icons/mini_Seguro_Hogar.svg",
        "image": "sn-aclaraciones",
        "balance": {
          "amount": 675.2,
          "currency_code": "MXN"
        }
      }
    ]
  },
  "policiesGadgets": {
    "data": {
      "key": "4e20fbb243684d9eb19ff33a50ee422e",
      "number": "5027840",
      "category": "Gadgets",
      "product_description": "SEGURO GADGET",
      "status": "Vigente",
      "begin_date": "05/08/2019",
      "expiration_date": "05/08/2020",
      "assured_full_name": "Ariel Alfonso Ugalde Ramirez",
      "coverages": [
        {
          "description": "Robo Con Violencia",
          "cover": "Reemplazo del Gadget"
        },
        {
          "description": "Gastos médicos a ocupantes.",
          "cover": "$25,000"
        },
        {
          "description": "Responsabilidad civil LUC",
          "cover": "$100,000"
        }
      ],
      "recipients": [
        {
          "recipient_full_name": "Frida Fernandez Leal",
          "percentage": "50"
        },
        {
          "recipient_full_name": "Frida dsfdfs Leal",
          "percentage": "20"
        },
        {
          "recipient_full_name": "Monica Fernandez Leal",
          "percentage": "30"
        }
      ],
      "payment_details": {
        "payment_method": "Cheques",
        "bank_name": "Banamex",
        "payment_frequency": "Anual",
        "pay_amount": {
          "amount": 1234.5,
          "currency_code": "MXN"
        },
        "next_payment": "05/08/2020"
      },
      "gadget_insured": {
        "brand": "SAMSUNG",
        "model": "Tablet Samsung Galaxy Book 12 128 GB",
        "imei": "451001248547050"
      },
      "entitlements": [
        {
          "key": "string",
          "value": "string"
        }
      ]
    }
  },
  "policiesCards": {
    "data": {
      "key": "4e20fbb243684d9eb19ff33a50ee422D",
      "number": "5027840",
      "category": "Cars",
      "product_description": "AUTOCOMPARA",
      "status": "Vigente",
      "begin_date": "05/08/2019",
      "expiration_date": "05/08/2020",
      "insured": {
        "name": "Ariel Alfonso",
        "last_name": "Ugalde",
        "second_last_name": "Ramirez"
      },
      "coverages": [
        {
          "description": "Robo Con Violencia",
          "cover": "Reemplazo del Gadget"
        },
        {
          "description": "Gastos médicos a ocupantes.",
          "cover": "$25,000"
        },
        {
          "description": "Responsabilidad civil LUC",
          "cover": "$100,000"
        }
      ],
      "recipients": [
        {
          "recipient_full_name": "Frida Fernandez Leal",
          "percentage": "50"
        },
        {
          "recipient_full_name": "Frida dsfdfs Leal",
          "percentage": "20"
        },
        {
          "recipient_full_name": "Monica Fernandez Leal",
          "percentage": "30"
        }
      ],
      "payment_details": {
        "payment_method": "Cheques",
        "bank_name": "Banamex",
        "payment_frequency": "Anual",
        "pay_amount": {
          "amount": 1234.5,
          "currency_code": "MXN"
        },
        "next_payment": "05/08/2020"
      },
      "car_insured": {
        "model": "2015",
        "brand": "FORD",
        "plate_number": "GJD8643",
        "description": "FOCUS APPEARANCE Z3B AUT 2.0L 4CIL 4PTAS",
        "phone_assistence": "018008493917"
      },
      "entitlements": [
        {
          "key": "string",
          "value": "string"
        }
      ]
    }
  },
  "policies": {
    "data": {
      "key": "4e20fbb243684d9eb19ff33a50ee422D",
      "policy_number": "5027840",
      "product_description": "SEGURO DE VIDA",
      "category": "Live",
      "status": "Vigente",
      "begin_date": "05/08/2019",
      "expiration_date": "05/08/2020",
      "insured": {
        "name": "Ariel Alfonso",
        "last_name": "Ugalde",
        "second_last_name": "Ramirez"
      },
      "coverages": [
        {
          "description": "Robo Con Violencia",
          "cover": "Reemplazo del Gadget"
        },
        {
          "description": "Gastos médicos a ocupantes.",
          "cover": "$25,000"
        },
        {
          "description": "Responsabilidad civil LUC",
          "cover": "$100,000"
        }
      ],
      "recipients": [
        {
          "recipient_full_name": "Frida Fernandez Leal",
          "percentage": "50"
        },
        {
          "recipient_full_name": "Frida dsfdfs Leal",
          "percentage": "20"
        },
        {
          "recipient_full_name": "Monica Fernandez Leal",
          "percentage": "30"
        }
      ],
      "payment_details": {
        "payment_method": "Cheques",
        "bank_name": "Banamex",
        "payment_frequency": "Anual",
        "pay_amount": {
          "amount": 1234.5,
          "currency_code": "MXN"
        },
        "next_payment": "05/08/2020"
      },
      "entitlements": [
        {
          "key": "string",
          "value": "string"
        }
      ]
    }
  },
  "policies2": {
    "data": {
      "key": "4e20fbb243684d9eb19ff33a50ee422e",
      "number": "6 86 50000279 0",
      "category": "Auto",
      "product_description": "Autocompara ATLAS",
      "status": "Vigente",
      "acquisition_date": "05/08/2019",
      "expiration_date": "05/08/2020",
      "insured": {
        "name": "Ariel Alfonso",
        "last_name": "Ugalde",
        "second_last_name": "Ramirez"
      },
      "coverages": [
        {
          "description": "Robo Con Violencia",
          "boundary": "Reemplazo del Gadget"
        }
      ],
      "recipients": [
        {
          "name": "Frida",
          "last_name": "Fernandez",
          "second_last_name": "Leal",
          "percentage": "50"
        }
      ],
      "payment_details": {
        "payment_method": "Cheques",
        "bank_name": "Banco Santander",
        "payment_frequency": "Anual",
        "pay_amount": {
          "amount": 1234.5,
          "currency_code": "MXN"
        },
        "next_payment": "05/08/2020"
      },
      "car_insured": {
        "model": "2015",
        "brand": "FORD",
        "plate_number": "GJD8643",
        "description": "FOCUS APPEARANCE Z3B AUT 2.0L 4CIL 4PTAS",
        "phone_assistence": "018008493917"
      },
      "gadget_insured": {
        "brand": "SAMSUNG",
        "model": "Tablet Samsung Galaxy Book 12 128 GB",
        "imei": "451001248547050"
      }
    },
    "notifications": [
      {
        "code": "57KuCq7ifbyiCpcoasWv",
        "message": "Something is happening",
        "timestamp": "2019-05-29T15:49:12.835Z"
      }
    ]
  },
  "gadgetsConsult": {
    "data": {
      "key": "1234567809876",
      "url_image": "img-samsung",
      "phone": {
        "brand": "Samsung",
        "model": "S10e",
        "commercial_name": "Samsung S10",
        "imei": "0987654321234"
      },
      "payments_forms": [
        {
          "payment_key": "123456789ujhyg",
          "period": "ANUAL",
          "pay": {
            "amount": 98918.5,
            "currency_code": "MXN"
          },
          "total": {
            "amount": 74918.5,
            "currency_code": "MXN"
          }
        },
        {
          "payment_key": "123456789uj666",
          "period": "SEMESTRAL",
          "pay": {
            "amount": 74918.5,
            "currency_code": "MXN"
          },
          "total": {
            "amount": 74918.5,
            "currency_code": "MXN"
          }
        },
        {
          "payment_key": "123456789uj333",
          "period": "TRIMESTRAL",
          "pay": {
            "amount": 74918.5,
            "currency_code": "MXN"
          },
          "total": {
            "amount": 74918.5,
            "currency_code": "MXN"
          }
        },
        {
          "payment_key": "123456789uj222",
          "period": "MENSUAL",
          "pay": {
            "amount": 74918.5,
            "currency_code": "MXN"
          },
          "total": {
            "amount": 74918.5,
            "currency_code": "MXN"
          }
        }
      ]
    }
  },
  "quoteData": {
    "data": {
      "key": "1234567809876",
      "url_image": "img-samsung",
      "phone": {
        "brand": "Samsung",
        "model": "S10e",
        "commercial_name": "Samsung S10",
        "imei": "0987654321234"
      },
      "payments_forms": {
        "key": "123456789ujhyg",
        "period": "ANUAL",
        "pay": {
          "amount": 98918.5,
          "currency_code": "MXN"
        }
      }
    }
  },
  "quoteData2": {
    "data": {
      "key": "5i40fbb243684d9eb19ff33a50ee412u",
      "payments_forms": [
        {
          "payment_key": "1e40fbb135711d9eb19ff33a50ee712o",
          "period": "A",
          "pay": {
            "amount": 1234.5,
            "currency_code": "MXN"
          },
          "total": {
            "amount": 1234.5,
            "currency_code": "MXN"
          }
        }
      ],
      "url_image": "string",
      "model": "TA-1028",
      "brand": "NOKIA",
      "comercial_name": "NOKIA 3 LTE NEGRO"
    },
    "notifications": [
      {
        "code": "57KuCq7ifbyiCpcoasWv",
        "message": "Something is happening",
        "timestamp": "2019-05-29T17:01:14.647Z"
      }
    ]
  },
  "quoteSale": {},
  "deviceInfo": {
    "operation": "getDeviceInfo",
    "deviceInfo": {
      "model": "Samsung s10",
      "platform": "Android",
      "uuid": "45f46f3td",
      "version": "v1",
      "manufacturer": "manufactured",
      "isVirtual": true,
      "serial": "09876543g45678",
      "batteryLevel": 89,
      "batteryState": true,
      "networkType": "WI-FI"
    }
  },
  "listDevice": {
    "data": [
      {
        "model_key": "5i50fbb243684d9eb19ff33a50ee421e",
        "model": "TA-1028",
        "comercial_name": "NOKIA 3 LTE NEGRO"
      },
      {
        "model_key": "5i50fbb243684d9eb19ff33a50ee421e",
        "model": "TA-1028",
        "comercial_name": "SAMSUNG"
      },
      {
        "model_key": "5i50fbb243684d9eb19ff33a50ee421e",
        "model": "TA-1028",
        "comercial_name": "IPHONE"
      },
      {
        "model_key": "5i50fbb243684d9eb19ff33a50ee421e",
        "model": "TA-1028",
        "comercial_name": "MOTOROLA"
      }
    ]
  },
  "invoices": {
    "data": [
      {
        "key": "4e20fbb243684d9eb19ff33a50ee357m",
        "mounth": "09",
        "year": "2019",
        "invoice_number": "114184438",
        "status": "PRE-COBRADO",
        "amount": {
          "amount": 1234.5,
          "currency_code": "MXN"
        }
      },
      {
        "key": "4e20fbb243684d9eb19ff33a50ee357m",
        "mounth": "10",
        "year": "2019",
        "invoice_number": "114184439",
        "status": "COBRADO",
        "amount": {
          "amount": 1234.5,
          "currency_code": "MXN"
        }
      },
      {
        "key": "4e20fbb243684d9eb19ff33a50ee357m",
        "mounth": "11",
        "year": "2019",
        "invoice_number": "1141844310",
        "status": "ENDIENTE",
        "amount": {
          "amount": 1234.5,
          "currency_code": "MXN"
        }
      }
    ]
  },
  "getAllCreditsCards": {
    "data": [{
            "key": "4e20fbb243684d9eb19ff33a50ee422e",
            "name": "Aeromexico Blanca",
            "alias": "Tarjeta de Crédito Aeromexico",
            "status": "ACTIVE",
            "due_date": "2019-02-16T23:38:45.408Z",
            "statement_date": "2019-12-06T00:00:00",
            "url": "/credits/{credit-key}",
            "balance": {
                "amount": 3000,
                "currency_code": "MXN"
            },
            "available_credit": {
                "amount": 5000,
                "currency_code": "MXN"
            },
            "minimum_payment": {
                "amount": 300,
                "currency_code": "MXN"
            },
            "statement_balance": {
                "amount": 600,
                "currency_code": "MXN"
            },
            "related_cards": [{
                "display_number": "************1234",
                "relation_type": "Primary",
                "expiration_date": "12/19",
                "url": "/cards/{card-key}",
                "image_url": "74110101010"
            }]
        },
        {
            "key": "1b10lop243683d9eb19ff33a50ee345a",
            "name": "Aeromexico roja",
            "alias": "Tarjeta de Crédito Santander",
            "status": "ACTIVE",
            "due_date": "2019-02-16T23:38:45.408Z",
            "statement_date": "2019-12-06T00:00:00",
            "url": "/credits/{credit-key}",
            "balance": {
                "amount": 5000,
                "currency_code": "MXN"
            },
            "available_credit": {
                "amount": 10000,
                "currency_code": "MXN"
            },
            "minimum_payment": {
                "amount": 5000,
                "currency_code": "MXN"
            },
            "statement_balance": {
                "amount": 50000,
                "currency_code": "MXN"
            },
            "related_cards": [{
                "display_number": "*8767",
                "relation_type": "Primary",
                "expiration_date": "12/19",
                "url": "/cards/{card-key}",
                "image_url": "2517"
            }]
        }
    ],
    "notifications": [
      {
        "code": "E422CDNPAYRCPTG001",
        "message": "Something happened.",
        "timestamp": "2019-08-05T14:31:20.779Z"
      }
    ],
    "paging": {
      "next_cursor_key": "10"
    }
  },
  "getAllBeneficiary": {
    "data": [
      {
        "key": "0m29qh0l7xy6oattzh65kq2jgn19fbx6",
        "account": {
          "number": "12345678902",
          "account_type": "THIRDPARTY_SANTANDER_ACCOUNT",
          "bank": "Santander"
        },
        "name": "Jack Jacobs",
        "alias": "The Fourth",
        "url": "/beneficiaries/{beneficiary-key}",
        "personal_identifier": "MARE921122HJKDLN01"
      },
      {
        "key": "otmn77lqcc111oblddj1rekjfk52vqe3",
        "account": {
          "number": "363042688497206369",
          "account_type": "CLABE",
          "bank": "SCOTIABANK"
        },
        "name": "Rosie Franklin",
        "alias": "Juris Doctor",
        "url": "/beneficiaries/{beneficiary-key}",
        "personal_identifier": "MARE921122HJKDLN01"
      },
      {
        "key": "62k8i7sjq69rvxuueaduwagwnkvr3jjq",
        "account": {
          "number": "1234567890",
          "account_type": "THIRDPARTY_SANTANDER_MOBILE_ACCOUNT",
          "bank": "Santander"
        },
        "name": "Owen Saunders",
        "alias": "The Third",
        "url": "/beneficiaries/{beneficiary-key}",
        "personal_identifier": "MARE921122HJKDLN01"
      },
      {
        "key": "62k8i7sjq69rvxuueaduwagwnkvr3jjq",
        "account": {
          "number": "2345678901",
          "account_type": "INTERBANK_MOBILE_ACCOUNT",
          "bank": "Santander"
        },
        "name": "Owen Saunders Maggy",
        "alias": "The Third Maggy",
        "url": "/beneficiaries/{beneficiary-key}",
        "personal_identifier": "MARE921122HJKDLN01"
      },
      {
        "key": "62k8i7sjq69rvxuueaduwagwnkvr3jjq",
        "account": {
          "number": "1234567845678765",
          "account_type": "THIRDPARTY_SANTANDER_DEBIT_CARD",
          "bank": "Santander"
        },
        "name": "Owen Saunders",
        "alias": "The Third Maggy",
        "url": "/beneficiaries/{beneficiary-key}",
        "personal_identifier": "MARE921122HJKDLN01"
      },
      {
        "key": "62k8i7sjq69rvxuueaduwagwnkvr3jjq",
        "account": {
          "number": "1234567845678765",
          "account_type": "INTERBANK_DEBIT_CARD",
          "bank": "HSBC"
        },
        "name": "Owen Saunders Bychy",
        "alias": "The Third Maggy",
        "url": "/beneficiaries/{beneficiary-key}",
        "personal_identifier": "MARE921122HJKDLN01"
      },
      {
        "key": "62k8i7sjq69rvxuueaduwagwnkvr3jjq",
        "account": {
          "number": "1234567845678765",
          "account_type": "THIRDPARTY_SANTANDER_CREDIT_CARD",
          "bank": "Santander"
        },
        "name": "Owen Saunders Master",
        "alias": "The Third March",
        "url": "/beneficiaries/{beneficiary-key}",
        "personal_identifier": "MARE921122HJKDLN01"
      },
      {
        "key": "62k8i7sjq69rvxuueaduwagwnkvr3jjq",
        "account": {
          "number": "1234567845678765",
          "account_type": "INTERBANK_CREDIT_CARD",
          "bank": "Bancomer"
        },
        "name": "Owen Master Maggy",
        "alias": "The March Sim",
        "url": "/beneficiaries/{beneficiary-key}",
        "personal_identifier": "MARE921122HJKDLN01"
      }
    ],
    "notifications": [
      {
        "level": "WARNING",
        "code": "E422CDNPAYRCPTG001",
        "message": "Something happened.",
        "timestamp": "2019-05-31T16:26:26.534Z"
      }
    ],
    "paging": {}
  },
  "clarifications": {
    "data": {
      "labels": {
        "folio": "No. Folio",
        "status": "",
        "cause_code": "Resolución",
        "category": "Categoría",
        "open_time": "Fecha de alta",
        "subcategory": "Subcategoría",
        "due_time": "Fecha compromiso",
        "amount": "Importe"
      },
      "values": [
        {
          "folio": "I19-3058621",
          "status": "EN PROCESO",
          "cause_code": "PROCEDENTE",
          "category": "Tarjeta de débito",
          "open_time": "2019-12-20T05:10:09+00:00",
          "subcategory": "Compra no reconocida",
          "due_time": "2019-12-29T05:10:09+00:00",
          "amount": {
            "currency_code": "MXN",
            "amount": "1500.00"
          }
        },
        {
          "folio": "I19-0000001",
          "status": "CERRADO",
          "cause_code": "Improcedente",
          "category": "Tarjeta de crédito",
          "open_time": "2018-12-29T05:10:09+00:00",
          "subcategory": "Compra no reconocida",
          "due_time": "2019-02-09T00:36:50+00:00",
          "amount": {
            "currency_code": "MXN",
            "amount": "200.00"
          }
        }
      ]
    },
    "notifications": [],
    "paging": {
      "next_cursor_key": 10000
    }
  },
  "wallet": {
    "headers": {
      "normalizedNames": {},
      "lazyUpdate": [
        {
          "name": "Content-Type",
          "value": "application/json",
          "op": "s"
        }
      ],
      "headers": {},
      "lazyInit": {
        "normalizedNames": {},
        "lazyUpdate": null,
        "headers": {}
      }
    }
  },
  "getBanks": {
    "data": [
      {
        "key": "0001",
        "name": "BANCO DE MEXICO"
      },
      {
        "key": "0002",
        "name": "BANAMEX"
      },
      {
        "key": "0003",
        "name": "BANCA SERFIN, S.A."
      },
      {
        "key": "0004",
        "name": "BANCO DEL ATLANTICO, S.A."
      },
      {
        "key": "0006",
        "name": "BANCOMEXT"
      },
      {
        "key": "0007",
        "name": "CITYBANK, N. A."
      },
      {
        "key": "0008",
        "name": "BANCO UNION S.A."
      },
      {
        "key": "0009",
        "name": "BANOBRAS"
      },
      {
        "key": "0011",
        "name": "BANCA CONFIA, S.A."
      },
      {
        "key": "0012",
        "name": "BBVA BANCOMER"
      },
      {
        "key": "0013",
        "name": "BANCO INDUSTRIAL, S.A."
      },
      {
        "key": "0014",
        "name": "SANTANDER"
      },
      {
        "key": "0016",
        "name": "BANCOINTER"
      },
      {
        "key": "0017",
        "name": "BANCO BILBAO VIZCAYA, S.A."
      },
      {
        "key": "0019",
        "name": "BANJERCITO"
      },
      {
        "key": "0021",
        "name": "HSBC"
      },
      {
        "key": "0022",
        "name": "GE CAPITAL"
      },
      {
        "key": "0025",
        "name": "BANCO DEL SURESTE, S. A."
      },
      {
        "key": "0026",
        "name": "BANCO DE COMERCIO INTERIOR, S.N.C."
      },
      {
        "key": "0028",
        "name": "BANCO CAPITAL, S. A."
      },
      {
        "key": "0030",
        "name": "BANCO DEL BAJIO"
      },
      {
        "key": "0032",
        "name": "BANCO IXE"
      },
      {
        "key": "0036",
        "name": "INBURSA"
      },
      {
        "key": "0037",
        "name": "BANCO INTERACCIONES"
      },
      {
        "key": "0042",
        "name": "BANCO MIFEL"
      },
      {
        "key": "0044",
        "name": "SCOTIABANK"
      },
      {
        "key": "0047",
        "name": "BANCO PROMOTOR DEL NORTE, S. A."
      },
      {
        "key": "0056",
        "name": "BCA. QUADRUM"
      },
      {
        "key": "0058",
        "name": "BANREGIO"
      },
      {
        "key": "0059",
        "name": "BANCO INVEX"
      },
      {
        "key": "0060",
        "name": "BANSI"
      },
      {
        "key": "0062",
        "name": "BANCO AFIRME"
      },
      {
        "key": "0065",
        "name": "ANAHUAC"
      },
      {
        "key": "0068",
        "name": "BANCA PROMEX, S.A."
      },
      {
        "key": "0071",
        "name": "BANPAIS, S.A."
      },
      {
        "key": "0072",
        "name": "BANORTE"
      },
      {
        "key": "0083",
        "name": "BANCO DE ORIENTE, S.A."
      },
      {
        "key": "0086",
        "name": "BANCO DEL CENTRO, S.A."
      },
      {
        "key": "0090",
        "name": "BANORO"
      },
      {
        "key": "0101",
        "name": "BANCA CREMI, S.A."
      },
      {
        "key": "0102",
        "name": "THE ROYAL BANK"
      },
      {
        "key": "0103",
        "name": "AMERICAN EXPRES BANK"
      },
      {
        "key": "0105",
        "name": "BCO.SANTANDER DE NEGOCIOS MEXICO"
      },
      {
        "key": "0106",
        "name": "BANK OF AMERICA"
      },
      {
        "key": "0107",
        "name": "BANCO DE BOSTON S.A."
      },
      {
        "key": "0108",
        "name": "BANCO DE TOKYO"
      },
      {
        "key": "0110",
        "name": "JP MORGAN S.A"
      },
      {
        "key": "0112",
        "name": "BANCO MONEX"
      },
      {
        "key": "0113",
        "name": "VE POR MAS"
      },
      {
        "key": "0114",
        "name": "BANK ONE"
      },
      {
        "key": "0115",
        "name": "FUJI BANK MEXICO"
      },
      {
        "key": "0116",
        "name": "ING BANK"
      },
      {
        "key": "0119",
        "name": "REPUBLIC NATIONAL BANK NY"
      },
      {
        "key": "0124",
        "name": "DEUTSCHE BANK"
      },
      {
        "key": "0126",
        "name": "CREDIT SUISSE BANK"
      },
      {
        "key": "0127",
        "name": "BANCO AZTECA"
      },
      {
        "key": "0128",
        "name": "BANCO AUTOFIN MEXICO, S.A."
      },
      {
        "key": "0129",
        "name": "BARCLAYS BANK"
      },
      {
        "key": "0130",
        "name": "BANCO COMPARTAMOS"
      },
      {
        "key": "0131",
        "name": "BANCO DE AHORRO FAMSA"
      },
      {
        "key": "0132",
        "name": "BANCO MULTIVA, S.A."
      },
      {
        "key": "0133",
        "name": "BANCO ACTINVER SA"
      },
      {
        "key": "0134",
        "name": "BANCO WALL MART"
      },
      {
        "key": "0135",
        "name": "NAFIN"
      },
      {
        "key": "0136",
        "name": "INTER BANCO S.A."
      },
      {
        "key": "0137",
        "name": "BANCOPPEL, S.A."
      },
      {
        "key": "0138",
        "name": "ABC CAPITAL"
      },
      {
        "key": "0139",
        "name": "UBS BANK MEXICO"
      },
      {
        "key": "0140",
        "name": "CONSUBANCO"
      },
      {
        "key": "0141",
        "name": "VOLKSWAGEN BANK"
      },
      {
        "key": "0142",
        "name": "BANCO DEUNO, S.A."
      },
      {
        "key": "0143",
        "name": "CONSULTORIA INTERNACIONAL BANCO S.A."
      },
      {
        "key": "0144",
        "name": "BANRURAL SNC"
      },
      {
        "key": "0145",
        "name": "BBASE"
      },
      {
        "key": "0146",
        "name": "BANCO BICENTENARIO, S.A."
      },
      {
        "key": "0147",
        "name": "BANRURAL"
      },
      {
        "key": "0148",
        "name": "BANRURAL DEL NORTE"
      },
      {
        "key": "0149",
        "name": "BANRURAL, S.N.C."
      },
      {
        "key": "0150",
        "name": "BANCO INMOBILIARIO MEXICANO S.A."
      },
      {
        "key": "0151",
        "name": "FUNDACION DONDE BANCO S.A."
      },
      {
        "key": "0155",
        "name": "BANCO DE MEXICO, CULIACAN"
      },
      {
        "key": "0158",
        "name": "BANCO SABADELL SA"
      },
      {
        "key": "0159",
        "name": "BANCO DE CREDITO RURAL DEL NOROESTE S."
      },
      {
        "key": "0160",
        "name": "BANCO DE CREDITO RURAL PENINSULAR, S.N"
      },
      {
        "key": "0161",
        "name": "BANCRECER, S.A."
      },
      {
        "key": "0162",
        "name": "BANCO DE CREDITO RURAL CENTRO NORTE S."
      },
      {
        "key": "0163",
        "name": "BANCA AFIRME, S.A."
      },
      {
        "key": "0165",
        "name": "BANCO DE CREDITO RURAL PACIFICO SUR S."
      },
      {
        "key": "0166",
        "name": "BANSEFI"
      },
      {
        "key": "0167",
        "name": "TESORERIA DE LA FEDERACION"
      },
      {
        "key": "0168",
        "name": "HIPOTECARIA FED"
      },
      {
        "key": "0172",
        "name": "BANORO, S.A."
      },
      {
        "key": "0600",
        "name": "MONEX CASA DE BOLSA"
      },
      {
        "key": "0601",
        "name": "GBM CASA DE BOLSA"
      },
      {
        "key": "0602",
        "name": "MASARI CASA DE BOLSA"
      },
      {
        "key": "0605",
        "name": "VALUE CASA DE BOLSA"
      },
      {
        "key": "0606",
        "name": "ESTRUCTURADORES"
      },
      {
        "key": "0607",
        "name": "TIBER CASA DE BOLSA"
      },
      {
        "key": "0608",
        "name": "VECTOR CASA DE BOLSA"
      },
      {
        "key": "0610",
        "name": "BEARS AND BULL CASA DE CAMBIO"
      }
    ],
    "notifications": null
  },
  "getInvesmentFounds": {
    "data": [
      {
        "key": "4e20fbb243684d9eb19ff33aee422e",
        "name": " OP Investment",
        "display_number": "*3984",
        "contract_number": "1212343984",
        "image_url": "/img/MC_INVESTMENTS.jpg",
        "balance": {
          "amount": 50000.5,
          "currency_code": "MXN"
        },
        "issuer": "Banxico",
        "titles": 345,
        "price": {
          "amount": 50000.5,
          "currency_code": "MXN"
        }
      }
    ],
    "notifications": [
      {
        "level": "WARNING",
        "code": "E422CDNPAYRCPTG001",
        "message": "Something happened.",
        "timestamp": "2020-02-13T21:15:15.398Z"
      }
    ],
    "paging": {
      "next_cursor_key": "10"
    }
  },
  "geTermInvestment": {
    "data": [
      {
        "key": "4e20fbb243684d9eb19ff3ee422e",
        "name": "Digital Investment",
        "type": "DIGITAL_INVESTMENT",
        "to_account_display_number": "*9645",
        "url": "/investments/me/4e20fbb243684d9eb19ff33a50ee422e",
        "image_url": "/img/MC_INVESTMENTS.jpg",
        "balance": {
          "amount": 50000.5,
          "currency_code": "MXN"
        }
      }
    ],
    "notifications": [
      {
        "level": "WARNING",
        "code": "E422CDNPAYRCPTG001",
        "message": "Something happened.",
        "timestamp": "2020-02-13T22:39:10.583Z"
      }
    ],
    "paging": {
      "next_cursor_key": "10"
    }
  }
}
