{
	"/user/1": "/user",
	"/accounts/056722734006/transactions\\?limit=:limit": "/transactions1",
	"/accounts/056722733565/transactions\\?limit=:limit": "/transactions2-limit",
	"/accounts/056722734026/transactions\\?limit=:limit": "/transactions3",
	"/accounts/056722733525/transactions\\?limit=:limit": "/transactions4",
	"/IDPWeb/idp/?applicationId=smov": "/aplicationID",
	"/IDPWeb/idp/authenticationMethods": "/authenticationMethods",
	"/IDPWeb/idp/RegistroContrase%C3%B1a": "/signPassword",
	"/IDPWeb/idp/MedioNotificacion": "/notificationChanel",
	"/IDPWeb/idp/EnrollmentRSA": "/enrollmentRSA",
	"/IDPWeb/idp/ConfirmacionDeAfiliacion": "/confirmAffiliation",
	"/IDPWeb/idp/IdentificacionUsuarioConRSA": "/identificacionUsuarioConRSA",
	"/IDPWeb/idp/ExitoAfiliacion": "/exitoAfiliacion",
	"/IDPWeb/idp/IdentificacionUsuarioSinRSA": "/identificacionUsuarioSinRSA",
	"/IDPWeb/idp/VerifiqueSusDatosSendPasswordSinRSA": "/verifiqueSusDatosSendPasswordSinRSA",
	"/cards/056722734006": "/cards",
	"/cards/056722733565": "/cards",
	"/cards/056722734026": "/cards",
	"/cards/056722733525": "/cards",
	"/accounts/056722734006": "/account-detail",
	"/accounts/056722733565": "/account-detail",
	"/accounts/056722734026": "/account-detail",
	"/accounts/056722733525": "/account-detail",
	"/cards/summary": "/cards-summary"
}
