{
	"/oauth2/v1/token": "/oauthToken",
	"/api/summary\\?page=:page&limit=:limit": "/summary_1-0-0",
	"/api/accounts/056722734006/transactions\\?limit=:limit": "/accounts",
	"/api/credits\\?limit=:limit": "/credits-summary",
	"/api/credits": "/credits-summary",
	"/api/credits/OTQ4MzcwNTM3fDAyfDUyOTQ4/transactions\\?cursor=:cursor": "/transactions3",
	"/api/credits/OTQ4MzcwNTM3fDAyfDUyOTQ5/transactions\\?cursor=:cursor": "/transactions4",
	"/api/credits/MTczMDU3Mzk1N3wwMnwyNjQ6/transactions\\?cursor=:cursor": "/transactions3",
	"/api/credits/1b10lop243683d9eb19ff33a50ee345a/transactions\\?cursor=:cursor": "/transactions4",
	"/api/credits/:keyCard": "/card-detail",
	"/api/accounts/OTgxMjUzMzQ1fDAyfDAyMTIy": "/account-detail",
	"/api/accounts/056722751246": "/account-detail",
	"/api/accounts/056722733565": "/account-detail2",
	"/api/accounts/056722734026": "/account-detail",
	"/api/accounts/056722733525": "/account-detail",
	"/apis/accounts/:keyCard/transactions/:keyTrans": "/transaction-account",
	"/user/1": "/user",
	"/api/accounts/AdwAJahUAOojahPWI9a1AdojOJS/transactions\\?cursor=:cursor": "/debit-transactions1",
	"/api/accounts/MDAwMDEyMzQ1fDAxfDAxMTAy/transactions\\?cursor=:cursor": "/debit-transactions2",
	"/api/accounts/:keyCard/transactions\\?cursor=:cursor": "/debit-transactions2",
	"/api/accounts/056722751246/transactions\\?cursor=:cursor": "/debit-transactions1",
	"/api/accounts/056722733565/transactions\\?cursor=:cursor": "/debit-transactions2",
	"/api/accounts/:key/transactions/:keyTransaction": "/debit-transaction-detail",
	"/api/credits/:keyCard/transactions/:keyTrans": "/transaction-detail-posted",
	"/api/transfers/samebank": "/transfers-samebank",
	"/api/transfers/:idkey/receipt": "/transfers-samebank-receipt",
	"/api/transfers/": "/transfersModify",
	"/api/transfers/third-parties/initial": "transferst-third-parties-initial",
	"/api/transfers/third-parties/:key/executeted": "transfers-third-parties-execute",
	"/api/beneficiaries/:key/detail": "/beneficiary-detail",
	"/api/summary/user": "/user-account",
	"/api/customers/me": "/getCustomerInfo",
	"/api/customers/me/settings": "/getCustomerSettings",
	"/api/cards\\?cursor=:cursor&limit=:limit": "/getCards",
	"/api/cards/:key": "/getCardDetail",
	"/api/cards/:key/locks": "/getCardLocks",
	"/api/cards/total-locks": "/getTotalLocks",
	"/api/payments/billers\\?status=:status": "/getPaymentsServicesActived",
	"/api/iaas/summary": "/insurance",
	"/api/policies/:key/cars": "/policiesCards",
	"/api/policies/:key/gadgets": "/policiesGadgets",
	"/api/policies/:key": "/policies",
	"/services/clarifications": "/clarifications",
	"/api/policies/:key/invoices": "/invoices",
	"/api/policies/:key/invoice/:key_invoices": "/invoices",
	"/api/accounts\\?cursor=:cursor&limit=:limit": "/accountSummary",
	"/api/credits\\?cursor=:cursor&limit=:limit": "/getAllCreditsCards",
	"/api/transfers/payees\\?cursor=:cursor&limit=:limit": "/getAllBeneficiary",
	"/api/cardssss/:key/locks": "/wallet",
	"/api/transfers/banks\\?cursor=:cursor&limit=:limit": "/getBanks",
	"/api/investments/funds/me\\?cursor=:cursor&limit=:limit": "/getInvesmentFounds",
	"/api/investments/me\\?cursor=:cursor&limit=:limit": "/geTermInvestment"
}
