{
	"oauthToken": {
		"access_token": "MTQ0NjJkZmQ5OTM2NDE1ZTZjNGZmZjI3",
		"token_type": "Bearer",
		"expires_in": 20000000,
		"refresh_token": "IwOGYzYTlmM2YxOTQ5MGE3YmNmMDFkNTVk",
		"scope": "summary_1.0.0 accounts_1.0.0"
	},
	"getCustomerInfo": {
		"data": {
			"key": "4e20fbb243684d9eb19ff33a50ee422e",
			"buc": "123456789",
			"name": "Ana Maria",
			"second_name": "Hernandez",
			"last_name": "Gutierrez",
			"status": "ACTIVE",
			"personal_identifier": "MARE921122HJKDLN01",
			"bank_segment": null,
			"contact_method": "EMAIL",
			"contact_info": [
				{
					"type": "BRANCH_USE",
					"phone_number": "(55)-55-46-89-79",
					"mobile_number": "(044)-55-46-89-79-12",
					"email": "mail@mail.com",
					"status": "REGISTERED"
				}
			]
		},
		"notifications": [
			{
				"code": "SUCCESS",
				"message": "Success",
				"timestamp": "2019-02-12T16:39:09.842Z"
			}
		]
	},
	"getCustomerSettings": {
		"data": {
			"token": {
				"status": "ACTIVE",
				"timestamp": "2019-04-26T00:00:00"
			}
		},
		"notifications": [
			{
				"code": "E422CDNPAYRCPTG001",
				"description": "Something is happening",
				"timestamp": "2019-02-16T23:38:45.408Z"
			}
		]
	},
	"accounts": {
		"data": [
			{
				"key": "4e20fbb243684d9eb19ff33a50ee422e",
				"display_number": "*2384",
				"alias": "MY CHECKING ACCOUNT",
				"url": "/accounts/{key}",
				"image_url": "2517",
				"balance": {
					"amount": 50000.5,
					"currency_code": "MXN"
				},
				"status": "ACTIVE",
				"related_cards": [
					{
						"display_number": "**** **** **** 1234",
						"relation_type": "MAIN",
						"expiration_date": "12/19",
						"image_url": "2517",
						"status": "ACTIVE"
					}
				]
			},
			{
				"key": "1234abc",
				"display_number": "*8901",
				"alias": "MY CHECKING ACCOUNT 2",
				"url": "/accounts/{key}",
				"image_url": "2523",
				"balance": {
					"amount": 100.5,
					"currency_code": "MXN"
				},
				"status": "ACTIVE",
				"related_cards": [
					{
						"display_number": "**** **** **** 1234",
						"relation_type": "MAIN",
						"expiration_date": "12/19",
						"image_url": "2523",
						"status": "ACTIVE"
					}
				]
			},
			{
				"key": "456abc",
				"display_number": "*4567",
				"alias": "MY CHECKING ACCOUNT 3",
				"url": "/accounts/{key}",
				"image_url": "74110101010",
				"balance": {
					"amount": 1000.5,
					"currency_code": "MXN"
				},
				"status": "ACTIVE",
				"related_cards": [
					{
						"display_number": "**** **** **** 1234",
						"relation_type": "MAIN",
						"expiration_date": "12/19",
						"image_url": "74110101010",
						"status": "ACTIVE"
					}
				]
			},
			{
				"key": "789abc",
				"display_number": "*1234",
				"alias": "MY CHECKING ACCOUNT 4",
				"url": "/accounts/{key}",
				"image_url": "74110101010",
				"balance": {
					"amount": 999999999999999.5,
					"currency_code": "MXN"
				},
				"status": "ACTIVE",
				"related_cards": [
					{
						"display_number": "**** **** **** 1234",
						"relation_type": "MAIN",
						"expiration_date": "12/19",
						"image_url": "74110101010",
						"status": "ACTIVE"
					}
				]
			}
		],
		"notifications": [
			{
				"level": "WARNING",
				"code": "E422CDNPAYRCPTG001",
				"message": "Something happened.",
				"timestamp": "2019-09-23T18:19:51.949Z"
			}
		],
		"paging": {
			"next_cursor_key": "10"
		}
	},
	"accountDetail": {
		"data": {
			"key": "4e20fbb243684d9eb19ff33a50ee422e",
			"number": "00922398411",
			"alias": "MY CHECKING ACCOUNT",
			"balance": {
				"amount": 50000.5,
				"currency_code": "MXN"
			},
			"status": "ACTIVE",
			"related_cards": [
				{
					"display_number": "1234 5678 0101 1121",
					"relation_type": "MAIN",
					"expiration_date": "12/19",
					"image_url": "2517",
					"status": "ACTIVE"
				}
			],
			"product": {
				"type": "TRADITIONAL_ACCOUNT",
				"description": "CUENTA TRADICIONAL"
			},
			"related_phone": {
				"phone_number": "5589765423",
				"company": "TELCEL"
			},
			"clabe": "990182 163201 535556",
			"latest_transactions": [
				{
					"creation_date": "2017-07-21T17:32:28Z",
					"amount": {
						"amount": 50000.5,
						"currency_code": "MXN"
					},
					"description": "string"
				}
			]
		},
		"notifications": [
			{
				"level": "WARNING",
				"code": "E422CDNPAYRCPTG001",
				"message": "Something happened.",
				"timestamp": "2019-09-23T18:21:25.785Z"
			}
		]
	},
	"accountTransactions": {
		"data": [
			{
				"key": "123=",
				"display_number": "*0234",
				"creation_date": "2019-11-21T17:32:28Z",
				"description": "Deposito nomina noviembre 2",
				"amount": {
					"amount": 50000.5,
					"currency_code": "MXN"
				}
			},
			{
				"key": "456=",
				"display_number": "*0234",
				"creation_date": "2017-11-15T19:23:28Z",
				"description": "Reintegro Zara",
				"amount": {
					"amount": 350,
					"currency_code": "MXN"
				}
			},
			{
				"key": "789=",
				"display_number": "*0234",
				"creation_date": "2019-11-11T11:15:28Z",
				"description": "CFE",
				"amount": {
					"amount": -280.5,
					"currency_code": "MXN"
				}
			},
			{
				"key": "987=",
				"display_number": "*0234",
				"creation_date": "2019-11-09T08:10:28Z",
				"description": "Cielito Querido Cafe Samara",
				"amount": {
					"amount": -55,
					"currency_code": "MXN"
				}
			},
			{
				"key": "654=",
				"display_number": "*0234",
				"creation_date": "2017-11-08T20:32:28Z",
				"description": "Adidas Originals Parque Delta Nueva Sucursal",
				"amount": {
					"amount": -5999,
					"currency_code": "MXN"
				}
			},
			{
				"key": "321=",
				"display_number": "*0234",
				"creation_date": "2017-11-07T16:32:28Z",
				"description": "Consumo Amazon MX",
				"amount": {
					"amount": -200,
					"currency_code": "MXN"
				}
			},
			{
				"key": "019=",
				"display_number": "*0234",
				"creation_date": "2017-11-05T18:32:28Z",
				"description": "Pago de tarjeta",
				"amount": {
					"amount": -19000.12,
					"currency_code": "MXN"
				}
			}
		],
		"notifications": [
			{
				"level": "WARNING",
				"code": "E422CDNPAYRCPTG001",
				"message": "Something happened.",
				"timestamp": "2019-09-23T18:31:36.647Z"
			}
		],
		"paging": {
			"next_cursor_key": "10"
		}
	},
	"accountTransactionDetail": {
		"data": {
			"key": "4e20fbb243684d9eb19ff33a50ee422e",
			"display_number": "*0234",
			"creation_date": "2017-07-21T17:32:28Z",
			"description": "Consumo Amazon MX",
			"amount": {
				"amount": 50000.5,
				"currency_code": "MXN"
			},
			"number": "872652165",
			"account": {
				"related_card": "4322 5678 4443 1232",
				"running_balance": {
					"amount": 50000.5,
					"currency_code": "MXN"
				}
			},
			"transaction_origin": "1124",
			"references": [
				{
					"type": "CHANNEL",
					"description": "Supermovil",
					"reference": "123456789"
				},
				{
					"type": "TRACKING",
					"description": "Supermovil",
					"reference": "1234567"
				}
			]
		},
		"notifications": [
			{
				"level": "WARNING",
				"code": "E422CDNPAYRCPTG001",
				"message": "Something happened.",
				"timestamp": "2019-09-23T18:33:49.550Z"
			}
		]
	},
	"credits": {
		"data": [
			{
				"key": "4e20fbb243684d9eb19ff33a50ee422e",
				"name": "Aeromexico Blanca",
				"alias": "Tarjeta de Crédito Aeromexico",
				"status": "ACTIVE",
				"due_date": "2019-02-16T23:38:45.408Z",
				"url": "/credits/{credit-key}",
				"balance": {
					"amount": 50000,
					"currency_code": "MXN"
				},
				"available_credit": {
					"amount": 50000,
					"currency_code": "MXN"
				},
				"minimum_payment": {
					"amount": 50000,
					"currency_code": "MXN"
				},
				"statement_balance": {
					"amount": 50000,
					"currency_code": "MXN"
				},
				"related_cards": [
					{
						"display_number": "*1234",
						"relation_type": "MAIN",
						"expiration_date": "12/19",
						"url": "/cards/{card-key}",
						"image_url": "74110101010"
					}
				]
			}
		],
		"notifications": [
			{
				"level": "WARNING",
				"code": "E422CDNPAYRCPTG001",
				"message": "Something happened.",
				"timestamp": "2019-09-23T21:13:09.688Z"
			}
		],
		"paging": {
			"next_cursor_key": "10"
		}
	},
	"creditDetail": {
		"data": {
			"key": "4e20fbb243684d9eb19ff33a50ee422e",
			"name": "Aeromexico Blanca",
			"alias": "Tarjeta de Crédito Aeromexico",
			"status": "ACTIVE",
			"due_date": "2019-02-16T23:38:45.408Z",
			"url": "/credits/{credit-key}",
			"balance": {
				"amount": 50000,
				"currency_code": "MXN"
			},
			"available_credit": {
				"amount": 50000,
				"currency_code": "MXN"
			},
			"minimum_payment": {
				"amount": 50000,
				"currency_code": "MXN"
			},
			"statement_balance": {
				"amount": 50000,
				"currency_code": "MXN"
			},
			"related_cards": [
				{
					"display_number": "1234 1234 5678 9987",
					"relation_type": "MAIN",
					"expiration_date": "12/19",
					"url": "/cards/{card-key}",
					"image_url": "74110101010"
				}
			],
			"statement_date": "2017-02-05T17:32:28Z",
			"credit_limit": {
				"amount": 50000,
				"currency_code": "MXN"
			},
			"fixed_payment": {
				"amount": 50000,
				"currency_code": "MXN"
			},
			"latest_transactions": []
		},
		"notifications": [
			{
				"level": "WARNING",
				"code": "E422CDNPAYRCPTG001",
				"message": "Something happened.",
				"timestamp": "2019-09-23T21:14:45.004Z"
			}
		]
	},
	"creditTransactions": {
		"data": [
			{
				"key": "4e20fbb243684d9eb19ff33a50ee422e",
				"transaction_origin": "Sanborns",
				"creation_date": "2017-02-03T17:32:28Z",
				"posted_date": "2017-02-05T17:32:28Z",
				"url": "/cards/{card-key}/transactions/{transaction-key}",
				"amount": {
					"amount": 50000,
					"currency_code": "MXN"
				}
			}
		],
		"notifications": [
			{
				"level": "WARNING",
				"code": "E422CDNPAYRCPTG001",
				"message": "Something happened.",
				"timestamp": "2019-09-23T21:18:25.973Z"
			}
		],
		"paging": {
			"next_cursor_key": "10"
		}
	},
	"creditTransactionDetail": {
		"data": {
			"key": "4e20fbb243684d9eb19ff33a50ee422e",
			"transaction_origin": "Sanborns",
			"creation_date": "2017-02-03T17:32:28Z",
			"posted_date": "2017-02-05T17:32:28Z",
			"url": "/cards/{card-key}/transactions/{transaction-key}",
			"amount": {
				"amount": 50000,
				"currency_code": "MXN"
			},
			"card_number": "9943 1234 5678 9012",
			"description": "Consumo Amazon MX",
			"references": [
				{
					"type": "CHANNEL",
					"description": "Supermovil",
					"reference": "123456789"
				}
			]
		},
		"notifications": [
			{
				"level": "WARNING",
				"code": "E422CDNPAYRCPTG001",
				"message": "Something happened.",
				"timestamp": "2019-09-23T21:20:54.937Z"
			}
		]
	},
	"paymentsBillPayment": {
		"data": [
			{
				"key": "GPAC000000000026",
				"status": "ACTIVE",
				"type": "UNIQUE",
				"alias": "CFE casa",
				"bill_references": [
					{
						"type": "REFERENCE",
						"reference": "xxxx1234"
					}
				],
				"balance": {
					"currency_code": "MXN",
					"amount": 50000
				},
				"entitlements": ["LOCK", "DISABLE", "RECURRENT"],
				"url": "http://{host}/bill/{key}",
				"last_payment": {
					"payment_key": "IDPR0000000000015",
					"status": "PAGADO",
					"due_date": "2017-04-22",
					"processing_date": "2019-03-02T11:14:54Z",
					"description": "Operación Exitosa",
					"amount_paid": {
						"currency_code": "MXN",
						"amount": 50000
					}
				},
				"next_payment": {
					"payment_key": "IDPR0000000000015",
					"status": "PAGADO",
					"due_date": "2017-04-22",
					"processing_date": "2019-03-02T11:14:54Z",
					"description": "Operación Exitosa",
					"amount_paid": {
						"currency_code": "MXN",
						"amount": 50000
					}
				},
				"biller": {
					"agreement": "8001",
					"name": "AT&T(IUSACELL)",
					"description": "Servicios de Telecomunicaciones",
					"type": "TELEFONÍA MÓVIL",
					"url_logo": "http://host/cfe.jpg",
					"frequency": "MENSUAL"
				}
			}
		],
		"notifications": [
			{
				"level": "WARNING",
				"code": "E422CDNPAYRCPTG001",
				"message": "Something happened.",
				"timestamp": "2019-02-16T23:38:45.408Z"
			}
		]
	},
	"paymentsBillPaymentDetail": {
		"data": {
			"key": "GPAC000000000026",
			"status": "ACTIVE",
			"type": "UNIQUE",
			"alias": "CFE casa",
			"bill_references": [
				{
					"type": "REFERENCE",
					"reference": "xxxx1234"
				}
			],
			"balance": {
				"currency_code": "MXN",
				"amount": 50000
			},
			"entitlements": ["LOCK", "DISABLE", "RECURRENT"],
			"url": "http://{host}/bill/{key}",
			"operation_date": "2019-03-02T11:14:54Z",
			"maximum_amount": {
				"currency_code": "MXN",
				"amount": 50000
			},
			"bill_payment_notifications": [
				{
					"type": "SuccessfulPayment",
					"status": "ACTIVE"
				}
			],
			"last_payment": {
				"payment_key": "IDPR0000000000015",
				"status": "PAGADO",
				"due_date": "2017-04-22",
				"processing_date": "2019-03-02T11:14:54Z",
				"description": "Operación Exitosa",
				"amount_paid": {
					"currency_code": "MXN",
					"amount": 50000
				}
			},
			"next_payment": {
				"payment_key": "IDPR0000000000015",
				"status": "PAGADO",
				"due_date": "2017-04-22",
				"processing_date": "2019-03-02T11:14:54Z",
				"description": "Operación Exitosa",
				"amount_paid": {
					"currency_code": "MXN",
					"amount": 50000
				}
			},
			"associated_card": {
				"display_number": "00***384",
				"display_account": "00***356",
				"alias": "MY CARD",
				"url_img_card": "http://{host}/12345.jpg",
				"balance": {
					"currency_code": "MXN",
					"amount": 50000
				}
			},
			"biller": {
				"agreement": "8001",
				"name": "AT&T(IUSACELL)",
				"description": "Servicios de Telecomunicaciones",
				"type": "TELEFONÍA MÓVIL",
				"url_logo": "http://host/cfe.jpg",
				"frequency": "MENSUAL"
			},
			"customer_email": "magarciala@santander.com.mx"
		},
		"notifications": [
			{
				"level": "WARNING",
				"code": "E422CDNPAYRCPTG001",
				"message": "Something happened.",
				"timestamp": "2019-02-16T23:38:45.408Z"
			}
		]
	},
	"paymentsBillers": {
		"data": [
			{
				"key": "4e20fbb243684d9eb19ff33a50ee422e",
				"agreement": "0245",
				"name": "TELCEL",
				"description": "Servicios de Telecomunicaciones",
				"type": "TELEFONIA MOVIL",
				"status": "ACTIVE",
				"last_operation_date": "14/11/19 15:33:11:01",
				"url_logo": "http://host/cfe.jpg",
				"url": "http://host/biller/{biller-key}",
				"support_payments": ["UNIQUE"],
				"frequency": "MENSUAL",
				"references_type": [
					{
						"type": "REFERENCE",
						"pattern": "\\d{10,12}",
						"support_scan": false
					}
				],
				"url_receipt_debit": "http://host/cfe_receiptt.jpg"
			}
		],
		"notifications": [
			{
				"level": "WARNING",
				"code": "E422CDNPAYRCPTG001",
				"message": "Something happened.",
				"timestamp": "2019-02-16T23:38:45.408Z"
			}
		]
	},
	"paymentsBillerDetail": {
		"data": {
			"key": "4e20fbb243684d9eb19ff33a50ee422e",
			"agreement": "0245",
			"name": "TELCEL",
			"description": "Servicios de Telecomunicaciones",
			"type": "TELEFONIA MOVIL",
			"status": "ACTIVE",
			"last_operation_date": "14/11/19 15:33:11:01",
			"url_logo": "http://host/cfe.jpg",
			"url": "http://host/biller/{biller-key}",
			"support_payments": ["UNIQUE"],
			"frequency": "MENSUAL",
			"references_type": [
				{
					"type": "REFERENCE",
					"pattern": "\\d{10,12}",
					"support_scan": false
				}
			],
			"url_receipt_debit": "http://host/cfe_receiptt.jpg"
		},
		"notifications": [
			{
				"level": "WARNING",
				"code": "E422CDNPAYRCPTG001",
				"message": "Something happened.",
				"timestamp": "2019-02-16T23:38:45.408Z"
			}
		]
	},
	"transfers": {
		"data": [
			{
				"key": "4e20fbb243684d9eb19ff33a50ee422e",
				"effective_date": "2019-02-16T23:38:45.408Z",
				"status": "ACCEPTED",
				"from_account": "9**1234",
				"to_account": "9**1234",
				"to_payee": {
					"name": "Jose Ma. Camacho Hernandez",
					"alias": "Primo Juan",
					"bank": "BANCO NACIONAL MEXICANO S.A. de C.V"
				},
				"amount": {
					"currency_code": "MXN",
					"amount": 123456
				},
				"concept": "Food payment",
				"references": [
					{
						"type": "CHANNEL",
						"description": "Supermovil",
						"reference": "123456789"
					}
				],
				"url": "http://host/transfers/{transfer-key}",
				"operation_type": "TRANSFER"
			}
		],
		"notifications": [
			{
				"level": "WARNING",
				"code": "E422CDNPAYRCPTG001",
				"message": "Something happened.",
				"timestamp": "2019-09-24T18:18:52.470Z"
			}
		],
		"paging": {
			"next_cursor_key": "10"
		}
	},
	"transferDetail": {
		"data": {
			"key": "4e20fbb243684d9eb19ff33a50ee422e",
			"effective_date": "2019-02-16T23:38:45.408Z",
			"status": "ACCEPTED",
			"from_account": "9**1234",
			"to_account": "9**1234",
			"to_payee": {
				"name": "Jose Ma. Camacho Hernandez",
				"alias": "Primo Juan",
				"bank": "BANCO NACIONAL MEXICANO S.A. de C.V"
			},
			"amount": {
				"currency_code": "MXN",
				"amount": 123456
			},
			"concept": "Food payment",
			"references": [
				{
					"type": "CHANNEL",
					"description": "Supermovil",
					"reference": "123456789"
				}
			],
			"operation_type": "TRANSFER",
			"url_receipt": "https://www.example.org.mx/cep/19845"
		},
		"notifications": [
			{
				"level": "WARNING",
				"code": "E422CDNPAYRCPTG001",
				"message": "Something happened.",
				"timestamp": "2019-09-24T18:27:29.863Z"
			}
		]
	},
	"payees": {
		"data": [
			{
				"key": "0m29qh0l7xy6oattzh65kq2jgn19fbx6",
				"account": {
					"number": "*8902",
					"account_type": "THIRDPARTY_SANTANDER_ACCOUNT",
					"bank": "Santander"
				},
				"name": "Jack Jacobs",
				"alias": "The Fourth",
				"url": "/beneficiaries/{beneficiary-key}",
				"personal_identifier": "MARE921122HJKDLN01"
			},
			{
				"key": "otmn77lqcc111oblddj1rekjfk52vqe3",
				"account": {
					"number": "*6369",
					"account_type": "CLABE",
					"bank": "SCOTIABANK"
				},
				"name": "Rosie Franklin",
				"alias": "Juris Doctor",
				"url": "/beneficiaries/{beneficiary-key}",
				"personal_identifier": "MARE921122HJKDLN01"
			},
			{
				"key": "62k8i7sjq69rvxuueaduwagwnkvr3jjq3",
				"account": {
					"number": "*7890",
					"account_type": "THIRDPARTY_SANTANDER_MOBILE_ACCOUNT",
					"bank": "Santander"
				},
				"name": "Owen Saunders",
				"alias": "The Third",
				"url": "/beneficiaries/{beneficiary-key}",
				"personal_identifier": "MARE921122HJKDLN01"
			},
			{
				"key": "62k8i7sjq69rvxuueaduwagwnkvr3jjq4",
				"account": {
					"number": "*8901",
					"account_type": "INTERBANK_MOBILE_ACCOUNT",
					"bank": "Santander"
				},
				"name": "Owen Saunders Maggy",
				"alias": "The Third Maggy",
				"url": "/beneficiaries/{beneficiary-key}",
				"personal_identifier": "MARE921122HJKDLN01"
			},
			{
				"key": "62k8i7sjq69rvxuueaduwagwnkvr3jjq5",
				"account": {
					"number": "*8765",
					"account_type": "THIRDPARTY_SANTANDER_DEBIT_CARD",
					"bank": "Santander"
				},
				"name": "Owen Saunders",
				"alias": "The Third Maggy",
				"url": "/beneficiaries/{beneficiary-key}",
				"personal_identifier": "MARE921122HJKDLN01"
			},
			{
				"key": "62k8i7sjq69rvxuueaduwagwnkvr3jjq6",
				"account": {
					"number": "*8765",
					"account_type": "INTERBANK_DEBIT_CARD",
					"bank": "HSBC"
				},
				"name": "Owen Saunders Bychy",
				"alias": "The Third Maggy",
				"url": "/beneficiaries/{beneficiary-key}",
				"personal_identifier": "MARE921122HJKDLN01"
			},
			{
				"key": "62k8i7sjq69rvxuueaduwagwnkvr3jjq7",
				"account": {
					"number": "*8765",
					"account_type": "THIRDPARTY_SANTANDER_CREDIT_CARD",
					"bank": "Santander"
				},
				"name": "Owen Saunders Master",
				"alias": "The Third March",
				"url": "/beneficiaries/{beneficiary-key}",
				"personal_identifier": "MARE921122HJKDLN01"
			},
			{
				"key": "62k8i7sjq69rvxuueaduwagwnkvr3jjq8",
				"account": {
					"number": "*8765",
					"account_type": "INTERBANK_CREDIT_CARD",
					"bank": "Bancomer"
				},
				"name": "Owen Master Maggy",
				"alias": "The March Sim",
				"url": "/beneficiaries/{beneficiary-key}",
				"personal_identifier": "MARE921122HJKDLN01"
			}
		],
		"notifications": [
			{
				"level": "WARNING",
				"code": "E422CDNPAYRCPTG001",
				"message": "Something happened.",
				"timestamp": "2019-09-24T19:06:19.435Z"
			}
		],
		"paging": {
			"next_cursor_key": "10"
		}
	},
	"payeeDetail": {
		"data": {
			"name": "Jose Ma. Camacho Hernandez",
			"alias": "Primo Juan",
			"account": {
				"number": "02283020192",
				"bank": "BANCO NACIONAL MEXICANO S.A. de C.V",
				"account_type": "THIRDPARTY_SANTANDER_ACCOUNT"
			},
			"key": "4e20fbb243684d9eb19ff33a50ee422e",
			"personal_identifier": "MARE921122HJKDLN01",
			"creation_date": "2019-02-16T23:38:45.408Z",
			"status": "CREATED",
			"activation_time": "2019-02-16T23:38:45.408Z"
		},
		"notifications": [
			{
				"level": "WARNING",
				"code": "E422CDNPAYRCPTG001",
				"message": "Something happened.",
				"timestamp": "2019-09-24T19:06:57.030Z"
			}
		]
	},
	"payeeLookup": {
		"data": {
			"name": "Jose Ma. Camacho Hernandez",
			"alias": "Primo Juan",
			"account": {
				"number": "02283020192",
				"bank": "Santander",
				"account_type": "THIRDPARTY_SANTANDER_ACCOUNT"
			}
		},
		"notifications": [
			{
				"level": "WARNING",
				"code": "E422CDNPAYRCPTG001",
				"message": "Something happened.",
				"timestamp": "2019-12-09T15:56:22.220Z"
			}
		]
	},
	"transfersBalances": {
		"data": [
			{
				"card_key": "xxxxxxxxxx",
				"card_number": "0000 ** 0000",
				"card_image": "https://c2simage/aeromexico.png",
				"account_balance": {
					"currency_code": "MXN",
					"amount": 123456
				},
				"account_balance_consulted_date": "04 de Junio",
				"transfer_enable": true,
				"transfer_maximum_allowed": 10,
				"transfer_classification": "9 x cada mil",
				"balance_transfer": {
					"amount": {
						"currency_code": "MXN",
						"amount": 123456
					},
					"monthly_instalment": {
						"currency_code": "MXN",
						"amount": 123456
					},
					"instalment": 12,
					"interest_rate": 0.1002,
					"interest_rate_percentage": 10.02
				},
				"entitlements": [
					{
						"key": "BALANCE TRANSFER",
						"value": "BALANCES"
					}
				]
			}
		],
		"notifications": [
			{
				"level": "WARNING",
				"code": "E422CDNPAYRCPTG001",
				"message": "Something happened.",
				"timestamp": "2019-09-24T20:35:30.710Z"
			}
		]
	},
	"transfersBalancesOrders": {
		"data": {
			"key": "xxxxxxxxxx",
			"order_number": 723838,
			"operation_date": "28/02/2019 10:00:00",
			"balance_transfers": [
				{
					"from_card": {
						"name": "Aeromexico",
						"image": "https://c2simage/aeromexico.png",
						"number": "xxxx xxxx xxxx 0000"
					},
					"operations": [
						{
							"key": "xxxxxxxxxx",
							"to_external_card_number": "xxxx xxxx xxxx 0000",
							"balance_amount": {
								"currency_code": "MXN",
								"amount": 123456
							},
							"monthly_payment": {
								"currency_code": "MXN",
								"amount": 123456
							},
							"instalments": 12,
							"payment_rate": 20.02,
							"cat_rate": 20
						}
					],
					"balances_total_amount": {
						"currency_code": "MXN",
						"amount": 123456
					}
				}
			],
			"tooltips": [
				{
					"title": "Importe",
					"message_toolTip": "El pago por cada 1000 pesos es de 20"
				}
			],
			"agreement_url": "/products/offers/{key}/terms",
			"email_origin": "MACROBASE",
			"email": "correo@example.com.mx",
			"email_info_message": "",
			"entitlements": [
				{
					"key": "BALANCE TRANSFER",
					"value": "BALANCES"
				}
			]
		},
		"notifications": [
			{
				"level": "WARNING",
				"code": "E422CDNPAYRCPTG001",
				"message": "Something happened.",
				"timestamp": "2019-09-24T21:39:51.349Z"
			}
		]
	},
	"banks": {
		"data": [
			{
				"key": "01",
				"name": "Banamex"
			}
		],
		"notifications": [
			{
				"level": "WARNING",
				"code": "E422CDNPAYRCPTG001",
				"message": "Something happened.",
				"timestamp": "2019-09-24T21:53:51.106Z"
			}
		]
	}
}
