{
	"/oauth2/v1/token": "/oauthToken",
	"/api/accounts": "/accounts",
	"/api/accounts\\?cursor=:cursor&limit=:limit": "/accounts",
	"/api/accounts/:key": "/accountDetail",
	"/api/accounts/:key/transactions\\?cursor=:cursor": "/accountTransactions",
	"/api/accounts/:key/transactions/:keyTrans": "/accountTransactionDetail",
	"/api/credits": "/credits",
	"/api/credits\\?cursor=:cursor&limit=:limit": "/credits",
	"/api/credits/:key": "/creditDetail",
	"/api/credits/:key/transactions\\?cursor=:cursor": "/creditTransactions",
	"/api/credits/:key/transactions/:keyTrans": "/creditTransactionDetail",
	"/api/payments/bill-payments": "/paymentsBillPayment",
	"/api/payments/bill-payments/:key": "/paymentsBillPaymentDetail",
	"/api/payments/billers": "/paymentsBillers",
	"/api/payments/billers/:key": "/paymentsBillerDetail",
	"/api/transfers": "/transfers",
	"/api/transfers/payees/lookup\\?search_type=:search_type&search_value=:search_value": "/payeeLookup",
	"/api/transfers/payees\\?cursor=:cursor&limit=:limit": "/payees",
	"/api/transfers/payees/:key": "/payeeDetail",
	"/api/transfers/balances/:key": "/transfersBalances",
	"/api/transfers/balances/orders/:key": "/transfersBalancesOrders",
	"/api/transfers/banks": "/banks",
	"/api/customers/me": "/getCustomerInfo",
	"/api/customers/me/settings": "/getCustomerSettings"
}
