{"v":"5.4.4","fr":60,"ip":0,"op":31,"w":140,"h":140,"nm":"▽ MAS 2 solo icon","ddd":0,"assets":[],"layers":[{"ddd":0,"ind":1,"ty":3,"nm":"NULL 4","sr":1,"ks":{"o":{"a":0,"k":0,"ix":11},"r":{"a":0,"k":0,"ix":10},"p":{"a":0,"k":[70,69.969,0],"ix":2},"a":{"a":0,"k":[60,60,0],"ix":1},"s":{"a":1,"k":[{"i":{"x":[0.588,0.588,0.67],"y":[1,1,1]},"o":{"x":[0.33,0.33,0.33],"y":[0,0,0]},"t":12,"s":[0,0,100],"e":[120,120,100]},{"i":{"x":[0.551,0.551,0.67],"y":[1,1,1]},"o":{"x":[0.39,0.39,0.33],"y":[0,0,0]},"t":20,"s":[120,120,100],"e":[100,100,100]},{"t":27}],"ix":6}},"ao":0,"ip":12,"op":72,"st":12,"bm":0},{"ddd":0,"ind":2,"ty":3,"nm":"NULL 3","sr":1,"ks":{"o":{"a":0,"k":0,"ix":11},"r":{"a":0,"k":0,"ix":10},"p":{"a":0,"k":[70,69.969,0],"ix":2},"a":{"a":0,"k":[60,60,0],"ix":1},"s":{"a":1,"k":[{"i":{"x":[0.588,0.588,0.67],"y":[1,1,1]},"o":{"x":[0.33,0.33,0.33],"y":[0,0,0]},"t":8,"s":[0,0,100],"e":[120,120,100]},{"i":{"x":[0.551,0.551,0.67],"y":[1,1,1]},"o":{"x":[0.39,0.39,0.33],"y":[0,0,0]},"t":16,"s":[120,120,100],"e":[100,100,100]},{"t":23}],"ix":6}},"ao":0,"ip":8,"op":68,"st":8,"bm":0},{"ddd":0,"ind":3,"ty":3,"nm":"NULL 2","sr":1,"ks":{"o":{"a":0,"k":0,"ix":11},"r":{"a":0,"k":0,"ix":10},"p":{"a":0,"k":[70,69.969,0],"ix":2},"a":{"a":0,"k":[60,60,0],"ix":1},"s":{"a":1,"k":[{"i":{"x":[0.588,0.588,0.67],"y":[1,1,1]},"o":{"x":[0.33,0.33,0.33],"y":[0,0,0]},"t":4,"s":[0,0,100],"e":[120,120,100]},{"i":{"x":[0.551,0.551,0.67],"y":[1,1,1]},"o":{"x":[0.39,0.39,0.33],"y":[0,0,0]},"t":12,"s":[120,120,100],"e":[100,100,100]},{"t":19}],"ix":6}},"ao":0,"ip":4,"op":64,"st":4,"bm":0},{"ddd":0,"ind":4,"ty":3,"nm":"NULL","sr":1,"ks":{"o":{"a":0,"k":0,"ix":11},"r":{"a":0,"k":0,"ix":10},"p":{"a":0,"k":[70,69.969,0],"ix":2},"a":{"a":0,"k":[60,60,0],"ix":1},"s":{"a":1,"k":[{"i":{"x":[0.588,0.588,0.67],"y":[1,1,1]},"o":{"x":[0.33,0.33,0.33],"y":[0,0,0]},"t":0,"s":[0,0,100],"e":[120,120,100]},{"i":{"x":[0.551,0.551,0.67],"y":[1,1,1]},"o":{"x":[0.39,0.39,0.33],"y":[0,0,0]},"t":8,"s":[120,120,100],"e":[100,100,100]},{"t":15}],"ix":6}},"ao":0,"ip":0,"op":60,"st":0,"bm":0},{"ddd":0,"ind":5,"ty":4,"nm":"Shape 3","parent":4,"sr":1,"ks":{"o":{"a":0,"k":100,"ix":11},"r":{"a":0,"k":0,"ix":10},"p":{"a":0,"k":[60.5,60,0],"ix":2},"a":{"a":0,"k":[0,0,0],"ix":1},"s":{"a":0,"k":[100,100,100],"ix":6}},"ao":0,"hasMask":true,"masksProperties":[{"inv":false,"mode":"a","pt":{"a":0,"k":{"i":[[0,0],[0,0],[0,0],[0,0]],"o":[[0,0],[0,0],[0,0],[0,0]],"v":[[0.455,-61],[-59.5,-61],[-59.5,0.062],[0.455,0.062]],"c":true},"ix":1},"o":{"a":0,"k":100,"ix":3},"x":{"a":0,"k":0,"ix":4},"nm":"Mask 1"}],"shapes":[{"ty":"gr","it":[{"ty":"gr","it":[{"ind":0,"ty":"sh","ix":1,"ks":{"a":0,"k":{"i":[[2.94,0],[0,2.94],[-2.94,0],[0,-2.94]],"o":[[-2.94,0],[0,-2.94],[2.94,0],[0,2.94]],"v":[[-6.67,12.003],[-12,6.663],[-6.67,1.333],[-1.33,6.663]],"c":true},"ix":2},"nm":"Path 1","mn":"ADBE Vector Shape - Group","hd":false},{"ind":1,"ty":"sh","ix":2,"ks":{"a":0,"k":{"i":[[2.21,0],[0,-2.21],[-2.21,0],[0,2.21]],"o":[[-2.21,0],[0,2.21],[2.21,0],[0,-2.21]],"v":[[-6.667,2.667],[-10.667,6.667],[-6.667,10.667],[-2.667,6.667]],"c":true},"ix":2},"nm":"Path 2","mn":"ADBE Vector Shape - Group","hd":false},{"ind":2,"ty":"sh","ix":3,"ks":{"a":0,"k":{"i":[[-2.94,0],[0,-2.94],[2.94,0],[0,2.94]],"o":[[2.94,0],[0,2.94],[-2.94,0],[0,-2.94]],"v":[[6.663,1.333],[12.003,6.663],[6.663,12.003],[1.333,6.663]],"c":true},"ix":2},"nm":"Path 3","mn":"ADBE Vector Shape - Group","hd":false},{"ind":3,"ty":"sh","ix":4,"ks":{"a":0,"k":{"i":[[-2.21,0],[0,2.21],[2.21,0],[0,-2.21]],"o":[[2.21,0],[0,-2.21],[-2.21,0],[0,2.21]],"v":[[6.667,10.667],[10.667,6.667],[6.667,2.667],[2.667,6.667]],"c":true},"ix":2},"nm":"Path 4","mn":"ADBE Vector Shape - Group","hd":false},{"ind":4,"ty":"sh","ix":5,"ks":{"a":0,"k":{"i":[[2.94,0],[0,2.94],[-2.94,0],[0,-2.94]],"o":[[-2.94,0],[0,-2.94],[2.94,0],[0,2.94]],"v":[[-6.67,-1.33],[-12,-6.67],[-6.67,-12],[-1.33,-6.67]],"c":true},"ix":2},"nm":"Path 5","mn":"ADBE Vector Shape - Group","hd":false},{"ind":5,"ty":"sh","ix":6,"ks":{"a":0,"k":{"i":[[2.21,0],[0,-2.21],[-2.21,0],[0,2.21]],"o":[[-2.21,0],[0,2.21],[2.21,0],[0,-2.21]],"v":[[-6.667,-10.667],[-10.667,-6.667],[-6.667,-2.667],[-2.667,-6.667]],"c":true},"ix":2},"nm":"Path 6","mn":"ADBE Vector Shape - Group","hd":false},{"ind":6,"ty":"sh","ix":7,"ks":{"a":0,"k":{"i":[[-2.94,0],[0,-2.94],[2.94,0],[0,2.94]],"o":[[2.94,0],[0,2.94],[-2.94,0],[0,-2.94]],"v":[[6.663,-12],[12.003,-6.67],[6.663,-1.33],[1.333,-6.67]],"c":true},"ix":2},"nm":"Path 7","mn":"ADBE Vector Shape - Group","hd":false},{"ind":7,"ty":"sh","ix":8,"ks":{"a":0,"k":{"i":[[-2.21,0],[0,2.21],[2.21,0],[0,-2.21]],"o":[[2.21,0],[0,-2.21],[-2.21,0],[0,2.21]],"v":[[6.667,-2.667],[10.667,-6.667],[6.667,-10.667],[2.667,-6.667]],"c":true},"ix":2},"nm":"Path 8","mn":"ADBE Vector Shape - Group","hd":false},{"ty":"tr","p":{"a":0,"k":[0,0],"ix":2},"a":{"a":0,"k":[0,0],"ix":1},"s":{"a":0,"k":[100,100],"ix":3},"r":{"a":0,"k":0,"ix":6},"o":{"a":0,"k":100,"ix":7},"sk":{"a":0,"k":0,"ix":4},"sa":{"a":0,"k":0,"ix":5},"nm":"Transform"}],"nm":"Group 1","np":8,"cix":2,"bm":0,"ix":1,"mn":"ADBE Vector Group","hd":false},{"ty":"mm","mm":1,"nm":"Merge Paths 1","mn":"ADBE Vector Filter - Merge","hd":false},{"ty":"fl","c":{"a":0,"k":[0.925490196078,0,0,1],"ix":4},"o":{"a":0,"k":100,"ix":5},"r":1,"bm":0,"nm":"Fill 1","mn":"ADBE Vector Graphic - Fill","hd":false},{"ty":"tr","p":{"a":0,"k":[0,0],"ix":2},"a":{"a":0,"k":[0,0],"ix":1},"s":{"a":0,"k":[400,400],"ix":3},"r":{"a":0,"k":0,"ix":6},"o":{"a":0,"k":100,"ix":7},"sk":{"a":0,"k":0,"ix":4},"sa":{"a":0,"k":0,"ix":5},"nm":"Transform"}],"nm":"Shape","np":3,"cix":2,"bm":0,"ix":1,"mn":"ADBE Vector Group","hd":false}],"ip":0,"op":60,"st":0,"bm":0},{"ddd":0,"ind":6,"ty":4,"nm":"Shape","parent":3,"sr":1,"ks":{"o":{"a":0,"k":100,"ix":11},"r":{"a":0,"k":0,"ix":10},"p":{"a":0,"k":[60.5,60,0],"ix":2},"a":{"a":0,"k":[0,0,0],"ix":1},"s":{"a":0,"k":[100,100,100],"ix":6}},"ao":0,"hasMask":true,"masksProperties":[{"inv":false,"mode":"a","pt":{"a":0,"k":{"i":[[0,0],[0,0],[0,0],[0,0]],"o":[[0,0],[0,0],[0,0],[0,0]],"v":[[62.5,-56.5],[2.6,-56.5],[2.6,0.82],[62.5,0.82]],"c":true},"ix":1},"o":{"a":0,"k":100,"ix":3},"x":{"a":0,"k":0,"ix":4},"nm":"Mask 1"}],"shapes":[{"ty":"gr","it":[{"ty":"gr","it":[{"ind":0,"ty":"sh","ix":1,"ks":{"a":0,"k":{"i":[[2.94,0],[0,2.94],[-2.94,0],[0,-2.94]],"o":[[-2.94,0],[0,-2.94],[2.94,0],[0,2.94]],"v":[[-6.67,12.003],[-12,6.663],[-6.67,1.333],[-1.33,6.663]],"c":true},"ix":2},"nm":"Path 1","mn":"ADBE Vector Shape - Group","hd":false},{"ind":1,"ty":"sh","ix":2,"ks":{"a":0,"k":{"i":[[2.21,0],[0,-2.21],[-2.21,0],[0,2.21]],"o":[[-2.21,0],[0,2.21],[2.21,0],[0,-2.21]],"v":[[-6.667,2.667],[-10.667,6.667],[-6.667,10.667],[-2.667,6.667]],"c":true},"ix":2},"nm":"Path 2","mn":"ADBE Vector Shape - Group","hd":false},{"ind":2,"ty":"sh","ix":3,"ks":{"a":0,"k":{"i":[[-2.94,0],[0,-2.94],[2.94,0],[0,2.94]],"o":[[2.94,0],[0,2.94],[-2.94,0],[0,-2.94]],"v":[[6.663,1.333],[12.003,6.663],[6.663,12.003],[1.333,6.663]],"c":true},"ix":2},"nm":"Path 3","mn":"ADBE Vector Shape - Group","hd":false},{"ind":3,"ty":"sh","ix":4,"ks":{"a":0,"k":{"i":[[-2.21,0],[0,2.21],[2.21,0],[0,-2.21]],"o":[[2.21,0],[0,-2.21],[-2.21,0],[0,2.21]],"v":[[6.667,10.667],[10.667,6.667],[6.667,2.667],[2.667,6.667]],"c":true},"ix":2},"nm":"Path 4","mn":"ADBE Vector Shape - Group","hd":false},{"ind":4,"ty":"sh","ix":5,"ks":{"a":0,"k":{"i":[[2.94,0],[0,2.94],[-2.94,0],[0,-2.94]],"o":[[-2.94,0],[0,-2.94],[2.94,0],[0,2.94]],"v":[[-6.67,-1.33],[-12,-6.67],[-6.67,-12],[-1.33,-6.67]],"c":true},"ix":2},"nm":"Path 5","mn":"ADBE Vector Shape - Group","hd":false},{"ind":5,"ty":"sh","ix":6,"ks":{"a":0,"k":{"i":[[2.21,0],[0,-2.21],[-2.21,0],[0,2.21]],"o":[[-2.21,0],[0,2.21],[2.21,0],[0,-2.21]],"v":[[-6.667,-10.667],[-10.667,-6.667],[-6.667,-2.667],[-2.667,-6.667]],"c":true},"ix":2},"nm":"Path 6","mn":"ADBE Vector Shape - Group","hd":false},{"ind":6,"ty":"sh","ix":7,"ks":{"a":0,"k":{"i":[[-2.94,0],[0,-2.94],[2.94,0],[0,2.94]],"o":[[2.94,0],[0,2.94],[-2.94,0],[0,-2.94]],"v":[[6.663,-12],[12.003,-6.67],[6.663,-1.33],[1.333,-6.67]],"c":true},"ix":2},"nm":"Path 7","mn":"ADBE Vector Shape - Group","hd":false},{"ind":7,"ty":"sh","ix":8,"ks":{"a":0,"k":{"i":[[-2.21,0],[0,2.21],[2.21,0],[0,-2.21]],"o":[[2.21,0],[0,-2.21],[-2.21,0],[0,2.21]],"v":[[6.667,-2.667],[10.667,-6.667],[6.667,-10.667],[2.667,-6.667]],"c":true},"ix":2},"nm":"Path 8","mn":"ADBE Vector Shape - Group","hd":false},{"ty":"tr","p":{"a":0,"k":[0,0],"ix":2},"a":{"a":0,"k":[0,0],"ix":1},"s":{"a":0,"k":[100,100],"ix":3},"r":{"a":0,"k":0,"ix":6},"o":{"a":0,"k":100,"ix":7},"sk":{"a":0,"k":0,"ix":4},"sa":{"a":0,"k":0,"ix":5},"nm":"Transform"}],"nm":"Group 1","np":8,"cix":2,"bm":0,"ix":1,"mn":"ADBE Vector Group","hd":false},{"ty":"mm","mm":1,"nm":"Merge Paths 1","mn":"ADBE Vector Filter - Merge","hd":false},{"ty":"fl","c":{"a":0,"k":[0.925490196078,0,0,1],"ix":4},"o":{"a":0,"k":100,"ix":5},"r":1,"bm":0,"nm":"Fill 1","mn":"ADBE Vector Graphic - Fill","hd":false},{"ty":"tr","p":{"a":0,"k":[0,0],"ix":2},"a":{"a":0,"k":[0,0],"ix":1},"s":{"a":0,"k":[400,400],"ix":3},"r":{"a":0,"k":0,"ix":6},"o":{"a":0,"k":100,"ix":7},"sk":{"a":0,"k":0,"ix":4},"sa":{"a":0,"k":0,"ix":5},"nm":"Transform"}],"nm":"Shape","np":3,"cix":2,"bm":0,"ix":1,"mn":"ADBE Vector Group","hd":false}],"ip":0,"op":60,"st":0,"bm":0},{"ddd":0,"ind":7,"ty":4,"nm":"Shape 2","parent":2,"sr":1,"ks":{"o":{"a":0,"k":100,"ix":11},"r":{"a":0,"k":0,"ix":10},"p":{"a":0,"k":[60.5,60,0],"ix":2},"a":{"a":0,"k":[0,0,0],"ix":1},"s":{"a":0,"k":[100,100,100],"ix":6}},"ao":0,"hasMask":true,"masksProperties":[{"inv":false,"mode":"a","pt":{"a":0,"k":{"i":[[0,0],[0,0],[0,0],[0,0]],"o":[[0,0],[0,0],[0,0],[0,0]],"v":[[62,0.252],[0.643,0.252],[0.643,63],[62,63]],"c":true},"ix":1},"o":{"a":0,"k":100,"ix":3},"x":{"a":0,"k":0,"ix":4},"nm":"Mask 1"}],"shapes":[{"ty":"gr","it":[{"ty":"gr","it":[{"ind":0,"ty":"sh","ix":1,"ks":{"a":0,"k":{"i":[[2.94,0],[0,2.94],[-2.94,0],[0,-2.94]],"o":[[-2.94,0],[0,-2.94],[2.94,0],[0,2.94]],"v":[[-6.67,12.003],[-12,6.663],[-6.67,1.333],[-1.33,6.663]],"c":true},"ix":2},"nm":"Path 1","mn":"ADBE Vector Shape - Group","hd":false},{"ind":1,"ty":"sh","ix":2,"ks":{"a":0,"k":{"i":[[2.21,0],[0,-2.21],[-2.21,0],[0,2.21]],"o":[[-2.21,0],[0,2.21],[2.21,0],[0,-2.21]],"v":[[-6.667,2.667],[-10.667,6.667],[-6.667,10.667],[-2.667,6.667]],"c":true},"ix":2},"nm":"Path 2","mn":"ADBE Vector Shape - Group","hd":false},{"ind":2,"ty":"sh","ix":3,"ks":{"a":0,"k":{"i":[[-2.94,0],[0,-2.94],[2.94,0],[0,2.94]],"o":[[2.94,0],[0,2.94],[-2.94,0],[0,-2.94]],"v":[[6.663,1.333],[12.003,6.663],[6.663,12.003],[1.333,6.663]],"c":true},"ix":2},"nm":"Path 3","mn":"ADBE Vector Shape - Group","hd":false},{"ind":3,"ty":"sh","ix":4,"ks":{"a":0,"k":{"i":[[-2.21,0],[0,2.21],[2.21,0],[0,-2.21]],"o":[[2.21,0],[0,-2.21],[-2.21,0],[0,2.21]],"v":[[6.667,10.667],[10.667,6.667],[6.667,2.667],[2.667,6.667]],"c":true},"ix":2},"nm":"Path 4","mn":"ADBE Vector Shape - Group","hd":false},{"ind":4,"ty":"sh","ix":5,"ks":{"a":0,"k":{"i":[[2.94,0],[0,2.94],[-2.94,0],[0,-2.94]],"o":[[-2.94,0],[0,-2.94],[2.94,0],[0,2.94]],"v":[[-6.67,-1.33],[-12,-6.67],[-6.67,-12],[-1.33,-6.67]],"c":true},"ix":2},"nm":"Path 5","mn":"ADBE Vector Shape - Group","hd":false},{"ind":5,"ty":"sh","ix":6,"ks":{"a":0,"k":{"i":[[2.21,0],[0,-2.21],[-2.21,0],[0,2.21]],"o":[[-2.21,0],[0,2.21],[2.21,0],[0,-2.21]],"v":[[-6.667,-10.667],[-10.667,-6.667],[-6.667,-2.667],[-2.667,-6.667]],"c":true},"ix":2},"nm":"Path 6","mn":"ADBE Vector Shape - Group","hd":false},{"ind":6,"ty":"sh","ix":7,"ks":{"a":0,"k":{"i":[[-2.94,0],[0,-2.94],[2.94,0],[0,2.94]],"o":[[2.94,0],[0,2.94],[-2.94,0],[0,-2.94]],"v":[[6.663,-12],[12.003,-6.67],[6.663,-1.33],[1.333,-6.67]],"c":true},"ix":2},"nm":"Path 7","mn":"ADBE Vector Shape - Group","hd":false},{"ind":7,"ty":"sh","ix":8,"ks":{"a":0,"k":{"i":[[-2.21,0],[0,2.21],[2.21,0],[0,-2.21]],"o":[[2.21,0],[0,-2.21],[-2.21,0],[0,2.21]],"v":[[6.667,-2.667],[10.667,-6.667],[6.667,-10.667],[2.667,-6.667]],"c":true},"ix":2},"nm":"Path 8","mn":"ADBE Vector Shape - Group","hd":false},{"ty":"tr","p":{"a":0,"k":[0,0],"ix":2},"a":{"a":0,"k":[0,0],"ix":1},"s":{"a":0,"k":[100,100],"ix":3},"r":{"a":0,"k":0,"ix":6},"o":{"a":0,"k":100,"ix":7},"sk":{"a":0,"k":0,"ix":4},"sa":{"a":0,"k":0,"ix":5},"nm":"Transform"}],"nm":"Group 1","np":8,"cix":2,"bm":0,"ix":1,"mn":"ADBE Vector Group","hd":false},{"ty":"mm","mm":1,"nm":"Merge Paths 1","mn":"ADBE Vector Filter - Merge","hd":false},{"ty":"fl","c":{"a":0,"k":[0.925490196078,0,0,1],"ix":4},"o":{"a":0,"k":100,"ix":5},"r":1,"bm":0,"nm":"Fill 1","mn":"ADBE Vector Graphic - Fill","hd":false},{"ty":"tr","p":{"a":0,"k":[0,0],"ix":2},"a":{"a":0,"k":[0,0],"ix":1},"s":{"a":0,"k":[400,400],"ix":3},"r":{"a":0,"k":0,"ix":6},"o":{"a":0,"k":100,"ix":7},"sk":{"a":0,"k":0,"ix":4},"sa":{"a":0,"k":0,"ix":5},"nm":"Transform"}],"nm":"Shape","np":3,"cix":2,"bm":0,"ix":1,"mn":"ADBE Vector Group","hd":false}],"ip":0,"op":60,"st":0,"bm":0},{"ddd":0,"ind":8,"ty":4,"nm":"Shape 4","parent":1,"sr":1,"ks":{"o":{"a":0,"k":100,"ix":11},"r":{"a":0,"k":0,"ix":10},"p":{"a":0,"k":[60.5,60,0],"ix":2},"a":{"a":0,"k":[0,0,0],"ix":1},"s":{"a":0,"k":[100,100,100],"ix":6}},"ao":0,"hasMask":true,"masksProperties":[{"inv":false,"mode":"a","pt":{"a":0,"k":{"i":[[0,0],[0,0],[0,0],[0,0]],"o":[[0,0],[0,0],[0,0],[0,0]],"v":[[1.682,-0.334],[-65,-0.334],[-65,64.5],[1.682,64.5]],"c":true},"ix":1},"o":{"a":0,"k":100,"ix":3},"x":{"a":0,"k":0,"ix":4},"nm":"Mask 1"}],"shapes":[{"ty":"gr","it":[{"ty":"gr","it":[{"ind":0,"ty":"sh","ix":1,"ks":{"a":0,"k":{"i":[[2.94,0],[0,2.94],[-2.94,0],[0,-2.94]],"o":[[-2.94,0],[0,-2.94],[2.94,0],[0,2.94]],"v":[[-6.67,12.003],[-12,6.663],[-6.67,1.333],[-1.33,6.663]],"c":true},"ix":2},"nm":"Path 1","mn":"ADBE Vector Shape - Group","hd":false},{"ind":1,"ty":"sh","ix":2,"ks":{"a":0,"k":{"i":[[2.21,0],[0,-2.21],[-2.21,0],[0,2.21]],"o":[[-2.21,0],[0,2.21],[2.21,0],[0,-2.21]],"v":[[-6.667,2.667],[-10.667,6.667],[-6.667,10.667],[-2.667,6.667]],"c":true},"ix":2},"nm":"Path 2","mn":"ADBE Vector Shape - Group","hd":false},{"ind":2,"ty":"sh","ix":3,"ks":{"a":0,"k":{"i":[[-2.94,0],[0,-2.94],[2.94,0],[0,2.94]],"o":[[2.94,0],[0,2.94],[-2.94,0],[0,-2.94]],"v":[[6.663,1.333],[12.003,6.663],[6.663,12.003],[1.333,6.663]],"c":true},"ix":2},"nm":"Path 3","mn":"ADBE Vector Shape - Group","hd":false},{"ind":3,"ty":"sh","ix":4,"ks":{"a":0,"k":{"i":[[-2.21,0],[0,2.21],[2.21,0],[0,-2.21]],"o":[[2.21,0],[0,-2.21],[-2.21,0],[0,2.21]],"v":[[6.667,10.667],[10.667,6.667],[6.667,2.667],[2.667,6.667]],"c":true},"ix":2},"nm":"Path 4","mn":"ADBE Vector Shape - Group","hd":false},{"ind":4,"ty":"sh","ix":5,"ks":{"a":0,"k":{"i":[[2.94,0],[0,2.94],[-2.94,0],[0,-2.94]],"o":[[-2.94,0],[0,-2.94],[2.94,0],[0,2.94]],"v":[[-6.67,-1.33],[-12,-6.67],[-6.67,-12],[-1.33,-6.67]],"c":true},"ix":2},"nm":"Path 5","mn":"ADBE Vector Shape - Group","hd":false},{"ind":5,"ty":"sh","ix":6,"ks":{"a":0,"k":{"i":[[2.21,0],[0,-2.21],[-2.21,0],[0,2.21]],"o":[[-2.21,0],[0,2.21],[2.21,0],[0,-2.21]],"v":[[-6.667,-10.667],[-10.667,-6.667],[-6.667,-2.667],[-2.667,-6.667]],"c":true},"ix":2},"nm":"Path 6","mn":"ADBE Vector Shape - Group","hd":false},{"ind":6,"ty":"sh","ix":7,"ks":{"a":0,"k":{"i":[[-2.94,0],[0,-2.94],[2.94,0],[0,2.94]],"o":[[2.94,0],[0,2.94],[-2.94,0],[0,-2.94]],"v":[[6.663,-12],[12.003,-6.67],[6.663,-1.33],[1.333,-6.67]],"c":true},"ix":2},"nm":"Path 7","mn":"ADBE Vector Shape - Group","hd":false},{"ind":7,"ty":"sh","ix":8,"ks":{"a":0,"k":{"i":[[-2.21,0],[0,2.21],[2.21,0],[0,-2.21]],"o":[[2.21,0],[0,-2.21],[-2.21,0],[0,2.21]],"v":[[6.667,-2.667],[10.667,-6.667],[6.667,-10.667],[2.667,-6.667]],"c":true},"ix":2},"nm":"Path 8","mn":"ADBE Vector Shape - Group","hd":false},{"ty":"tr","p":{"a":0,"k":[0,0],"ix":2},"a":{"a":0,"k":[0,0],"ix":1},"s":{"a":0,"k":[100,100],"ix":3},"r":{"a":0,"k":0,"ix":6},"o":{"a":0,"k":100,"ix":7},"sk":{"a":0,"k":0,"ix":4},"sa":{"a":0,"k":0,"ix":5},"nm":"Transform"}],"nm":"Group 1","np":8,"cix":2,"bm":0,"ix":1,"mn":"ADBE Vector Group","hd":false},{"ty":"mm","mm":1,"nm":"Merge Paths 1","mn":"ADBE Vector Filter - Merge","hd":false},{"ty":"fl","c":{"a":0,"k":[0.925490196078,0,0,1],"ix":4},"o":{"a":0,"k":100,"ix":5},"r":1,"bm":0,"nm":"Fill 1","mn":"ADBE Vector Graphic - Fill","hd":false},{"ty":"tr","p":{"a":0,"k":[0,0],"ix":2},"a":{"a":0,"k":[0,0],"ix":1},"s":{"a":0,"k":[400,400],"ix":3},"r":{"a":0,"k":0,"ix":6},"o":{"a":0,"k":100,"ix":7},"sk":{"a":0,"k":0,"ix":4},"sa":{"a":0,"k":0,"ix":5},"nm":"Transform"}],"nm":"Shape","np":3,"cix":2,"bm":0,"ix":1,"mn":"ADBE Vector Group","hd":false}],"ip":0,"op":60,"st":0,"bm":0}],"markers":[]}