{"v":"5.4.4","fr":60,"ip":0,"op":61,"w":140,"h":140,"nm":"▽ MI VIDA solo icon","ddd":0,"assets":[],"layers":[{"ddd":0,"ind":1,"ty":3,"nm":"Shape Layer 2","sr":1,"ks":{"o":{"a":0,"k":100,"ix":11},"r":{"a":0,"k":0,"ix":10},"p":{"a":0,"k":[70,70,0],"ix":2},"a":{"a":0,"k":[2,-32,0],"ix":1},"s":{"a":0,"k":[125,125,100],"ix":6}},"ao":0,"ip":0,"op":15,"st":0,"bm":0},{"ddd":0,"ind":2,"ty":4,"nm":"Shape Layer 1","parent":1,"sr":1,"ks":{"o":{"a":0,"k":100,"ix":11},"r":{"a":0,"k":0,"ix":10},"p":{"a":0,"k":[2,-32,0],"ix":2},"a":{"a":0,"k":[2,-32,0],"ix":1},"s":{"a":1,"k":[{"i":{"x":[0.48,0.48,0.48],"y":[1,1,1]},"o":{"x":[0.3,0.3,0.3],"y":[0,0,0]},"t":0,"s":[75.2,75.2,100],"e":[100,100,100]},{"t":14}],"ix":6}},"ao":0,"shapes":[{"ty":"gr","it":[{"d":1,"ty":"el","s":{"a":0,"k":[110.43,110.43],"ix":2},"p":{"a":0,"k":[0,0],"ix":3},"nm":"Ellipse Path 1","mn":"ADBE Vector Shape - Ellipse","hd":false},{"ty":"st","c":{"a":0,"k":[0.925490196078,0,0,1],"ix":3},"o":{"a":0,"k":100,"ix":4},"w":{"a":1,"k":[{"i":{"x":[0.48],"y":[1]},"o":{"x":[0.3],"y":[0]},"t":0,"s":[4],"e":[0]},{"t":14}],"ix":5},"lc":1,"lj":1,"ml":4,"bm":0,"nm":"Stroke 1","mn":"ADBE Vector Graphic - Stroke","hd":false},{"ty":"fl","c":{"a":0,"k":[0.925490016563,0,0,1],"ix":4},"o":{"a":0,"k":0,"ix":5},"r":1,"bm":0,"nm":"Fill 1","mn":"ADBE Vector Graphic - Fill","hd":false},{"ty":"tr","p":{"a":0,"k":[2,-32],"ix":2},"a":{"a":0,"k":[0,0],"ix":1},"s":{"a":0,"k":[100,100],"ix":3},"r":{"a":0,"k":0,"ix":6},"o":{"a":0,"k":100,"ix":7},"sk":{"a":0,"k":0,"ix":4},"sa":{"a":0,"k":0,"ix":5},"nm":"Transform"}],"nm":"Ellipse 1","np":3,"cix":2,"bm":0,"ix":1,"mn":"ADBE Vector Group","hd":false}],"ip":0,"op":15,"st":0,"bm":0},{"ddd":0,"ind":3,"ty":3,"nm":"transfer path 4","parent":1,"sr":1,"ks":{"o":{"a":0,"k":100,"ix":11},"r":{"a":0,"k":360,"ix":10},"p":{"a":0,"k":[1.998,-27.2,0],"ix":2},"a":{"a":0,"k":[0,0,0],"ix":1},"s":{"a":1,"k":[{"i":{"x":[0.48,0.48,0.48],"y":[1,1,1]},"o":{"x":[0.197,0.197,0.52],"y":[0.459,0.459,0]},"t":0,"s":[80,80,100],"e":[100,100,100]},{"i":{"x":[0.723,0.723,0.76],"y":[0.783,0.783,3.5]},"o":{"x":[0.624,0.624,0.52],"y":[0,0,0]},"t":10,"s":[100,100,100],"e":[78.706,78.706,100]},{"i":{"x":[0.449,0.449,0.48],"y":[1,1,1]},"o":{"x":[0.185,0.185,0.24],"y":[-2.377,-2.377,-2.5]},"t":20,"s":[78.706,78.706,100],"e":[80,80,100]},{"t":30}],"ix":6}},"ao":0,"ip":0,"op":61,"st":0,"bm":0},{"ddd":0,"ind":4,"ty":4,"nm":"llama outlines","parent":3,"sr":1,"ks":{"o":{"a":0,"k":100,"ix":11},"r":{"a":0,"k":0,"ix":10},"p":{"a":0,"k":[0.21,-11.803,0],"ix":2},"a":{"a":0,"k":[0,0,0],"ix":1},"s":{"a":0,"k":[100.06,100.06,100],"ix":6}},"ao":0,"shapes":[{"ty":"gr","it":[{"ind":0,"ty":"sh","ix":1,"ks":{"a":0,"k":{"i":[[-5.68,0],[0,3.08],[3.45,0.9],[0.36,0.64],[0,0],[0.09,0.47],[0,0],[-0.79,-1.38],[0,0],[0.79,-1.38],[0,0],[0.25,0.43],[0,0],[0,0],[0.1,0.47],[0,0],[-0.79,-1.38],[0,0],[0,0],[0.8,-1.38],[0,0],[0.24,0.43],[0,0],[-0.04,0.84],[0,-2.22]],"o":[[5.68,0],[0,-2.22],[-0.03,-0.7],[0,0],[-0.25,-0.43],[0,0],[-0.79,1.38],[0,0],[0.79,1.38],[0,0],[-0.09,-0.47],[0,0],[0,0],[-0.25,-0.43],[0,0],[-0.8,1.38],[0,0],[0,0],[0.8,1.38],[0,0],[-0.1,-0.47],[0,0],[-0.43,-0.75],[-3.45,0.9],[0,3.08]],"v":[[-0.002,9.778],[10.278,4.208],[4.458,-0.822],[3.868,-2.862],[0.648,-8.432],[0.138,-9.782],[-0.002,-9.552],[-0.002,-5.092],[2.578,-0.622],[2.578,3.838],[2.438,4.068],[1.928,2.718],[-0.422,-1.362],[-1.932,-3.972],[-2.442,-5.322],[-2.572,-5.092],[-2.582,-0.642],[-2.582,-0.642],[-0.002,3.838],[-0.002,8.298],[-0.132,8.528],[-0.642,7.178],[-3.862,1.608],[-4.452,-0.822],[-10.282,4.208]],"c":true},"ix":2},"nm":"Path 1","mn":"ADBE Vector Shape - Group","hd":false},{"ty":"fl","c":{"a":1,"k":[{"i":{"x":[0.833],"y":[0.833]},"o":{"x":[0.167],"y":[0.167]},"t":0,"s":[0.20000000298,0.20000000298,0.20000000298,1],"e":[0.92549020052,0,0,1]},{"t":10}],"ix":4},"o":{"a":0,"k":100,"ix":5},"r":1,"bm":0,"nm":"Fill 1","mn":"ADBE Vector Graphic - Fill","hd":false},{"ty":"tr","p":{"a":0,"k":[0,0],"ix":2},"a":{"a":0,"k":[0,0],"ix":1},"s":{"a":0,"k":[400,400],"ix":3},"r":{"a":0,"k":0,"ix":6},"o":{"a":0,"k":100,"ix":7},"sk":{"a":0,"k":0,"ix":4},"sa":{"a":0,"k":0,"ix":5},"nm":"Transform"}],"nm":"llama outlines","np":2,"cix":2,"bm":0,"ix":1,"mn":"ADBE Vector Group","hd":false}],"ip":0,"op":61,"st":0,"bm":0}],"markers":[]}