{"v":"5.4.4","fr":60,"ip":0,"op":61,"w":140,"h":140,"nm":"▽ PRODUCTOS 2 solo icon","ddd":0,"assets":[],"layers":[{"ddd":0,"ind":1,"ty":3,"nm":"NULL","sr":1,"ks":{"o":{"a":0,"k":0,"ix":11},"r":{"a":0,"k":0,"ix":10},"p":{"a":0,"k":[67.875,72.25,0],"ix":2},"a":{"a":0,"k":[60,60,0],"ix":1},"s":{"a":1,"k":[{"i":{"x":[0.48,0.48,0.48],"y":[1,1,1]},"o":{"x":[0.52,0.52,0.52],"y":[0,0,0]},"t":0,"s":[100,100,100],"e":[110,110,100]},{"i":{"x":[0.449,0.449,0.48],"y":[1,1,1]},"o":{"x":[0.624,0.624,0.52],"y":[0,0,0]},"t":15,"s":[110,110,100],"e":[100,100,100]},{"t":30}],"ix":6}},"ao":0,"ip":0,"op":61,"st":0,"bm":0},{"ddd":0,"ind":2,"ty":4,"nm":"card front","sr":1,"ks":{"o":{"a":0,"k":100,"ix":11},"r":{"a":1,"k":[{"i":{"x":[0.119],"y":[1]},"o":{"x":[0.19],"y":[0]},"t":0,"s":[0],"e":[11]},{"i":{"x":[0.55],"y":[1]},"o":{"x":[0.187],"y":[0]},"t":15,"s":[11],"e":[11]},{"i":{"x":[0.232],"y":[1]},"o":{"x":[0.522],"y":[0]},"t":17,"s":[11],"e":[0]},{"t":30}],"ix":10},"p":{"a":0,"k":[-15.125,70.083,0],"ix":2},"a":{"a":0,"k":[-85,0,0],"ix":1},"s":{"a":0,"k":[100,100,100],"ix":6}},"ao":0,"shapes":[{"ty":"gr","it":[{"ty":"gr","it":[{"ind":0,"ty":"sh","ix":1,"ks":{"a":0,"k":{"i":[[-1.45,0],[0,0],[0,-1.45],[0,0],[1.44,0],[0,0],[0,1.45],[0,0]],"o":[[0,0],[1.44,0],[0,0],[0,1.45],[0,0],[-1.45,0],[0,0],[0,-1.45]],"v":[[-10.713,-8],[10.717,-8],[13.337,-5.38],[13.337,5.38],[10.717,8],[-10.713,8],[-13.333,5.38],[-13.333,-5.38]],"c":true},"ix":2},"nm":"Path 1","mn":"ADBE Vector Shape - Group","hd":false},{"ind":1,"ty":"sh","ix":2,"ks":{"a":0,"k":{"i":[[0.7,0],[0,0],[0,-0.7],[0,0],[0,0],[0,0]],"o":[[0,0],[-0.7,0],[0,0],[0,0],[0,0],[0,-0.7]],"v":[[10.72,-6.667],[-10.72,-6.667],[-12,-5.387],[-12,0.003],[12,0.003],[12,-5.387]],"c":true},"ix":2},"nm":"Path 2","mn":"ADBE Vector Shape - Group","hd":false},{"ind":2,"ty":"sh","ix":3,"ks":{"a":0,"k":{"i":[[0,0],[0,0],[0,0],[0,0]],"o":[[0,0],[0,0],[0,0],[0,0]],"v":[[12,1.333],[-12,1.333],[-12,2.663],[12,2.663]],"c":true},"ix":2},"nm":"Path 3","mn":"ADBE Vector Shape - Group","hd":false},{"ind":3,"ty":"sh","ix":4,"ks":{"a":0,"k":{"i":[[0,0],[0,0.71],[0,0],[0,0],[0,0],[-0.7,0]],"o":[[0.7,0],[0,0],[0,0],[0,0],[0,0.71],[0,0]],"v":[[10.72,6.67],[12,5.38],[12,4],[-12,4],[-12,5.38],[-10.72,6.67]],"c":true},"ix":2},"nm":"Path 4","mn":"ADBE Vector Shape - Group","hd":false},{"ty":"tr","p":{"a":0,"k":[0,0],"ix":2},"a":{"a":0,"k":[0,0],"ix":1},"s":{"a":0,"k":[100,100],"ix":3},"r":{"a":0,"k":0,"ix":6},"o":{"a":0,"k":100,"ix":7},"sk":{"a":0,"k":0,"ix":4},"sa":{"a":0,"k":0,"ix":5},"nm":"Transform"}],"nm":"Group 1","np":4,"cix":2,"bm":0,"ix":1,"mn":"ADBE Vector Group","hd":false},{"ty":"mm","mm":1,"nm":"Merge Paths 1","mn":"ADBE Vector Filter - Merge","hd":false},{"ty":"fl","c":{"a":1,"k":[{"i":{"x":[0.67],"y":[1]},"o":{"x":[0.3],"y":[0]},"t":0,"s":[0.266666680574,0.266666680574,0.266666680574,1],"e":[0.925490016563,0,0,1]},{"t":15}],"ix":4},"o":{"a":0,"k":100,"ix":5},"r":1,"bm":0,"nm":"Fill 1","mn":"ADBE Vector Graphic - Fill","hd":false},{"ty":"tr","p":{"a":0,"k":[0,0],"ix":2},"a":{"a":0,"k":[0,0],"ix":1},"s":{"a":0,"k":[400,400],"ix":3},"r":{"a":0,"k":0,"ix":6},"o":{"a":0,"k":100,"ix":7},"sk":{"a":0,"k":0,"ix":4},"sa":{"a":0,"k":0,"ix":5},"nm":"Transform"}],"nm":"Shape","np":3,"cix":2,"bm":0,"ix":1,"mn":"ADBE Vector Group","hd":false},{"ty":"gr","it":[{"ty":"rc","d":1,"s":{"a":0,"k":[99.331,55.72],"ix":2},"p":{"a":0,"k":[0,0],"ix":3},"r":{"a":0,"k":0,"ix":4},"nm":"Rectangle Path 1","mn":"ADBE Vector Shape - Rect","hd":false},{"ty":"fl","c":{"a":0,"k":[1,1,1,1],"ix":4},"o":{"a":0,"k":100,"ix":5},"r":1,"bm":0,"nm":"Fill 1","mn":"ADBE Vector Graphic - Fill","hd":false},{"ty":"tr","p":{"a":0,"k":[-0.584,0.277],"ix":2},"a":{"a":0,"k":[0,0],"ix":1},"s":{"a":0,"k":[100,100],"ix":3},"r":{"a":0,"k":0,"ix":6},"o":{"a":0,"k":100,"ix":7},"sk":{"a":0,"k":0,"ix":4},"sa":{"a":0,"k":0,"ix":5},"nm":"Transform"}],"nm":"Rectangle 1","np":2,"cix":2,"bm":0,"ix":2,"mn":"ADBE Vector Group","hd":false}],"ip":0,"op":61,"st":0,"bm":0},{"ddd":0,"ind":3,"ty":4,"nm":"card 2","sr":1,"ks":{"o":{"a":0,"k":100,"ix":11},"r":{"a":1,"k":[{"i":{"x":[0.119],"y":[1]},"o":{"x":[0.19],"y":[0]},"t":0,"s":[0],"e":[-19]},{"i":{"x":[0.55],"y":[1]},"o":{"x":[0.187],"y":[0]},"t":15,"s":[-19],"e":[-19]},{"i":{"x":[0.232],"y":[1]},"o":{"x":[0.522],"y":[0]},"t":17,"s":[-19],"e":[0]},{"t":30}],"ix":10},"p":{"a":0,"k":[-15.125,70.083,0],"ix":2},"a":{"a":0,"k":[-85,0,0],"ix":1},"s":{"a":1,"k":[{"i":{"x":[0.122,0.122,0.65],"y":[1,1,1]},"o":{"x":[0.186,0.186,0.63],"y":[0,0,0]},"t":0,"s":[100,100,100],"e":[84,84,100]},{"i":{"x":[0.833,0.833,0.833],"y":[1,1,1]},"o":{"x":[0.167,0.167,0.167],"y":[0,0,0]},"t":15,"s":[84,84,100],"e":[84,84,100]},{"i":{"x":[0.23,0.23,0.23],"y":[1,1,1]},"o":{"x":[0.524,0.524,0.19],"y":[0,0,0]},"t":17,"s":[84,84,100],"e":[100,100,100]},{"t":30}],"ix":6}},"ao":0,"shapes":[{"ty":"gr","it":[{"ty":"gr","it":[{"ind":0,"ty":"sh","ix":1,"ks":{"a":0,"k":{"i":[[-1.45,0],[0,0],[0,-1.45],[0,0],[1.44,0],[0,0],[0,1.45],[0,0]],"o":[[0,0],[1.44,0],[0,0],[0,1.45],[0,0],[-1.45,0],[0,0],[0,-1.45]],"v":[[-10.713,-8],[10.717,-8],[13.337,-5.38],[13.337,5.38],[10.717,8],[-10.713,8],[-13.333,5.38],[-13.333,-5.38]],"c":true},"ix":2},"nm":"Path 1","mn":"ADBE Vector Shape - Group","hd":false},{"ind":1,"ty":"sh","ix":2,"ks":{"a":0,"k":{"i":[[0.7,0],[0,0],[0,-0.7],[0,0],[0,0],[0,0]],"o":[[0,0],[-0.7,0],[0,0],[0,0],[0,0],[0,-0.7]],"v":[[10.72,-6.667],[-10.72,-6.667],[-12,-5.387],[-12,0.003],[12,0.003],[12,-5.387]],"c":true},"ix":2},"nm":"Path 2","mn":"ADBE Vector Shape - Group","hd":false},{"ind":2,"ty":"sh","ix":3,"ks":{"a":0,"k":{"i":[[0,0],[0,0],[0,0],[0,0]],"o":[[0,0],[0,0],[0,0],[0,0]],"v":[[12,1.333],[-12,1.333],[-12,2.663],[12,2.663]],"c":true},"ix":2},"nm":"Path 3","mn":"ADBE Vector Shape - Group","hd":false},{"ind":3,"ty":"sh","ix":4,"ks":{"a":0,"k":{"i":[[0,0],[0,0.71],[0,0],[0,0],[0,0],[-0.7,0]],"o":[[0.7,0],[0,0],[0,0],[0,0],[0,0.71],[0,0]],"v":[[10.72,6.67],[12,5.38],[12,4],[-12,4],[-12,5.38],[-10.72,6.67]],"c":true},"ix":2},"nm":"Path 4","mn":"ADBE Vector Shape - Group","hd":false},{"ty":"tr","p":{"a":0,"k":[0,0],"ix":2},"a":{"a":0,"k":[0,0],"ix":1},"s":{"a":0,"k":[100,100],"ix":3},"r":{"a":0,"k":0,"ix":6},"o":{"a":0,"k":100,"ix":7},"sk":{"a":0,"k":0,"ix":4},"sa":{"a":0,"k":0,"ix":5},"nm":"Transform"}],"nm":"Group 1","np":4,"cix":2,"bm":0,"ix":1,"mn":"ADBE Vector Group","hd":false},{"ty":"mm","mm":1,"nm":"Merge Paths 1","mn":"ADBE Vector Filter - Merge","hd":false},{"ty":"fl","c":{"a":1,"k":[{"i":{"x":[0.67],"y":[1]},"o":{"x":[0.3],"y":[0]},"t":0,"s":[0.266666680574,0.266666680574,0.266666680574,1],"e":[0.925490016563,0,0,1]},{"t":15}],"ix":4},"o":{"a":0,"k":100,"ix":5},"r":1,"bm":0,"nm":"Fill 1","mn":"ADBE Vector Graphic - Fill","hd":false},{"ty":"tr","p":{"a":0,"k":[0,0],"ix":2},"a":{"a":0,"k":[0,0],"ix":1},"s":{"a":0,"k":[400,400],"ix":3},"r":{"a":0,"k":0,"ix":6},"o":{"a":0,"k":100,"ix":7},"sk":{"a":0,"k":0,"ix":4},"sa":{"a":0,"k":0,"ix":5},"nm":"Transform"}],"nm":"Shape","np":3,"cix":2,"bm":0,"ix":1,"mn":"ADBE Vector Group","hd":false},{"ty":"gr","it":[{"ty":"rc","d":1,"s":{"a":0,"k":[99.331,55.72],"ix":2},"p":{"a":0,"k":[0,0],"ix":3},"r":{"a":0,"k":0,"ix":4},"nm":"Rectangle Path 1","mn":"ADBE Vector Shape - Rect","hd":false},{"ty":"fl","c":{"a":0,"k":[1,1,1,1],"ix":4},"o":{"a":0,"k":100,"ix":5},"r":1,"bm":0,"nm":"Fill 1","mn":"ADBE Vector Graphic - Fill","hd":false},{"ty":"tr","p":{"a":0,"k":[-0.584,0.277],"ix":2},"a":{"a":0,"k":[0,0],"ix":1},"s":{"a":0,"k":[100,100],"ix":3},"r":{"a":0,"k":0,"ix":6},"o":{"a":0,"k":100,"ix":7},"sk":{"a":0,"k":0,"ix":4},"sa":{"a":0,"k":0,"ix":5},"nm":"Transform"}],"nm":"Rectangle 1","np":2,"cix":2,"bm":0,"ix":2,"mn":"ADBE Vector Group","hd":false}],"ip":0,"op":30,"st":0,"bm":0}],"markers":[]}