{"v":"5.4.4","fr":60,"ip":0,"op":60,"w":140,"h":140,"nm":"▽ TIENDA 3 solo icon","ddd":0,"assets":[{"id":"comp_0","layers":[{"ddd":0,"ind":1,"ty":4,"nm":"tienda path 2","sr":1,"ks":{"o":{"a":0,"k":100,"ix":11},"r":{"a":0,"k":0,"ix":10},"p":{"a":1,"k":[{"i":{"x":0.4,"y":1},"o":{"x":0.167,"y":0.167},"t":0,"s":[144,218.716,0],"e":[144,139.716,0],"to":[0,-13.167,0],"ti":[0,13.167,0]},{"t":8.400390625}],"ix":2},"a":{"a":0,"k":[0,32.625,0],"ix":1},"s":{"a":1,"k":[{"i":{"x":[0.5,0.5,0.5],"y":[1,1,1]},"o":{"x":[0.167,0.167,0.167],"y":[0.167,0.167,0]},"t":0,"s":[100,100,100],"e":[82,130,100]},{"i":{"x":[0.756,0.728,0.5],"y":[1,1,1]},"o":{"x":[0.728,0.699,0.5],"y":[0,0,0]},"t":5,"s":[82,130,100],"e":[105,95,100]},{"i":{"x":[0.525,0.699,0.5],"y":[1,1,1]},"o":{"x":[0.512,0.674,0.5],"y":[0,0,0]},"t":16,"s":[105,95,100],"e":[100,100,100]},{"t":30}],"ix":6}},"ao":0,"hasMask":true,"masksProperties":[{"inv":false,"mode":"s","pt":{"a":0,"k":{"i":[[0,0],[0,0],[0,0],[0,0],[0,0],[0,0],[0,0],[0,0],[0,0],[0,0],[0,0],[0,0],[0,0],[0,0],[0,0]],"o":[[0,0],[0,0],[0,0],[0,0],[0,0],[0,0],[0,0],[0,0],[0,0],[0,0],[0,0],[0,0],[0,0],[0,0],[0,0]],"v":[[13.281,32.659],[6.249,31.584],[-13.313,32.706],[-18.625,33.096],[-26.75,31.86],[-32,34.628],[-37.25,35.44],[-50.125,36.065],[-49.25,46.909],[49.375,46.909],[50.75,36.659],[37.187,35.565],[32,34.721],[25.964,32.286],[18.625,33.128]],"c":true},"ix":1},"o":{"a":0,"k":100,"ix":3},"x":{"a":0,"k":0,"ix":4},"nm":"Mask 1"}],"shapes":[{"ty":"gr","it":[{"ty":"gr","it":[{"ind":0,"ty":"sh","ix":1,"ks":{"a":0,"k":{"i":[[-0.36,0.08],[-6.83,-1.65],[-0.05,0],[-0.08,0.31],[0.35,0.08],[0.76,0.13],[0,0.06],[0,0],[-0.4,0.46],[0.1,0.68],[0.08,0.27],[1.94,0],[0,0],[0.1,-0.01],[0,0],[0.01,0],[0.61,-1.53],[0.16,-1.1],[-0.47,-0.55],[-0.6,-0.14],[0,0],[-0.01,-0.06],[0.73,-0.17],[-0.09,-0.36]],"o":[[6.86,-1.64],[0.06,0.01],[0.3,0],[0.08,-0.36],[-0.73,-0.18],[0.02,-0.06],[0,0],[0.6,-0.14],[0.48,-0.55],[-0.16,-1.1],[-0.61,-1.54],[0,0],[-0.11,0],[0,0],[-0.01,0],[-1.76,0.1],[-0.04,0.18],[-0.1,0.68],[0.41,0.46],[0,0],[0,0.05],[-0.76,0.13],[-0.36,0.09],[0.08,0.36]],"v":[[-11.234,10.62],[11.226,10.64],[11.386,10.66],[12.036,10.15],[11.546,9.35],[9.296,8.89],[9.336,8.71],[9.336,0.28],[10.886,-0.65],[11.476,-2.56],[10.186,-8.23],[6.166,-10.66],[-6.164,-10.66],[-6.474,-10.64],[-6.484,-10.65],[-6.514,-10.64],[-10.224,-8.14],[-11.474,-2.56],[-10.894,-0.65],[-9.334,0.28],[-9.334,8.71],[-9.304,8.87],[-11.544,9.32],[-12.034,10.12]],"c":true},"ix":2},"nm":"Path 1","mn":"ADBE Vector Shape - Group","hd":false},{"ind":1,"ty":"sh","ix":2,"ks":{"a":0,"k":{"i":[[2.21,-0.13],[0,0],[0,0],[0,0]],"o":[[0,0],[0,0],[0,0],[-2.2,-0.13]],"v":[[-3.324,8.17],[-3.324,4.04],[3.326,4.04],[3.326,8.17]],"c":true},"ix":2},"nm":"Path 2","mn":"ADBE Vector Shape - Group","hd":false},{"ind":2,"ty":"sh","ix":3,"ks":{"a":0,"k":{"i":[[-0.35,-0.85],[-0.15,-1.04],[0.15,-0.18],[0.46,0],[0,0.82],[0,0]],"o":[[0.01,0.04],[0.05,0.37],[-0.3,0.34],[-0.83,0],[0,0],[0.69,0.16]],"v":[[8.924,-7.824],[10.154,-2.364],[9.884,-1.524],[8.654,-0.964],[7.154,-2.464],[7.154,-9.214]],"c":true},"ix":2},"nm":"Path 3","mn":"ADBE Vector Shape - Group","hd":false},{"ind":3,"ty":"sh","ix":4,"ks":{"a":0,"k":{"i":[[0,0],[0,0],[0,0],[0.82,0],[0,0.83],[0,0]],"o":[[0,0],[0,0],[0,0.83],[-0.83,0],[0,0],[0,0]],"v":[[-5.82,-9.327],[-2.83,-9.327],[-2.83,-2.467],[-4.32,-0.967],[-5.82,-2.467],[-5.82,-9.327]],"c":true},"ix":2},"nm":"Path 4","mn":"ADBE Vector Shape - Group","hd":false},{"ind":4,"ty":"sh","ix":5,"ks":{"a":0,"k":{"i":[[0,0],[0,0],[0,0],[0,0],[0,0],[0.82,0],[0,0.83]],"o":[[0,0],[0,0],[0,0],[0,0.01],[0,0.82],[-0.83,0],[0,0]],"v":[[-1.495,-9.327],[1.495,-9.327],[1.495,-2.477],[1.495,-2.467],[1.495,-2.457],[0.005,-0.967],[-1.495,-2.467]],"c":true},"ix":2},"nm":"Path 5","mn":"ADBE Vector Shape - Group","hd":false},{"ind":5,"ty":"sh","ix":6,"ks":{"a":0,"k":{"i":[[0,0],[0,0],[0,0],[0.83,0],[0.01,0.81],[0,0]],"o":[[0,0],[0,0],[0,0.83],[-0.82,0],[0,0],[0,0]],"v":[[2.831,-9.327],[5.821,-9.327],[5.821,-2.467],[4.321,-0.967],[2.831,-2.447],[2.831,-9.327]],"c":true},"ix":2},"nm":"Path 6","mn":"ADBE Vector Shape - Group","hd":false},{"ind":6,"ty":"sh","ix":7,"ks":{"a":0,"k":{"i":[[-0.05,0.38],[0.01,0],[0,0],[-0.69,0.17],[0,0],[0.83,0],[0.3,0.34]],"o":[[0.15,-1.03],[0,0],[0.37,-0.91],[0,0],[0,0.82],[-0.46,0],[-0.15,-0.18]],"v":[[-10.153,-2.37],[-8.953,-7.73],[-8.953,-7.73],[-7.153,-9.21],[-7.153,-2.46],[-8.653,-0.97],[-9.883,-1.52]],"c":true},"ix":2},"nm":"Path 7","mn":"ADBE Vector Shape - Group","hd":false},{"ind":7,"ty":"sh","ix":8,"ks":{"a":0,"k":{"i":[[0,0],[-0.38,0.46],[-0.88,0],[-0.52,0.62],[-0.87,0],[-0.52,0.62],[-0.87,0],[-0.52,0.62],[-0.6,-0.14],[0,0],[1.13,0.1],[0,0],[0.37,0],[0,0],[0,-0.37],[0,0],[1.09,-0.17]],"o":[[0.6,-0.14],[0.52,0.62],[0.87,0],[0.52,0.62],[0.87,0],[0.52,0.62],[0.88,0],[0.38,0.46],[0,0],[-1.09,-0.17],[0,0],[0,-0.37],[0,0],[-0.37,0],[0,0],[-1.13,0.1],[0,0]],"v":[[-8,0.278],[-6.49,-0.662],[-4.32,0.368],[-2.16,-0.662],[0,0.368],[2.16,-0.662],[4.32,0.368],[6.49,-0.662],[8,0.278],[8,8.678],[4.66,8.278],[4.66,3.378],[3.99,2.708],[-3.99,2.708],[-4.66,3.378],[-4.66,8.268],[-8,8.658]],"c":true},"ix":2},"nm":"Path 8","mn":"ADBE Vector Shape - Group","hd":false},{"ty":"tr","p":{"a":0,"k":[0,0],"ix":2},"a":{"a":0,"k":[0,0],"ix":1},"s":{"a":0,"k":[100,100],"ix":3},"r":{"a":0,"k":0,"ix":6},"o":{"a":0,"k":100,"ix":7},"sk":{"a":0,"k":0,"ix":4},"sa":{"a":0,"k":0,"ix":5},"nm":"Transform"}],"nm":"Group 1","np":8,"cix":2,"bm":0,"ix":1,"mn":"ADBE Vector Group","hd":false},{"ty":"mm","mm":1,"nm":"Merge Paths 1","mn":"ADBE Vector Filter - Merge","hd":false},{"ty":"fl","c":{"a":0,"k":[0.92549020052,0,0,1],"ix":4},"o":{"a":0,"k":100,"ix":5},"r":1,"bm":0,"nm":"Fill 1","mn":"ADBE Vector Graphic - Fill","hd":false},{"ty":"tr","p":{"a":0,"k":[0,0],"ix":2},"a":{"a":0,"k":[0,0],"ix":1},"s":{"a":0,"k":[400,400],"ix":3},"r":{"a":0,"k":0,"ix":6},"o":{"a":0,"k":100,"ix":7},"sk":{"a":0,"k":0,"ix":4},"sa":{"a":0,"k":0,"ix":5},"nm":"Transform"}],"nm":"tienda path","np":3,"cix":2,"bm":0,"ix":1,"mn":"ADBE Vector Group","hd":false}],"ip":0,"op":180,"st":0,"bm":0}]}],"layers":[{"ddd":0,"ind":1,"ty":0,"nm":"tienda cuerpo","parent":3,"refId":"comp_0","sr":1,"ks":{"o":{"a":0,"k":100,"ix":11},"r":{"a":0,"k":0,"ix":10},"p":{"a":0,"k":[0.8,-0.4,0],"ix":2},"a":{"a":0,"k":[142,145,0],"ix":1},"s":{"a":0,"k":[80,80,100],"ix":6}},"ao":0,"hasMask":true,"masksProperties":[{"inv":false,"mode":"a","pt":{"a":0,"k":{"i":[[0,0],[0,0],[0,0],[0,0],[0,0],[0,0],[0,0],[0,0],[0,0]],"o":[[0,0],[0,0],[0,0],[0,0],[0,0],[0,0],[0,0],[0,0],[0,0]],"v":[[75.5,30],[72,107.25],[99.5,146.5],[123,143],[161.75,142.75],[180.75,145.25],[195.75,150.5],[222.25,107.5],[222.25,30]],"c":true},"ix":1},"o":{"a":0,"k":100,"ix":3},"x":{"a":0,"k":0,"ix":4},"nm":"Mask 1"}],"w":284,"h":290,"ip":0,"op":180,"st":0,"bm":0},{"ddd":0,"ind":2,"ty":4,"nm":"tienda path","parent":3,"sr":1,"ks":{"o":{"a":0,"k":100,"ix":11},"r":{"a":0,"k":0,"ix":10},"p":{"a":0,"k":[2.4,-2.927,0],"ix":2},"a":{"a":0,"k":[0,35,0],"ix":1},"s":{"a":0,"k":[80,80,100],"ix":6}},"ao":0,"hasMask":true,"masksProperties":[{"inv":false,"mode":"a","pt":{"a":0,"k":{"i":[[0,0],[0,0],[0,0],[0,0],[0,0],[0,0],[0,0],[0,0],[0,0],[0,0],[0,0],[0,0],[0,0],[0,0],[0,0]],"o":[[0,0],[0,0],[0,0],[0,0],[0,0],[0,0],[0,0],[0,0],[0,0],[0,0],[0,0],[0,0],[0,0],[0,0],[0,0]],"v":[[13.281,32.659],[6.249,31.584],[-13.313,32.706],[-18.625,33.096],[-26.75,31.86],[-32,34.628],[-37.25,35.44],[-50.125,36.065],[-49.25,46.909],[49.375,46.909],[50.75,36.659],[37.187,35.565],[32,34.721],[25.964,32.286],[18.625,33.128]],"c":true},"ix":1},"o":{"a":0,"k":100,"ix":3},"x":{"a":0,"k":0,"ix":4},"nm":"Mask 1"}],"shapes":[{"ty":"gr","it":[{"ty":"gr","it":[{"ind":0,"ty":"sh","ix":1,"ks":{"a":0,"k":{"i":[[-0.36,0.08],[-6.83,-1.65],[-0.05,0],[-0.08,0.31],[0.35,0.08],[0.76,0.13],[0,0.06],[0,0],[-0.4,0.46],[0.1,0.68],[0.08,0.27],[1.94,0],[0,0],[0.1,-0.01],[0,0],[0.01,0],[0.61,-1.53],[0.16,-1.1],[-0.47,-0.55],[-0.6,-0.14],[0,0],[-0.01,-0.06],[0.73,-0.17],[-0.09,-0.36]],"o":[[6.86,-1.64],[0.06,0.01],[0.3,0],[0.08,-0.36],[-0.73,-0.18],[0.02,-0.06],[0,0],[0.6,-0.14],[0.48,-0.55],[-0.16,-1.1],[-0.61,-1.54],[0,0],[-0.11,0],[0,0],[-0.01,0],[-1.76,0.1],[-0.04,0.18],[-0.1,0.68],[0.41,0.46],[0,0],[0,0.05],[-0.76,0.13],[-0.36,0.09],[0.08,0.36]],"v":[[-11.234,10.62],[11.226,10.64],[11.386,10.66],[12.036,10.15],[11.546,9.35],[9.296,8.89],[9.336,8.71],[9.336,0.28],[10.886,-0.65],[11.476,-2.56],[10.186,-8.23],[6.166,-10.66],[-6.164,-10.66],[-6.474,-10.64],[-6.484,-10.65],[-6.514,-10.64],[-10.224,-8.14],[-11.474,-2.56],[-10.894,-0.65],[-9.334,0.28],[-9.334,8.71],[-9.304,8.87],[-11.544,9.32],[-12.034,10.12]],"c":true},"ix":2},"nm":"Path 1","mn":"ADBE Vector Shape - Group","hd":false},{"ind":1,"ty":"sh","ix":2,"ks":{"a":0,"k":{"i":[[2.21,-0.13],[0,0],[0,0],[0,0]],"o":[[0,0],[0,0],[0,0],[-2.2,-0.13]],"v":[[-3.324,8.17],[-3.324,4.04],[3.326,4.04],[3.326,8.17]],"c":true},"ix":2},"nm":"Path 2","mn":"ADBE Vector Shape - Group","hd":false},{"ind":2,"ty":"sh","ix":3,"ks":{"a":0,"k":{"i":[[-0.35,-0.85],[-0.15,-1.04],[0.15,-0.18],[0.46,0],[0,0.82],[0,0]],"o":[[0.01,0.04],[0.05,0.37],[-0.3,0.34],[-0.83,0],[0,0],[0.69,0.16]],"v":[[8.924,-7.824],[10.154,-2.364],[9.884,-1.524],[8.654,-0.964],[7.154,-2.464],[7.154,-9.214]],"c":true},"ix":2},"nm":"Path 3","mn":"ADBE Vector Shape - Group","hd":false},{"ind":3,"ty":"sh","ix":4,"ks":{"a":0,"k":{"i":[[0,0],[0,0],[0,0],[0.82,0],[0,0.83],[0,0]],"o":[[0,0],[0,0],[0,0.83],[-0.83,0],[0,0],[0,0]],"v":[[-5.82,-9.327],[-2.83,-9.327],[-2.83,-2.467],[-4.32,-0.967],[-5.82,-2.467],[-5.82,-9.327]],"c":true},"ix":2},"nm":"Path 4","mn":"ADBE Vector Shape - Group","hd":false},{"ind":4,"ty":"sh","ix":5,"ks":{"a":0,"k":{"i":[[0,0],[0,0],[0,0],[0,0],[0,0],[0.82,0],[0,0.83]],"o":[[0,0],[0,0],[0,0],[0,0.01],[0,0.82],[-0.83,0],[0,0]],"v":[[-1.495,-9.327],[1.495,-9.327],[1.495,-2.477],[1.495,-2.467],[1.495,-2.457],[0.005,-0.967],[-1.495,-2.467]],"c":true},"ix":2},"nm":"Path 5","mn":"ADBE Vector Shape - Group","hd":false},{"ind":5,"ty":"sh","ix":6,"ks":{"a":0,"k":{"i":[[0,0],[0,0],[0,0],[0.83,0],[0.01,0.81],[0,0]],"o":[[0,0],[0,0],[0,0.83],[-0.82,0],[0,0],[0,0]],"v":[[2.831,-9.327],[5.821,-9.327],[5.821,-2.467],[4.321,-0.967],[2.831,-2.447],[2.831,-9.327]],"c":true},"ix":2},"nm":"Path 6","mn":"ADBE Vector Shape - Group","hd":false},{"ind":6,"ty":"sh","ix":7,"ks":{"a":0,"k":{"i":[[-0.05,0.38],[0.01,0],[0,0],[-0.69,0.17],[0,0],[0.83,0],[0.3,0.34]],"o":[[0.15,-1.03],[0,0],[0.37,-0.91],[0,0],[0,0.82],[-0.46,0],[-0.15,-0.18]],"v":[[-10.153,-2.37],[-8.953,-7.73],[-8.953,-7.73],[-7.153,-9.21],[-7.153,-2.46],[-8.653,-0.97],[-9.883,-1.52]],"c":true},"ix":2},"nm":"Path 7","mn":"ADBE Vector Shape - Group","hd":false},{"ind":7,"ty":"sh","ix":8,"ks":{"a":0,"k":{"i":[[0,0],[-0.38,0.46],[-0.88,0],[-0.52,0.62],[-0.87,0],[-0.52,0.62],[-0.87,0],[-0.52,0.62],[-0.6,-0.14],[0,0],[1.13,0.1],[0,0],[0.37,0],[0,0],[0,-0.37],[0,0],[1.09,-0.17]],"o":[[0.6,-0.14],[0.52,0.62],[0.87,0],[0.52,0.62],[0.87,0],[0.52,0.62],[0.88,0],[0.38,0.46],[0,0],[-1.09,-0.17],[0,0],[0,-0.37],[0,0],[-0.37,0],[0,0],[-1.13,0.1],[0,0]],"v":[[-8,0.278],[-6.49,-0.662],[-4.32,0.368],[-2.16,-0.662],[0,0.368],[2.16,-0.662],[4.32,0.368],[6.49,-0.662],[8,0.278],[8,8.678],[4.66,8.278],[4.66,3.378],[3.99,2.708],[-3.99,2.708],[-4.66,3.378],[-4.66,8.268],[-8,8.658]],"c":true},"ix":2},"nm":"Path 8","mn":"ADBE Vector Shape - Group","hd":false},{"ty":"tr","p":{"a":0,"k":[0,0],"ix":2},"a":{"a":0,"k":[0,0],"ix":1},"s":{"a":0,"k":[100,100],"ix":3},"r":{"a":0,"k":0,"ix":6},"o":{"a":0,"k":100,"ix":7},"sk":{"a":0,"k":0,"ix":4},"sa":{"a":0,"k":0,"ix":5},"nm":"Transform"}],"nm":"Group 1","np":8,"cix":2,"bm":0,"ix":1,"mn":"ADBE Vector Group","hd":false},{"ty":"mm","mm":1,"nm":"Merge Paths 1","mn":"ADBE Vector Filter - Merge","hd":false},{"ty":"fl","c":{"a":0,"k":[0.92549020052,0,0,1],"ix":4},"o":{"a":0,"k":100,"ix":5},"r":1,"bm":0,"nm":"Fill 1","mn":"ADBE Vector Graphic - Fill","hd":false},{"ty":"tr","p":{"a":0,"k":[0,0],"ix":2},"a":{"a":0,"k":[0,0],"ix":1},"s":{"a":0,"k":[400,400],"ix":3},"r":{"a":0,"k":0,"ix":6},"o":{"a":0,"k":100,"ix":7},"sk":{"a":0,"k":0,"ix":4},"sa":{"a":0,"k":0,"ix":5},"nm":"Transform"}],"nm":"tienda path","np":3,"cix":2,"bm":0,"ix":1,"mn":"ADBE Vector Group","hd":false}],"ip":0,"op":60,"st":0,"bm":0},{"ddd":0,"ind":3,"ty":3,"nm":"Shape Layer 2","sr":1,"ks":{"o":{"a":0,"k":100,"ix":11},"r":{"a":0,"k":0,"ix":10},"p":{"a":0,"k":[70,70,0],"ix":2},"a":{"a":0,"k":[2,-32,0],"ix":1},"s":{"a":0,"k":[125,125,100],"ix":6}},"ao":0,"ip":0,"op":45,"st":0,"bm":0}],"markers":[]}