{"v":"5.4.4","fr":60,"ip":0,"op":61,"w":140,"h":140,"nm":"▽ TRANSFER 4 solo icon","ddd":0,"assets":[],"layers":[{"ddd":0,"ind":1,"ty":4,"nm":"transfer path 7","parent":5,"sr":1,"ks":{"o":{"a":1,"k":[{"i":{"x":[0.833],"y":[0.833]},"o":{"x":[0.167],"y":[0.167]},"t":0,"s":[0],"e":[100]},{"t":4}],"ix":11},"r":{"a":0,"k":0,"ix":10},"p":{"a":1,"k":[{"i":{"x":0.393,"y":0.725},"o":{"x":0,"y":0},"t":0,"s":[-49.102,-32,0],"e":[2.098,-32,0],"to":[8.533,0,0],"ti":[-7.133,0,0]},{"i":{"x":0.74,"y":1},"o":{"x":0.625,"y":1},"t":11,"s":[2.098,-32,0],"e":[-6.302,-32,0],"to":[7.133,0,0],"ti":[0,0,0]},{"i":{"x":0.379,"y":1},"o":{"x":0.167,"y":0},"t":20,"s":[-6.302,-32,0],"e":[2.098,-32,0],"to":[0,0,0],"ti":[-1.4,0,0]},{"t":30}],"ix":2},"a":{"a":0,"k":[0,0,0],"ix":1},"s":{"a":0,"k":[80,80,100],"ix":6}},"ao":0,"shapes":[{"ty":"gr","it":[{"ty":"gr","it":[{"ind":0,"ty":"sh","ix":1,"ks":{"a":0,"k":{"i":[[-0.27,-0.26],[-0.17,0],[-0.13,0.13],[0,0],[-0.04,0.08],[0.07,0.16],[0.07,0.06],[0,0],[0.26,-0.27],[-0.27,-0.26],[0,0],[0,0],[0,-0.37],[-0.37,0],[0,0],[0,0]],"o":[[0.13,0.13],[0.17,0],[0,0],[0.07,-0.07],[0.07,-0.17],[-0.04,-0.08],[0,0],[-0.26,-0.27],[-0.27,0.26],[0,0],[0,0],[-0.37,0],[0,0.37],[0,0],[0,0],[-0.27,0.26]],"v":[[8.2,-6.863],[8.67,-6.663],[9.14,-6.863],[11.8,-9.523],[11.95,-9.743],[11.95,-10.253],[11.8,-10.473],[9.14,-13.133],[8.2,-13.133],[8.2,-12.193],[9.72,-10.663],[4.67,-10.663],[4,-10.003],[4.67,-9.333],[9.72,-9.333],[8.2,-7.803]],"c":true},"ix":2},"nm":"Path 1","mn":"ADBE Vector Shape - Group","hd":false},{"ty":"tr","p":{"a":0,"k":[0,0],"ix":2},"a":{"a":0,"k":[0,0],"ix":1},"s":{"a":0,"k":[100,100],"ix":3},"r":{"a":0,"k":0,"ix":6},"o":{"a":0,"k":100,"ix":7},"sk":{"a":0,"k":0,"ix":4},"sa":{"a":0,"k":0,"ix":5},"nm":"Transform"}],"nm":"Group 1","np":1,"cix":2,"bm":0,"ix":1,"mn":"ADBE Vector Group","hd":false},{"ty":"mm","mm":2,"nm":"Merge Paths 1","mn":"ADBE Vector Filter - Merge","hd":false},{"ty":"fl","c":{"a":0,"k":[0.92549020052,0,0,1],"ix":4},"o":{"a":0,"k":100,"ix":5},"r":1,"bm":0,"nm":"Fill 1","mn":"ADBE Vector Graphic - Fill","hd":false},{"ty":"tr","p":{"a":0,"k":[0,0],"ix":2},"a":{"a":0,"k":[0,0],"ix":1},"s":{"a":0,"k":[400,400],"ix":3},"r":{"a":0,"k":0,"ix":6},"o":{"a":0,"k":100,"ix":7},"sk":{"a":0,"k":0,"ix":4},"sa":{"a":0,"k":0,"ix":5},"nm":"Transform"}],"nm":"transfer path","np":3,"cix":2,"bm":0,"ix":1,"mn":"ADBE Vector Group","hd":false}],"ip":0,"op":61,"st":0,"bm":0},{"ddd":0,"ind":2,"ty":4,"nm":"transfer path 6","parent":5,"sr":1,"ks":{"o":{"a":1,"k":[{"i":{"x":[0.833],"y":[0.833]},"o":{"x":[0.167],"y":[0.167]},"t":0,"s":[0],"e":[100]},{"t":4}],"ix":11},"r":{"a":0,"k":0,"ix":10},"p":{"s":true,"x":{"a":1,"k":[{"i":{"x":[0.572],"y":[0.761]},"o":{"x":[0.055],"y":[0.375]},"t":0,"s":[54.9],"e":[2.098]},{"i":{"x":[0.635],"y":[1]},"o":{"x":[0.371],"y":[0.548]},"t":12,"s":[2.098],"e":[10.592]},{"i":{"x":[0.317],"y":[1]},"o":{"x":[0.274],"y":[0]},"t":20,"s":[10.592],"e":[2.098]},{"t":30}],"ix":3},"y":{"a":0,"k":-32,"ix":4}},"a":{"a":0,"k":[0,0,0],"ix":1},"s":{"a":0,"k":[80,80,100],"ix":6}},"ao":0,"shapes":[{"ty":"gr","it":[{"ty":"gr","it":[{"ind":0,"ty":"sh","ix":1,"ks":{"a":0,"k":{"i":[[0,0.37],[0.37,0],[0,0],[0,0],[0.26,0.26],[0.26,-0.27],[0,0],[0.03,-0.08],[-0.07,-0.17],[-0.07,-0.07],[0,0],[-0.17,0],[-0.13,0.13],[0.26,0.26],[0,0],[0,0]],"o":[[0,-0.37],[0,0],[0,0],[0.26,-0.26],[-0.26,-0.27],[0,0],[-0.07,0.06],[-0.07,0.16],[0.03,0.08],[0,0],[0.13,0.13],[0.17,0],[0.26,-0.26],[0,0],[0,0],[0.37,0]],"v":[[-3.999,9.997],[-4.669,9.337],[-9.719,9.337],[-8.199,7.807],[-8.199,6.867],[-9.139,6.867],[-11.799,9.527],[-11.949,9.747],[-11.949,10.257],[-11.799,10.477],[-9.139,13.137],[-8.669,13.337],[-8.199,13.137],[-8.199,12.197],[-9.719,10.667],[-4.669,10.667]],"c":true},"ix":2},"nm":"Path 3","mn":"ADBE Vector Shape - Group","hd":false},{"ty":"tr","p":{"a":0,"k":[0,0],"ix":2},"a":{"a":0,"k":[0,0],"ix":1},"s":{"a":0,"k":[100,100],"ix":3},"r":{"a":0,"k":0,"ix":6},"o":{"a":0,"k":100,"ix":7},"sk":{"a":0,"k":0,"ix":4},"sa":{"a":0,"k":0,"ix":5},"nm":"Transform"}],"nm":"Group 1","np":1,"cix":2,"bm":0,"ix":1,"mn":"ADBE Vector Group","hd":false},{"ty":"mm","mm":2,"nm":"Merge Paths 1","mn":"ADBE Vector Filter - Merge","hd":false},{"ty":"fl","c":{"a":0,"k":[0.92549020052,0,0,1],"ix":4},"o":{"a":0,"k":100,"ix":5},"r":1,"bm":0,"nm":"Fill 1","mn":"ADBE Vector Graphic - Fill","hd":false},{"ty":"tr","p":{"a":0,"k":[0,0],"ix":2},"a":{"a":0,"k":[0,0],"ix":1},"s":{"a":0,"k":[400,400],"ix":3},"r":{"a":0,"k":0,"ix":6},"o":{"a":0,"k":100,"ix":7},"sk":{"a":0,"k":0,"ix":4},"sa":{"a":0,"k":0,"ix":5},"nm":"Transform"}],"nm":"transfer path","np":3,"cix":2,"bm":0,"ix":1,"mn":"ADBE Vector Group","hd":false}],"ip":0,"op":61,"st":0,"bm":0},{"ddd":0,"ind":4,"ty":4,"nm":"transfer path 5","parent":5,"sr":1,"ks":{"o":{"a":1,"k":[{"i":{"x":[0.833],"y":[0.833]},"o":{"x":[0.167],"y":[0.167]},"t":0,"s":[0],"e":[100]},{"t":5}],"ix":11},"r":{"a":0,"k":360,"ix":10},"p":{"a":0,"k":[2.098,-32,0],"ix":2},"a":{"a":0,"k":[0,0,0],"ix":1},"s":{"a":1,"k":[{"i":{"x":[0.43,0.43,0.635],"y":[1,1,1]},"o":{"x":[0.231,0.231,0.231],"y":[0.192,0.192,9.604]},"t":0,"s":[40,40,100],"e":[80,80,100]},{"t":25}],"ix":6}},"ao":0,"shapes":[{"ty":"gr","it":[{"ty":"gr","it":[{"ind":0,"ty":"sh","ix":1,"ks":{"a":0,"k":{"i":[[1.12,0],[0.01,0],[0.25,-0.27],[-0.27,-0.25],[-2.39,-0.26],[0,0],[-0.37,0],[0,0.37],[0,0],[0,2.04],[2.2,0.79],[0,1.3],[-1.5,0],[-0.02,-0.01],[-0.18,0.33],[0.32,0.18],[2.08,0.13],[0,0],[0.37,0],[0,-0.37],[0,0],[0,-1.61],[-2.24,-0.8],[0,-1.15]],"o":[[-2.58,0],[-0.27,-0.25],[-0.25,0.27],[0.05,0.05],[0,0],[0,0.37],[0.37,0],[0,0],[3.03,-0.06],[0,-2.09],[-2.36,-0.84],[0,-1.18],[1.92,0],[0.33,0.18],[0.17,-0.32],[-0.08,-0.04],[0,0],[0,-0.37],[-0.37,0],[0,0],[-2.1,0.26],[0,2.34],[1.85,0.66],[0,1.81]],"v":[[-0.106,4.966],[-3.856,3.956],[-4.796,3.986],[-4.766,4.926],[-1.206,6.246],[-1.206,8.346],[-0.536,9.016],[0.124,8.346],[0.124,6.286],[4.964,2.956],[0.484,-0.734],[-3.416,-3.524],[-0.336,-5.334],[3.404,-4.364],[4.314,-4.634],[4.044,-5.534],[0.124,-6.644],[0.124,-8.734],[-0.536,-9.404],[-1.206,-8.734],[-1.206,-6.614],[-4.756,-3.524],[0.034,0.526],[3.634,2.956]],"c":true},"ix":2},"nm":"Path 2","mn":"ADBE Vector Shape - Group","hd":false},{"ty":"tr","p":{"a":0,"k":[0,0],"ix":2},"a":{"a":0,"k":[0,0],"ix":1},"s":{"a":0,"k":[100,100],"ix":3},"r":{"a":0,"k":0,"ix":6},"o":{"a":0,"k":100,"ix":7},"sk":{"a":0,"k":0,"ix":4},"sa":{"a":0,"k":0,"ix":5},"nm":"Transform"}],"nm":"Group 1","np":1,"cix":2,"bm":0,"ix":1,"mn":"ADBE Vector Group","hd":false},{"ty":"mm","mm":2,"nm":"Merge Paths 1","mn":"ADBE Vector Filter - Merge","hd":false},{"ty":"fl","c":{"a":0,"k":[0.92549020052,0,0,1],"ix":4},"o":{"a":0,"k":100,"ix":5},"r":1,"bm":0,"nm":"Fill 1","mn":"ADBE Vector Graphic - Fill","hd":false},{"ty":"tr","p":{"a":0,"k":[0,0],"ix":2},"a":{"a":0,"k":[0,0],"ix":1},"s":{"a":0,"k":[400,400],"ix":3},"r":{"a":0,"k":0,"ix":6},"o":{"a":0,"k":100,"ix":7},"sk":{"a":0,"k":0,"ix":4},"sa":{"a":0,"k":0,"ix":5},"nm":"Transform"}],"nm":"transfer path","np":3,"cix":2,"bm":0,"ix":1,"mn":"ADBE Vector Group","hd":false}],"ip":0,"op":61,"st":0,"bm":0},{"ddd":0,"ind":5,"ty":3,"nm":"Shape Layer 2","sr":1,"ks":{"o":{"a":0,"k":100,"ix":11},"r":{"a":0,"k":0,"ix":10},"p":{"a":0,"k":[70,70,0],"ix":2},"a":{"a":0,"k":[2,-32,0],"ix":1},"s":{"a":0,"k":[125,125,100],"ix":6}},"ao":0,"ip":0,"op":15,"st":0,"bm":0}],"markers":[]}