{
    "data": [
      {
        "type": "product",
        "id": "3007390000001",
        "attributes": {
          "name": "123 LITE CURRENT ACCOUNT",
          "formattedName": "1|2|3 Lite Current Account",
          "footprint": true
        },
        "links": {
          "self": "https://product-catalogue-bank-account-dev.appls.cap1.paas.gsnetcloud.corp:443/product/3007390000001"
        }
      }
    ],
    "links": {
      "self": "https://product-catalogue-bank-account-dev.appls.cap1.paas.gsnetcloud.corp/product-catalogue/products/3007390000001"
    }
  }
  