{
    "data": {
      "type": "customer",
      "id": "F113355779",
      "attributes": {
        "title": "MISTER",
        "firstName": "JOHN",
        "middleName": "ALAN",
        "lastName": "SMITH",
        "fullName": "MISTER JOHN ALAN SMITH",
        "maidenName": "",
        "countryBirth": "GB",
        "birthDate": "1982-02-19",
        "gender": "MALE",
        "maritalStatus": "TO BE MARRIED",
        "documentType": "NATIONAL IDENTIFICATION NUMBER",
        "documentId": "HH662355C",
        "countryResidence": "GB",
        "nationality": "GB",
        "secondNationality": "AD",
        "employmentStatus": "EMPLOYED",
        "occupation": 1115,
        "activity": 10511,
        "accountingSector": "INDIVIDUALS AND INDIVIDUAL TRUST(UK RESIDENT)",
        "companyName": "BRITISH AIRWAYS S.L",
        "customerRegistrationDate": "2000-01-09",
        "companyStartDate": "2000-01-01",
        "companyEndDate": "2015-01-06",
        "companyType": "CHARITY",
        "companyAdditionalDetail": "ADV. OF ENV. PROTECTION/IMPRV",
        "tradeName": "COCA COLA COMPANY",
        "countryIncorporation": "GB",
        "educationalLevel": "PRIMARY",
        "staff": "NO",
        "dateDeceased": "2090-12-03",
        "confidentialityLevel": "04",
        "informationSource": "SANTANDER",
        "companyCustomer": "SANTANDER UK RETAIL",
        "customerPreferredLanguage": "En-GB",
        "structuralSegment": "PERSON DEFAULT",
        "highconfidentialityFlag": "YES",
        "knowAs": "JIMI",
        "suffix": "JUNIOR",
        "countryFiscalResidence": "GB",
        "lastDateUpdatedBasicData": "1998-05-12",
        "residentialAddress": {
          "lastEffectiveDateUpdated": "2001-01-25",
          "typeUse": "RESIDENTIAL",
          "effectiveDate": "2000-01-01",
          "informationSource": "CUSTOMER",
          "postboxType": "PERSONAL"
        },
        "ukAddressEnquire": {
          "premise": "ABBEY HOUSE 201 APARTAMENT 12 HOUSE",
          "alternativePremise": "UNCLE TOM'S HOUSE",
          "primaryStreet": "DOWNING STREET 22",
          "primaryDistrict": "CHELSEA",
          "secondaryStreet": "DOWNING STREET 22",
          "secondaryDistrict": "CHELSEA",
          "town": "LONDON",
          "postCode": "MK9 1AN"
        },
        "foreignAddress": {
          "line1": "GRAN VIA N 22 MADRID",
          "line2": "",
          "line3": "",
          "line4": "",
          "country": "ES"
        },
        "bfpoAddress": {
          "line1": "BFPO 254",
          "line2": "",
          "line3": "",
          "line4": "",
          "bfpoCode": "BFPO 61"
        },
        "robisonList": [
          {
            "inclusionCause": "NO EMAIL"
          }
        ],
        "contactDetailsEnquire": {
          "phoneDetailsEnquire": {
            "preferredContact": "TRUE",
            "phone": "+44-01142726444",
            "use": "WORK",
            "availibilityPhone": {
              "fromTimePhone": "00:00",
              "toTimePhone": "23:59"
            }
          },
          "mobileDetailsEnquire": {
            "preferredContact": "TRUE",
            "use": "WORK",
            "mobile": "+44-07519437844",
            "availibilityMobile": [
              {
                "fromTimeMobile": "00:00",
                "toTimeMobile": "23:59"
              }
            ]
          },
          "emailDetailsEnquire": {
            "preferredContact": "TRUE",
            "address": "testjulicert@test2.co",
            "use": "WORK",
            "availibilityEmail": [
              {
                "fromTimeEmail": "00:00",
                "toTimeEmail": "23:59"
              }
            ]
          }
        }
      },
      "links": {
        "self": "/customers/F113355779"
      }
    },
    "links": {
      "self": "/customers/F113355779"
    }
  }