{
    "ccc" : "****1686",
    "currency" : "EUR",
    "isLastPage" : false,
    "transactions" : [
        {
            "quantity" : 973694.86000,
            "currency" : "EUR",
            "operationDate" : "2019-04-10T02:24:11+0000",
            "description" : "Devolucion coche",
            "date" : "2019-04-10T02:24:11+0000"
        },
        {
            "quantity" : -996.33000,
            "currency" : "BRL",
            "operationDate" : "2019-04-10T02:24:11+0000",
            "description" : "NORDIS COFFEE",
            "date" : "2019-04-10T02:24:11+0000"
        },
        {
            "quantity" : 8.36,
            "currency" : "PLN",
            "operationDate" : "2019-04-09T02:24:11+0000",
            "description" : "Devolucion Starbucks",
            "date" : "2019-04-09T02:24:11+0000"
        },
        {
            "quantity" : 1.41,
            "currency" : "EUR",
            "operationDate" : "2018-04-10T02:24:11+0000",
            "description" : "PAGO NETFLIX",
            "date" : "2018-04-10T02:24:11+0000"
        },
        {
            "quantity" : -0.37,
            "currency" : "GBP",
            "operationDate" : "2018-04-10T02:24:11+0000",
            "description" : "NORDIS COFFEE",
            "date" : "2018-04-10T02:24:11+0000"
        }
    ]
}

