{
  "disposed" : 275.73000000000002,
  "originalAvailable" : 924.26999999999998,
  "originalLimit" : 1200,
  "isLastPage" : false,
  "cardNumber" : "5415417862849803",
  "expirationDate" : "2020-08-30T22:00:00.000+0000",
  "originalCurrency" : "EUR",
  "alias" : "MASTERCARD",
  "limit" : 1200,
  "cardType" : "C",
  "available" : 924.26999999999998,
  "transactions" : [
    {
      "quantity" : -200,
      "currency" : "EUR",
      "date" : "2018-07-12T22:00:00.000+0000",
      "description" : "Disposic. de efectivo cajero\/oficina",
      "operationDate" : "2018-07-12T22:00:00.000+0000"
    },
    {
      "quantity" : -0.31,
      "currency" : "EUR",
      "date" : "2018-07-11T22:00:00.000+0000",
      "description" : "NORDIS COFFEE",
      "operationDate" : "2018-07-11T22:00:00.000+0000"
    },
    {
      "quantity" : -0.31,
      "currency" : "EUR",
      "date" : "2018-07-11T22:00:00.000+0000",
      "description" : "NORDIS COFFEE",
      "operationDate" : "2018-07-11T22:00:00.000+0000"
    },
    {
      "quantity" : -16.98,
      "currency" : "EUR",
      "date" : "2018-07-11T22:00:00.000+0000",
      "description" : "PAGO NETFLIX",
      "operationDate" : "2018-07-11T22:00:00.000+0000"
    },
    {
      "quantity" : -0.37,
      "currency" : "EUR",
      "date" : "2018-07-10T22:00:00.000+0000",
      "description" : "NORDIS COFFEE",
      "operationDate" : "2018-07-10T22:00:00.000+0000"
    },
    {
      "quantity" : -45.119999999999997,
      "currency" : "EUR",
      "date" : "2018-07-10T22:00:00.000+0000",
      "description" : "COMPRA PAGO EL CORTE INGLÉS",
      "operationDate" : "2018-07-10T22:00:00.000+0000"
    },
    {
      "quantity" : -0.80000000000000004,
      "currency" : "EUR",
      "date" : "2018-06-25T22:00:00.000+0000",
      "description" : "NORDIS COFFEE",
      "operationDate" : "2018-06-25T22:00:00.000+0000"
    },
    {
      "quantity" : -6.3200000000000003,
      "currency" : "EUR",
      "date" : "2018-06-21T22:00:00.000+0000",
      "description" : "LIQUIDACION CUENTA 123",
      "operationDate" : "2018-06-21T22:00:00.000+0000"
    },
    {
      "quantity" : -0.80000000000000004,
      "currency" : "EUR",
      "date" : "2018-06-21T22:00:00.000+0000",
      "description" : "NORDIS COFFEE",
      "operationDate" : "2018-06-21T22:00:00.000+0000"
    },
    {
      "quantity" : -49.899999999999999,
      "currency" : "EUR",
      "date" : "2018-06-19T22:00:00.000+0000",
      "description" : "RECIBO ORANGE ESPAGNE",
      "operationDate" : "2018-06-19T22:00:00.000+0000"
    }
  ],
  "currency" : "EUR",
  "originalDisposed" : 275.73000000000002
}