{
	"shares": {
		"currency": "EUR",
		"shares": [{
			"id": "331jbh4-27gf4234-33dv35ds",
			"ccc": "***8972",
			"alias": "Acciones SAN",
			"currency": "EUR",
			"balance": 6112.44,
			"originalCurrency": "EUR",
			"originalBalance": 6112.44
		},
		{
			"id": "32jj34h4-23df2s34-332dfds",
			"ccc": "***2342",
			"alias": "Acciones TSLA",
			"currency": "EUR",
			"balance": 5,
			"originalCurrency": "EUR",
			"originalBalance": 5
		}
		],
		"balance": 6117.44
	},
	"financing": -9304.25,
	"pensionPlans": {
		"currency": "EUR",
		"balance": 1259,
		"pensionPlans": [{
			"id": "32543bh4-23321s34-326d3fds",
			"planName": "PP MI PLAN SANTANDER MODERADO",
			"lastUpdate": "2018-03-10T02:28:16.000+0000",
			"quantity": "100.00",
			"yearToDateContribution": 0,
			"yield": 0,
			"originalBalance": 1259,
			"balance": 1259,
			"originalCurrency": "EUR",
			"openingDate": "9999-12-30T23:00:00.000+0000",
			"alias": "PP MI PLAN SANTANDER MODERADO",
			"planNumber": "007301003120106463",
			"currency": "EUR",
			"totalContribution": 0
		}]
	},
	"accounts": {
		"accounts": [
      {
		"id": "324jbh4-24536gs34-3353fds",
        "alias" : "CUENTA CORRIENTE",
        "originalCurrency" : "GBP",
        "newTransactionCount" : 3,
        "originalBalance" : 524019.260000,
        "ccc" : "20382304232340964521",
        "currency" : "EUR",
        "balance" : 524019.260000
      },
      {
		"id": "324jbh4-233fg764-3353fds",
        "newTransactionCount" : 0,
        "alias" : "CUENTA AUTORIZADO",
        "originalCurrency" : "EUR",
        "originalBalance" : -92681.78000,
        "ccc" : "20562304232340964521",
        "currency" : "EUR",
        "balance" : -92681.78000
      },
      {
      	"id": "324jbh4-233fgs34-33746ds",
        "newTransactionCount" : 0,
        "alias" : "CUENTA DE AHORRO",
        "originalCurrency" : "EUR",
        "ccc" : "2456230423234534y654",
        "currency" : "EUR",
        "balance" : 3225.37,
        "originalBalance" : 0,
        "originalQuantityValue" : 3325.37
      }
		],
		"currency": "EUR",
		"balance": 346.63
	},
	"cards": {
		"cards": [{
			"id": "8cded746-6d97-4148-85d7-a78c9e1644ac",
			"alias": "Tarjeta de Compra - El Corte Inglés",
			"cardNumber": "5415417862849803",
			"expirationDate": "2020-08-30T22:00:00.000+0000",
			"cardType": "C",
			
			"originalCurrency": "EUR",
			"originalDisposed": 275.73,
			"originalLimit": 1200,
			"originalAvailable": 924.27,
			"currency": "EUR",
			"disposed": 275.73,
			"limit": 1200,
			"available": 924.27
		}],
		"currency": "EUR",
		"balance": 275.73
	},
	"unreadMessages": [{
		"amount": 530.5,
		"currency": "EUR",
		"title": "New incoming transfer",
		"type": 1
	}],
	"userName": "John",
	"loans": {
		"loans": [{
			"id": "324jbh4-233fgs34-3353fds",
			"alias": "Hipoteca E+0,5",
			"account": "004903561030059776",
			"beginDate": "2009-06-25T10:00:00.000+0000",
			"endDate": "2022-11-25T11:00:00.000+0000",
			"accountType": "H",
			"initialBalance": 0,
			"originalCurrency": "EUR",
			"originalDebt": 19957.59,
			"currency": "EUR",
			"debt": 19957.59,
			"valueRate": "0.488000"
		}],
		"currency": "EUR",
		"balance": 19957.59
	},
	"funds": {
		"funds": [{
			"id": "c4278928-98ec-4d46-b028-d6aecd170c93",
			"account": "***1173",
			"alias": "JPMF GERMANY EQUITY",
			"currency": "EUR",
			"balance": 6517.67,
			"originalCurrency": "EUR",
			"originalBalance": 6517.67
		}],
		"currency": "EUR",
		"balance": 6517.67
	},
	"balance": 346.63
}
