[
  {
    "title": "Insurance",
    "data": [
      "AvivaPlus home",
      "AvivaPlus motor",
      "Breakdown",
      "Corporate health",
      "Critical illness",
      "Distinct home insurance",
      "Distinct motor insurance",
      "Family personal accident insurance",
      "Home",
      "Income protection",
      "Life insurance",
      "Motor",
      "Motorcycle insurance",
      "Personal accident insurance",
      "Private health",
      "Travel insurance"
    ]
  },
  {
    "title": "Retirement",
    "data": [
      "Annuity",
      "Direct wealth pension",
      "Equity release",
      "Income drawdown",
      "Pension drawdown",
      "Pension"
    ]
  },
  {
    "title": "Investment",
    "data": [
      "Investment account",
      "Investment bond",
      "Investment portfolio",
      "ISA"
    ]
  },
  {
    "title": "General",
    "data": ["Complaints", "General enquiries"]
  }
]
