{
  "Annuity": {
    "title": "Annuity",
    "data": {
      "contactDetails": [
        {
          "type": "heading-text",
          "value": "Manage your policy"
        },
        {
          "type": "phone",
          "value": "0800 068 6800",
          "analytics": "dial-manage-tapped"
        },
        {
          "type": "opening-times",
          "data": [
            {
              "day": "Monday - Friday",
              "hours": "8:00am - 6:00pm"
            }
          ]
        },
        {
          "type": "email-address",
          "value": "Or email us at",
          "email": "contactus@aviva.co.uk",
          "analytics": "email-tapped"
        }
      ]
    }
  },
  "AvivaPlus home": {
    "title": "AvivaPlus home",
    "data": {
      "contactDetails": [
        {
          "type": "heading-text",
          "value": "Manage your policy"
        },
        {
          "type": "action",
          "value": "Contact us online",
          "url": "https://www.aviva.co.uk/help-and-support/contact-us/home-insurance",
          "analytics": "contact-online-tapped"
        },
        {
          "type": "heading-text",
          "value": "Claims"
        },
        {
          "type": "phone",
          "value": "0345 030 8044",
          "styles": {
            "marginBottom": 23
          },
          "analytics": "dial-claims-tapped"
        },
        {
          "type": "footer-text-centre-section-bold",
          "value": "Lines are open 24/7.",
          "valueBold": "Please only call us if you need to claim. ",
          "valueTwo": "Otherwise we can help you faster online."
        }
      ]
    }
  },
  "AvivaPlus motor": {
    "title": "AvivaPlus motor",
    "data": {
      "contactDetails": [
        {
          "type": "heading-text",
          "value": "Manage your policy"
        },
        {
          "type": "action",
          "value": "Contact us online",
          "url": "https://www.aviva.co.uk/help-and-support/contact-us/motor-insurance",
          "analytics": "contact-online-tapped"
        },
        {
          "type": "heading-text",
          "value": "Claims"
        },
        {
          "type": "phone",
          "value": "0345 030 6925",
          "styles": {
            "marginBottom": 23
          },
          "analytics": "dial-claims-tapped"
        },
        {
          "type": "footer-text-centre-section-bold",
          "value": "Lines are open 24/7.",
          "valueBold": "Please only call us if you need to claim. ",
          "valueTwo": "Otherwise we can help you faster online."
        }
      ]
    }
  },
  "Breakdown": {
    "title": "Breakdown",
    "data": {
      "contactDetails": [
        {
          "type": "heading-text",
          "value": "Manage your policy"
        },
        {
          "type": "phone",
          "value": "0345 030 7569",
          "analytics": "dial-manage-tapped"
        },
        {
          "type": "opening-times",
          "data": [
            {
              "day": "Monday - Friday",
              "hours": "8:00am - 8:00pm"
            },
            {
              "day": "Saturday",
              "hours": "8:30am - 5:00pm"
            },
            {
              "day": "Sunday & Bank Holidays",
              "hours": "10:00am - 4:00pm"
            }
          ]
        },
        {
          "type": "divider",
          "value": ""
        },
        {
          "type": "heading-text",
          "value": "Claims"
        },
        {
          "type": "heading-text",
          "value": "UK"
        },
        {
          "type": "phone",
          "value": "0800 015 5755",
          "styles": {
            "marginBottom": 23
          },
          "analytics": "dial-uk-claims-tapped"
        },
        {
          "type": "heading-text",
          "value": "Republic of Ireland"
        },
        {
          "type": "phone",
          "value": "0180 0535 005",
          "styles": {
            "marginBottom": 23
          },
          "analytics": "dial-roi-claims-tapped"
        },
        {
          "type": "heading-text",
          "value": "France or Monaco"
        },
        {
          "type": "phone",
          "value": "0800 290 112",
          "styles": {
            "marginBottom": 23
          },
          "analytics": "dial-france-monaco-claims-tapped"
        },
        {
          "type": "heading-text",
          "value": "Any other European country"
        },
        {
          "type": "phone",
          "value": "0033 472 435 25",
          "styles": {
            "marginBottom": 23
          },
          "analytics": "dial-europe-claims-tapped"
        },
        {
          "type": "footer-text",
          "value": "Lines are open 24/7"
        }
      ]
    }
  },
  "Complaints": {
    "title": "Complaints",
    "data": {
      "contactDetails": [
        {
          "type": "heading-text",
          "value": "General insurance complaints"
        },
        {
          "type": "phone",
          "value": "0800 068 5670",
          "styles": {
            "marginBottom": 23
          },
          "analytics": "GI-complaint-tapped"
        },
        {
          "type": "heading-text",
          "value": "Life insurance complaints"
        },
        {
          "type": "phone",
          "value": "0800 068 6800",
          "styles": {
            "marginBottom": 23
          },
          "analytics": "dial-life-tapped"
        },
        {
          "type": "heading-text",
          "value": "Healthcare complaints"
        },
        {
          "type": "phone",
          "value": "0800 158 3333",
          "styles": {
            "marginBottom": 23
          },
          "analytics": "dial-healthcare-tapped"
        },
        {
          "type": "footer-text",
          "value": "For more information on the complaints process please visit our website"
        },
        {
          "type": "action",
          "value": "Complaints process",
          "url": "https://www.aviva.co.uk/help-and-support/contact-us/complaints/",
          "analytics": "complaints-process-tapped"
        }
      ]
    }
  },
  "Corporate health": {
    "title": "Corporate health",
    "data": {
      "contactDetails": [
        {
          "type": "heading-text",
          "value": "Manage your policy"
        },
        {
          "type": "phone",
          "value": "0800 158 3344",
          "styles": {
            "marginBottom": -10
          },
          "analytics": "dial-tapped"
        },
        {
          "type": "opening-times",
          "data": [
            {
              "day": "Monday - Friday",
              "hours": "8:00am - 6:30pm"
            },
            {
              "day": "Saturday",
              "hours": "9:00am - 1:00pm"
            },
            {
              "day": "Sunday & Bank Holidays",
              "hours": "Closed"
            }
          ]
        },
        {
          "type": "footer-text",
          "value": "Opening hours may vary depending on the department you need to speak to"
        }
      ]
    }
  },
  "Critical illness": {
    "title": "Critical illness",
    "data": {
      "contactDetails": [
        {
          "type": "heading-text",
          "value": "Manage your policy"
        },
        {
          "type": "phone",
          "value": "0800 068 6800",
          "analytics": "dial-manage-tapped"
        },
        {
          "type": "opening-times",
          "data": [
            {
              "day": "Monday - Friday",
              "hours": "8:30am - 5:30pm"
            },
            {
              "day": "Saturday",
              "hours": "8:30am - 2:00pm"
            }
          ]
        },
        {
          "type": "email-address",
          "value": "Or email us at",
          "email": "contactus@aviva.com",
          "analytics": "email-tapped"
        },
        {
          "type": "divider",
          "value": ""
        },
        {
          "type": "heading-text",
          "value": "UK claims"
        },
        {
          "type": "phone",
          "value": "0800 015 1142",
          "analytics": "dial-uk-claims-tapped"
        },
        {
          "type": "opening-times",
          "data": [
            {
              "day": "Monday - Friday",
              "hours": "8:30am - 5:30pm"
            },
            {
              "day": "Saturday",
              "hours": "8:30am - 2:00pm"
            }
          ]
        },
        {
          "type": "footer-text",
          "value": "You can leave a message outside of these hours",
          "key": "outside-hours-1"
        },
        {
          "type": "divider",
          "value": ""
        },
        {
          "type": "heading-text",
          "value": "Overseas claims"
        },
        {
          "type": "phone",
          "value": "+44 1603 202 500",
          "analytics": "dial-overseas-claims-tapped"
        },
        {
          "type": "opening-times",
          "data": [
            {
              "day": "Monday - Friday",
              "hours": "8:30am - 5:30pm"
            },
            {
              "day": "Saturday",
              "hours": "8:30am - 2:00pm"
            }
          ]
        },
        {
          "type": "footer-text",
          "value": "You can leave a message outside of these hours",
          "key": "outside-hours-2"
        }
      ]
    }
  },
  "Distinct home insurance": {
    "title": "Distinct home insurance",
    "data": {
      "contactDetails": [
        {
          "type": "heading-text",
          "value": "Manage your policy"
        },
        {
          "type": "phone",
          "value": "0800 068 7005",
          "analytics": "dial-manage-tapped"
        },
        {
          "type": "opening-times",
          "data": [
            {
              "day": "Monday - Friday",
              "hours": "9:00am - 5:00pm"
            }
          ]
        },
        {
          "type": "email-address",
          "value": "Or email us at",
          "email": "avivahnw@aviva.com",
          "analytics": "email-tapped"
        },
        {
          "type": "divider",
          "value": ""
        },
        {
          "type": "heading-text",
          "value": "Claims"
        },
        {
          "type": "phone",
          "value": "0345 030 6925",
          "styles": {
            "marginBottom": 23
          },
          "analytics": "dial-claims-tapped"
        },
        {
          "type": "footer-text",
          "value": "Lines are open 24/7"
        }
      ]
    }
  },
  "Distinct motor insurance": {
    "title": "Distinct motor insurance",
    "data": {
      "contactDetails": [
        {
          "type": "heading-text",
          "value": "Manage your policy"
        },
        {
          "type": "phone",
          "value": "0800 904 7431",
          "analytics": "dial-manage-tapped"
        },
        {
          "type": "opening-times",
          "data": [
            {
              "day": "Monday - Friday",
              "hours": "9:00am - 5:00pm"
            }
          ]
        },
        {
          "type": "email-address",
          "value": "Or email us at",
          "email": "avivahnw@aviva.com",
          "analytics": "email-tapped"
        },
        {
          "type": "divider",
          "value": ""
        },
        {
          "type": "heading-text",
          "value": "Claims"
        },
        {
          "type": "phone",
          "value": "0800 051 1750",
          "styles": {
            "marginBottom": 23
          },
          "analytics": "dial-claims-tapped"
        },
        {
          "type": "footer-text",
          "value": "Lines are open 24/7"
        }
      ]
    }
  },
  "Equity release": {
    "title": "Equity release",
    "data": {
      "contactDetails": [
        {
          "type": "heading-text",
          "value": "Manage your policy"
        },
        {
          "type": "phone",
          "value": "0800 151 2552",
          "analytics": "dial-manage-tapped"
        },
        {
          "type": "opening-times",
          "data": [
            {
              "day": "Monday - Friday",
              "hours": "9:00am - 5:00pm"
            }
          ]
        },
        {
          "type": "email-address",
          "value": "Or email us at",
          "email": "ercicdirect@aviva.com",
          "analytics": "email-tapped"
        }
      ]
    }
  },
  "Family personal accident insurance": {
    "title": "Family personal accident insurance",
    "data": {
      "contactDetails": [
        {
          "type": "heading-text",
          "value": "Manage your policy"
        },
        {
          "type": "phone",
          "value": "0800 158 3993",
          "analytics": "dial-manage-tapped"
        },
        {
          "type": "opening-times",
          "data": [
            {
              "day": "Monday - Friday",
              "hours": "9:00am - 5:00pm"
            }
          ]
        },
        {
          "type": "divider",
          "value": ""
        },
        {
          "type": "heading-text",
          "value": "Claims"
        },
        {
          "type": "phone",
          "value": "0800 051 5175",
          "analytics": "dial-claims-tapped"
        },
        {
          "type": "opening-times",
          "data": [
            {
              "day": "Monday - Friday",
              "hours": "9:00am - 5:00pm"
            }
          ]
        }
      ]
    }
  },
  "General enquiries": {
    "title": "General enquiries",
    "data": {
      "contactDetails": [
        {
          "type": "heading-text",
          "value": "UK"
        },
        {
          "type": "phone",
          "value": "01603 622 200",
          "analytics": "dial-uk-tapped"
        },
        {
          "type": "opening-times",
          "data": [
            {
              "day": "Monday - Friday",
              "hours": "9:00am - 5:00pm"
            }
          ]
        },
        {
          "type": "heading-text",
          "value": "Overseas"
        },
        {
          "type": "phone",
          "value": "+44 1603 604 999",
          "analytics": "dial-overseas-tapped"
        },
        {
          "type": "opening-times",
          "data": [
            {
              "day": "Monday - Friday",
              "hours": "9:00am - 5:00pm"
            }
          ]
        }
      ]
    }
  },
  "Home": {
    "title": "Home",
    "data": {
      "contactDetails": [
        {
          "type": "heading-text",
          "value": "Manage your policy"
        },
        {
          "type": "action",
          "value": "Contact us online",
          "url": "https://www.aviva.co.uk/help-and-support/contact-us/home-insurance",
          "analytics": "contact-online-tapped"
        },
        {
          "type": "heading-text",
          "value": "Claims"
        },
        {
          "type": "phone",
          "value": "0345 030 6945",
          "styles": {
            "marginBottom": 23
          },
          "analytics": "dial-claims-tapped"
        },
        {
          "type": "footer-text-centre-section-bold",
          "value": "Lines are open 24/7.",
          "valueBold": "Please only call us if you need to claim. ",
          "valueTwo": "Otherwise we can help you faster online."
        }
      ]
    }
  },
  "Income drawdown": {
    "title": "Income drawdown",
    "data": {
      "contactDetails": [
        {
          "type": "heading-text",
          "value": "Manage your policy"
        },
        {
          "type": "phone",
          "value": "0800 0158 317",
          "analytics": "dial-manage-tapped"
        },
        {
          "type": "opening-times",
          "data": [
            {
              "day": "Monday - Friday",
              "hours": "9:00am - 5:00pm"
            }
          ]
        }
      ]
    }
  },
  "Income protection": {
    "title": "Income protection",
    "data": {
      "contactDetails": [
        {
          "type": "heading-text",
          "value": "Manage your policy"
        },
        {
          "type": "phone",
          "value": "0800 158 3119",
          "analytics": "dial-manage-tapped"
        },
        {
          "type": "opening-times",
          "data": [
            {
              "day": "Monday - Friday",
              "hours": "8:30am - 5:30pm"
            }
          ]
        },
        {
          "type": "divider",
          "value": ""
        },
        {
          "type": "heading-text",
          "value": "Claims"
        },
        {
          "type": "phone",
          "value": "0800 158 3105",
          "analytics": "dial-claims-tapped"
        },
        {
          "type": "opening-times",
          "data": [
            {
              "day": "Monday - Friday",
              "hours": "9:00am - 5:00pm"
            }
          ]
        }
      ]
    }
  },
  "Investment bond": {
    "title": "Investment bond",
    "data": {
      "contactDetails": [
        {
          "type": "heading-text",
          "value": "Manage your policy"
        },
        {
          "type": "phone",
          "value": "0800 096 3530",
          "analytics": "dial-manage-tapped"
        },
        {
          "type": "opening-times",
          "data": [
            {
              "day": "Monday - Friday",
              "hours": "8:30am - 5:30pm"
            },
            {
              "day": "Saturday",
              "hours": "8:30am - 2:00pm"
            }
          ]
        }
      ]
    }
  },
  "Investment portfolio": {
    "title": "Investment portfolio",
    "data": {
      "contactDetails": [
        {
          "type": "heading-text",
          "value": "Manage your policy"
        },
        {
          "type": "phone",
          "value": "0800 068 2170",
          "analytics": "dial-manage-tapped"
        },
        {
          "type": "opening-times",
          "data": [
            {
              "day": "Monday - Friday",
              "hours": "8:30am - 5:30pm"
            }
          ]
        }
      ]
    }
  },
  "Life insurance": {
    "title": "Life insurance",
    "data": {
      "contactDetails": [
        {
          "type": "heading-text",
          "value": "Manage your policy"
        },
        {
          "type": "phone",
          "value": "0800 068 6800",
          "analytics": "dial-manage-tapped"
        },
        {
          "type": "opening-times",
          "data": [
            {
              "day": "Monday - Friday",
              "hours": "8:30am - 5:30pm"
            },
            {
              "day": "Saturday",
              "hours": "8:30am - 2:00pm"
            }
          ]
        },
        {
          "type": "email-address",
          "value": "Or email us at",
          "email": "contactus@aviva.com",
          "analytics": "email-tapped"
        },
        {
          "type": "divider",
          "value": ""
        },
        {
          "type": "heading-text",
          "value": "Claims"
        },
        {
          "type": "phone",
          "value": "0800 015 1142",
          "analytics": "dial-claims-tapped"
        },
        {
          "type": "opening-times",
          "data": [
            {
              "day": "Monday - Friday",
              "hours": "8:30am - 5:30pm"
            }
          ]
        },
        {
          "type": "footer-text",
          "value": "You can leave a message outside of these hours"
        }
      ]
    }
  },
  "Motor": {
    "title": "Motor",
    "data": {
      "contactDetails": [
        {
          "type": "heading-text",
          "value": "Manage your policy"
        },
        {
          "type": "action",
          "value": "Contact us online",
          "url": "https://www.aviva.co.uk/help-and-support/contact-us/motor-insurance",
          "analytics": "contact-online-tapped"
        },
        {
          "type": "heading-text",
          "value": "Claims"
        },
        {
          "type": "phone",
          "value": "0345 030 6925",
          "styles": {
            "marginBottom": 23
          },
          "analytics": "dial-claims-tapped"
        },
        {
          "type": "footer-text-centre-section-bold",
          "value": "Lines are open 24/7.",
          "valueBold": "Please only call us if you need to claim. ",
          "valueTwo": "Otherwise we can help you faster online."
        }
      ]
    }
  },
  "Motorcycle insurance": {
    "title": "Motorcycle insurance",
    "data": {
      "contactDetails": [
        {
          "type": "heading-text",
          "value": "Manage your policy"
        },
        {
          "type": "phone",
          "value": "0345 030 6921",
          "styles": {
            "marginBottom": 23
          },
          "analytics": "dial-manage-tapped"
        },
        {
          "type": "footer-text",
          "value": "Lines are open 24/7"
        },
        {
          "type": "email-address",
          "value": "Or email us at",
          "email": "ukdisupport@aviva.co.uk",
          "analytics": "email-tapped"
        }
      ]
    }
  },
  "Pension": {
    "title": "Pension",
    "data": {
      "contactDetails": [
        {
          "type": "heading-text",
          "value": "Manage your policy"
        },
        {
          "type": "phone",
          "value": "0800 068 6800",
          "styles": {
            "marginBottom": -1
          },
          "analytics": "dial-manage-tapped"
        },
        {
          "type": "opening-times",
          "data": [
            {
              "day": "Monday - Friday",
              "hours": "8:00am - 6:00pm"
            }
          ]
        }
      ]
    }
  },
  "Personal accident insurance": {
    "title": "Personal accident insurance",
    "data": {
      "contactDetails": [
        {
          "type": "heading-text",
          "value": "Manage your policy"
        },
        {
          "type": "phone",
          "value": "0800 158 3993",
          "analytics": "dial-manage-tapped"
        },
        {
          "type": "opening-times",
          "data": [
            {
              "day": "Monday - Friday",
              "hours": "9:00am - 5:00pm"
            }
          ]
        },
        {
          "type": "divider",
          "value": ""
        },
        {
          "type": "heading-text",
          "value": "Claims"
        },
        {
          "type": "phone",
          "value": "0800 051 5175",
          "analytics": "dial-claims-tapped"
        },
        {
          "type": "opening-times",
          "data": [
            {
              "day": "Monday - Friday",
              "hours": "9:00am - 5:00pm"
            }
          ]
        }
      ]
    }
  },
  "Private health": {
    "title": "Private health",
    "data": {
      "contactDetails": [
        {
          "type": "heading-text",
          "value": "Manage your policy"
        },
        {
          "type": "phone",
          "value": "0800 068 3827",
          "analytics": "dial-manage-tapped"
        },
        {
          "type": "opening-times",
          "data": [
            {
              "day": "Monday - Thursday",
              "hours": "8:30am - 8:00pm"
            },
            {
              "day": "Friday",
              "hours": "8:30am - 6:00pm"
            },
            {
              "day": "Saturday",
              "hours": "9:00am - 1:00pm"
            }
          ]
        },
        {
          "type": "email-address",
          "value": "Or email us at",
          "email": "hcct@aviva.com",
          "analytics": "email-tapped"
        }
      ]
    }
  },
  "Travel insurance": {
    "title": "Travel insurance",
    "data": {
      "contactDetails": [
        {
          "type": "footer-text",
          "value": "You can email queries to us by filling in our online form. We will get back to you within 24 hours."
        },
        {
          "type": "action",
          "value": "Online form",
          "url": "https://www.aviva.co.uk/help-and-support/contact-us/travel-insurance/",
          "analytics": "contact-online-tapped"
        },
        {
          "type": "heading-text",
          "value": "Manage your policy"
        },
        {
          "type": "phone",
          "value": "0345 030 8715",
          "analytics": "dial-manage-tapped"
        },
        {
          "type": "opening-times",
          "data": [
            {
              "day": "Monday - Friday",
              "hours": "8:00am - 6:00pm"
            },
            {
              "day": "Saturday",
              "hours": "9:00am - 3:00pm"
            },
            {
              "day": "Sunday & Bank Holidays",
              "hours": "10:00am - 2:00pm"
            }
          ]
        },
        {
          "type": "divider",
          "value": ""
        },
        {
          "type": "heading-text",
          "value": "Overseas claims"
        },
        {
          "type": "heading-text",
          "value": "Emergency"
        },
        {
          "type": "phone",
          "value": "+44 1603 208 044",
          "styles": {
            "marginBottom": 23
          },
          "analytics": "dial-emergency-tapped"
        },
        {
          "type": "heading-text",
          "value": "Non-emergency",
          "key": "non-emergency-1"
        },
        {
          "type": "phone",
          "value": "+44 1603 603 716",
          "styles": {
            "marginBottom": 23
          },
          "analytics": "dial-overseas-non-emergency-tapped"
        },
        {
          "type": "footer-text",
          "value": "Lines are open 24/7"
        },
        {
          "type": "divider",
          "value": ""
        },
        {
          "type": "heading-text",
          "value": "UK claims"
        },
        {
          "type": "heading-text",
          "value": "Non-emergency",
          "key": "non-emergency-2"
        },
        {
          "type": "phone",
          "value": "0345 030 6983",
          "analytics": "dial-uk-non-emergency-tapped"
        },
        {
          "type": "opening-times",
          "data": [
            {
              "day": "Monday - Friday",
              "hours": "8:00am - 8:00pm"
            },
            {
              "day": "Saturday",
              "hours": "8:00am - 4:00pm"
            },
            {
              "day": "Sunday",
              "hours": "Closed"
            }
          ]
        }
      ]
    }
  },
  "Direct wealth pension": {
    "title": "Pension",
    "data": {
      "contactDetails": [
        {
          "type": "heading-text",
          "value": "Manage your policy"
        },
        {
          "type": "phone",
          "value": "0800 285 1088",
          "styles": {
            "marginBottom": -1
          },
          "analytics": "dial-manage-tapped"
        },
        {
          "type": "opening-times",
          "data": [
            {
              "day": "Monday - Friday",
              "hours": "8:00am - 5:30pm"
            }
          ]
        },
        {
          "type": "email-address",
          "value": "Or email us at",
          "email": "myinvestmentportfolio@aviva.com",
          "analytics": "email-tapped"
        }
      ]
    }
  },
  "Investment account": {
    "title": "Investment account",
    "data": {
      "contactDetails": [
        {
          "type": "heading-text",
          "value": "Manage your policy"
        },
        {
          "type": "phone",
          "value": "0800 285 1088",
          "styles": {
            "marginBottom": -1
          },
          "analytics": "dial-manage-tapped"
        },
        {
          "type": "opening-times",
          "data": [
            {
              "day": "Monday - Friday",
              "hours": "8:00am - 5:30pm"
            }
          ]
        },
        {
          "type": "email-address",
          "value": "Or email us at",
          "email": "myinvestmentportfolio@aviva.com",
          "analytics": "email-tapped"
        }
      ]
    }
  },
  "ISA": {
    "title": "ISA",
    "data": {
      "contactDetails": [
        {
          "type": "heading-text",
          "value": "Manage your policy"
        },
        {
          "type": "phone",
          "value": "0800 285 1088",
          "styles": {
            "marginBottom": -1
          },
          "analytics": "dial-manage-tapped"
        },
        {
          "type": "opening-times",
          "data": [
            {
              "day": "Monday - Friday",
              "hours": "8:00am - 5:30pm"
            }
          ]
        },
        {
          "type": "email-address",
          "value": "Or email us at",
          "email": "myinvestmentportfolio@aviva.com",
          "analytics": "email-tapped"
        }
      ]
    }
  },
  "Pension drawdown": {
    "title": "Pension drawdown",
    "data": {
      "contactDetails": [
        {
          "type": "heading-text",
          "value": "Manage your policy"
        },
        {
          "type": "phone",
          "value": "0800 285 1088",
          "styles": {
            "marginBottom": -1
          },
          "analytics": "dial-manage-tapped"
        },
        {
          "type": "opening-times",
          "data": [
            {
              "day": "Monday - Friday",
              "hours": "8:00am - 5:30pm"
            }
          ]
        },
        {
          "type": "email-address",
          "value": "Or email us at",
          "email": "myinvestmentportfolio@aviva.com",
          "analytics": "email-tapped"
        }
      ]
    }
  }
}
