{
  "swagger": "2.0",
  "info": {
    "description": "The Admin Account API is used to manage account metadata for console",
    "version": "1.0",
    "title": "Admin Account API"
  },
  "host": "internal-api.prod.astoapp.co.uk",
  "basePath": "/admin-account-service/",
  "tags": [
    {
      "name": "address-controller",
      "description": "Address Controller"
    },
    {
      "name": "admin-account-controller",
      "description": "Admin Account Controller"
    },
    {
      "name": "admin-organisation-controller",
      "description": "Admin Organisation Controller"
    },
    {
      "name": "organisation-controller",
      "description": "Organisation Controller"
    }
  ],
  "paths": {
    "/accounts/{accountId}/idverification": {
      "put": {
        "tags": [
          "admin-account-controller"
        ],
        "summary": "Update ID&V status",
        "operationId": "updateAccountUsingPUT",
        "consumes": [
          "application/json"
        ],
        "produces": [
          "*/*"
        ],
        "parameters": [
          {
            "in": "body",
            "name": "accountDto",
            "description": "accountDto",
            "required": true,
            "schema": {
              "$ref": "#/definitions/IDVStatusDto"
            }
          },
          {
            "name": "accountId",
            "in": "path",
            "description": "accountId",
            "required": true,
            "type": "string"
          }
        ],
        "responses": {
          "200": {
            "description": "OK",
            "schema": {
              "$ref": "#/definitions/AccountDto"
            }
          },
          "400": {
            "description": "Bad request",
            "schema": {
              "$ref": "#/definitions/HttpExceptionResponse"
            }
          },
          "401": {
            "description": "Unauthorized",
            "schema": {
              "$ref": "#/definitions/HttpExceptionResponse"
            }
          },
          "404": {
            "description": "User not found",
            "schema": {
              "$ref": "#/definitions/HttpExceptionResponse"
            }
          },
          "500": {
            "description": "Internal Server Error",
            "schema": {
              "$ref": "#/definitions/HttpExceptionResponse"
            }
          }
        },
        "deprecated": false
      }
    },
    "/addresses": {
      "post": {
        "tags": [
          "address-controller"
        ],
        "summary": "Create address with metadata",
        "operationId": "createAddressUsingPOST",
        "consumes": [
          "application/json"
        ],
        "produces": [
          "*/*"
        ],
        "parameters": [
          {
            "in": "body",
            "name": "addressDto",
            "description": "addressDto",
            "required": true,
            "schema": {
              "$ref": "#/definitions/AddressDto"
            }
          }
        ],
        "responses": {
          "201": {
            "description": "Created",
            "schema": {
              "$ref": "#/definitions/AddressDto"
            }
          },
          "400": {
            "description": "Bad request",
            "schema": {
              "$ref": "#/definitions/HttpExceptionResponse"
            }
          },
          "500": {
            "description": "Internal server error",
            "schema": {
              "$ref": "#/definitions/HttpExceptionResponse"
            }
          }
        },
        "deprecated": false
      }
    },
    "/addresses/{addressId}": {
      "get": {
        "tags": [
          "address-controller"
        ],
        "summary": "Get address metadata",
        "operationId": "getAddressUsingGET",
        "produces": [
          "*/*"
        ],
        "parameters": [
          {
            "name": "addressId",
            "in": "path",
            "description": "addressId",
            "required": true,
            "type": "string",
            "format": "uuid"
          }
        ],
        "responses": {
          "200": {
            "description": "OK",
            "schema": {
              "$ref": "#/definitions/AddressDto"
            }
          },
          "400": {
            "description": "Bad request",
            "schema": {
              "$ref": "#/definitions/HttpExceptionResponse"
            }
          },
          "404": {
            "description": "Address not found",
            "schema": {
              "$ref": "#/definitions/HttpExceptionResponse"
            }
          },
          "500": {
            "description": "Internal server error",
            "schema": {
              "$ref": "#/definitions/HttpExceptionResponse"
            }
          }
        },
        "deprecated": false
      },
      "put": {
        "tags": [
          "address-controller"
        ],
        "summary": "Update address metadata",
        "operationId": "updateAddressUsingPUT",
        "consumes": [
          "application/json"
        ],
        "produces": [
          "*/*"
        ],
        "parameters": [
          {
            "in": "body",
            "name": "addressDto",
            "description": "addressDto",
            "required": true,
            "schema": {
              "$ref": "#/definitions/AddressDto"
            }
          },
          {
            "name": "addressId",
            "in": "path",
            "description": "addressId",
            "required": true,
            "type": "string",
            "format": "uuid"
          }
        ],
        "responses": {
          "200": {
            "description": "OK",
            "schema": {
              "$ref": "#/definitions/AddressDto"
            }
          },
          "400": {
            "description": "Bad request",
            "schema": {
              "$ref": "#/definitions/HttpExceptionResponse"
            }
          },
          "404": {
            "description": "User not found",
            "schema": {
              "$ref": "#/definitions/HttpExceptionResponse"
            }
          },
          "500": {
            "description": "Internal Server Error",
            "schema": {
              "$ref": "#/definitions/HttpExceptionResponse"
            }
          }
        },
        "deprecated": false
      },
      "delete": {
        "tags": [
          "address-controller"
        ],
        "summary": "Delete address",
        "operationId": "deleteAddressUsingDELETE",
        "produces": [
          "*/*"
        ],
        "parameters": [
          {
            "name": "addressId",
            "in": "path",
            "description": "addressId",
            "required": true,
            "type": "string",
            "format": "uuid"
          }
        ],
        "responses": {
          "200": {
            "description": "OK",
            "schema": {
              "$ref": "#/definitions/AddressDto"
            }
          },
          "400": {
            "description": "Bad request",
            "schema": {
              "$ref": "#/definitions/HttpExceptionResponse"
            }
          },
          "404": {
            "description": "Address not found",
            "schema": {
              "$ref": "#/definitions/HttpExceptionResponse"
            }
          },
          "500": {
            "description": "Internal Server Error",
            "schema": {
              "$ref": "#/definitions/HttpExceptionResponse"
            }
          }
        },
        "deprecated": false
      }
    },
    "/admin/accounts/{accountId}/status": {
      "get": {
        "tags": [
          "admin-account-controller"
        ],
        "summary": "Get onboarding status",
        "operationId": "getAccountStatusUsingGET",
        "produces": [
          "*/*"
        ],
        "parameters": [
          {
            "name": "accountId",
            "in": "path",
            "description": "accountId",
            "required": true,
            "type": "string"
          },
          {
            "name": "orgId",
            "in": "query",
            "description": "orgId",
            "required": true,
            "type": "string"
          }
        ],
        "responses": {
          "200": {
            "description": "OK",
            "schema": {
              "$ref": "#/definitions/ApplicantStatusDto"
            }
          },
          "400": {
            "description": "Bad request",
            "schema": {
              "$ref": "#/definitions/HttpExceptionResponse"
            }
          },
          "401": {
            "description": "Unauthorized",
            "schema": {
              "$ref": "#/definitions/HttpExceptionResponse"
            }
          },
          "404": {
            "description": "Account not found",
            "schema": {
              "$ref": "#/definitions/HttpExceptionResponse"
            }
          },
          "500": {
            "description": "Internal server error",
            "schema": {
              "$ref": "#/definitions/HttpExceptionResponse"
            }
          }
        },
        "deprecated": false
      }
    },
    "/admin/organisations": {
      "get": {
        "tags": [
          "admin-organisation-controller"
        ],
        "summary": "Get a business list by business name or company number.",
        "operationId": "getOrganisationListsUsingGET",
        "produces": [
          "*/*"
        ],
        "parameters": [
          {
            "name": "orgType",
            "in": "query",
            "description": "The organisation type",
            "required": false,
            "type": "integer",
            "default": 1,
            "format": "int32",
            "allowEmptyValue": false
          },
          {
            "name": "pageNum",
            "in": "query",
            "description": "The page number to return (starting at page 1). If user input 0 or negative number the system will ignore and try to get first page.",
            "required": false,
            "type": "integer",
            "default": 1,
            "format": "int32",
            "allowEmptyValue": false
          },
          {
            "name": "pageSize",
            "in": "query",
            "description": "The number of records to return in a single request. If user input 0 or negative number the system will ignore and try to get 10 records.",
            "required": false,
            "type": "integer",
            "default": 10,
            "format": "int32",
            "allowEmptyValue": false
          },
          {
            "name": "searchText",
            "in": "query",
            "description": "Filter by business name, ",
            "required": false,
            "type": "string",
            "allowEmptyValue": false
          }
        ],
        "responses": {
          "200": {
            "description": "OK",
            "schema": {
              "$ref": "#/definitions/ClientResponseDto«List«MembershipDto»»"
            }
          },
          "400": {
            "description": "Bad request",
            "schema": {
              "$ref": "#/definitions/HttpExceptionResponse"
            }
          },
          "401": {
            "description": "Unauthorized",
            "schema": {
              "$ref": "#/definitions/HttpExceptionResponse"
            }
          },
          "500": {
            "description": "Internal server error",
            "schema": {
              "$ref": "#/definitions/HttpExceptionResponse"
            }
          }
        },
        "deprecated": false
      }
    },
    "/internal/accounts/{accountId}/status": {
      "get": {
        "tags": [
          "admin-account-controller"
        ],
        "summary": "Get onboarding status for internal",
        "operationId": "getInternalAccountStatusUsingGET",
        "produces": [
          "*/*"
        ],
        "parameters": [
          {
            "name": "accountId",
            "in": "path",
            "description": "accountId",
            "required": true,
            "type": "string"
          },
          {
            "name": "orgId",
            "in": "query",
            "description": "orgId",
            "required": true,
            "type": "string"
          }
        ],
        "responses": {
          "200": {
            "description": "OK",
            "schema": {
              "$ref": "#/definitions/ApplicantStatusDto"
            }
          },
          "400": {
            "description": "Bad request",
            "schema": {
              "$ref": "#/definitions/HttpExceptionResponse"
            }
          },
          "401": {
            "description": "Unauthorized",
            "schema": {
              "$ref": "#/definitions/HttpExceptionResponse"
            }
          },
          "404": {
            "description": "Account not found",
            "schema": {
              "$ref": "#/definitions/HttpExceptionResponse"
            }
          },
          "500": {
            "description": "Internal server error",
            "schema": {
              "$ref": "#/definitions/HttpExceptionResponse"
            }
          }
        },
        "deprecated": false
      }
    },
    "/organisations/{orgId}": {
      "get": {
        "tags": [
          "organisation-controller"
        ],
        "summary": "Get Organisation metadata",
        "operationId": "getOrganisationUsingGET",
        "produces": [
          "*/*"
        ],
        "parameters": [
          {
            "name": "accountId",
            "in": "query",
            "description": "accountId",
            "required": true,
            "type": "string"
          },
          {
            "name": "orgId",
            "in": "path",
            "description": "orgId",
            "required": true,
            "type": "string"
          }
        ],
        "responses": {
          "200": {
            "description": "OK",
            "schema": {
              "$ref": "#/definitions/OrganisationDto"
            }
          },
          "400": {
            "description": "Bad request",
            "schema": {
              "$ref": "#/definitions/HttpExceptionResponse"
            }
          },
          "401": {
            "description": "Unauthorized",
            "schema": {
              "$ref": "#/definitions/HttpExceptionResponse"
            }
          },
          "404": {
            "description": "Organisation not found",
            "schema": {
              "$ref": "#/definitions/HttpExceptionResponse"
            }
          },
          "500": {
            "description": "Internal server error",
            "schema": {
              "$ref": "#/definitions/HttpExceptionResponse"
            }
          }
        },
        "deprecated": false
      },
      "put": {
        "tags": [
          "organisation-controller"
        ],
        "summary": "Update Organisation metadata",
        "operationId": "updateOrganisationUsingPUT",
        "consumes": [
          "application/json"
        ],
        "produces": [
          "*/*"
        ],
        "parameters": [
          {
            "name": "accountId",
            "in": "query",
            "description": "accountId",
            "required": true,
            "type": "string"
          },
          {
            "name": "orgId",
            "in": "path",
            "description": "orgId",
            "required": true,
            "type": "string"
          },
          {
            "in": "body",
            "name": "organisationDto",
            "description": "organisationDto",
            "required": true,
            "schema": {
              "$ref": "#/definitions/OrganisationDto"
            }
          }
        ],
        "responses": {
          "200": {
            "description": "OK",
            "schema": {
              "$ref": "#/definitions/OrganisationDto"
            }
          },
          "400": {
            "description": "Bad request",
            "schema": {
              "$ref": "#/definitions/HttpExceptionResponse"
            }
          },
          "401": {
            "description": "Unauthorized",
            "schema": {
              "$ref": "#/definitions/HttpExceptionResponse"
            }
          },
          "404": {
            "description": "Organisation not found",
            "schema": {
              "$ref": "#/definitions/HttpExceptionResponse"
            }
          },
          "500": {
            "description": "Internal Server Error",
            "schema": {
              "$ref": "#/definitions/HttpExceptionResponse"
            }
          }
        },
        "deprecated": false
      }
    }
  },
  "definitions": {
    "AccountDto": {
      "type": "object",
      "properties": {
        "accountId": {
          "type": "string"
        },
        "address": {
          "$ref": "#/definitions/AddressDto"
        },
        "countryCode": {
          "type": "string",
          "example": 44
        },
        "dateOfBirth": {
          "type": "string",
          "example": "01-01-1970"
        },
        "email": {
          "type": "string",
          "example": "string@test.com"
        },
        "firstName": {
          "type": "string"
        },
        "lastName": {
          "type": "string"
        },
        "memberships": {
          "type": "array",
          "items": {
            "$ref": "#/definitions/MembershipDto"
          }
        },
        "middleName": {
          "type": "string"
        },
        "mobileNumber": {
          "type": "string",
          "example": 447514193197
        },
        "nationality": {
          "type": "string",
          "example": "GB"
        },
        "title": {
          "type": "string"
        }
      },
      "title": "AccountDto"
    },
    "AddressDto": {
      "type": "object",
      "properties": {
        "apartmentName": {
          "type": "string"
        },
        "buildingName": {
          "type": "string"
        },
        "buildingNumber": {
          "type": "string"
        },
        "city": {
          "type": "string"
        },
        "country": {
          "type": "string",
          "example": "GB"
        },
        "county": {
          "type": "string"
        },
        "id": {
          "type": "string",
          "format": "uuid"
        },
        "line1": {
          "type": "string"
        },
        "line2": {
          "type": "string"
        },
        "line3": {
          "type": "string"
        },
        "postcode": {
          "type": "string"
        }
      },
      "title": "AddressDto"
    },
    "ApplicantStatusDto": {
      "type": "object",
      "properties": {
        "bankAccountProfile": {
          "$ref": "#/definitions/BankAccountProfile"
        },
        "blackListFlag": {
          "type": "boolean"
        },
        "idvApplicantId": {
          "type": "string"
        },
        "idvApprovedDate": {
          "type": "string",
          "format": "date-time"
        },
        "idvApprovedType": {
          "type": "string"
        },
        "idvReason": {
          "type": "string"
        },
        "idvStatus": {
          "type": "string"
        },
        "kybReason": {
          "type": "string"
        },
        "kybStatus": {
          "type": "string"
        },
        "kycReason": {
          "type": "string"
        },
        "kycStatus": {
          "type": "string"
        }
      },
      "title": "ApplicantStatusDto"
    },
    "BankAccountProfile": {
      "type": "object",
      "properties": {
        "customer": {
          "$ref": "#/definitions/BankCustomer"
        },
        "customerBankAccountDetails": {
          "$ref": "#/definitions/CustomerBankAccountDetails"
        },
        "insufficientFund": {
          "type": "boolean"
        },
        "lineOfCredit": {
          "$ref": "#/definitions/LineOfCredit"
        },
        "riskBandRecord": {
          "$ref": "#/definitions/RiskBandRecord"
        }
      },
      "title": "BankAccountProfile"
    },
    "BankCustomer": {
      "type": "object",
      "properties": {
        "encodedKey": {
          "type": "string"
        },
        "firstName": {
          "type": "string"
        },
        "id": {
          "type": "string"
        },
        "lastName": {
          "type": "string"
        },
        "middleName": {
          "type": "string"
        },
        "name": {
          "type": "string"
        },
        "state": {
          "type": "string"
        },
        "type": {
          "type": "string"
        }
      },
      "title": "BankCustomer"
    },
    "ClientResponseDto«List«MembershipDto»»": {
      "type": "object",
      "properties": {
        "data": {
          "type": "array",
          "items": {
            "$ref": "#/definitions/MembershipDto"
          }
        },
        "metadata": {
          "$ref": "#/definitions/ResponseMetadataDto"
        }
      },
      "title": "ClientResponseDto«List«MembershipDto»»"
    },
    "CustomerBankAccountDetails": {
      "type": "object",
      "properties": {
        "accountHoldersName": {
          "type": "string"
        },
        "bankAccountNumber": {
          "type": "string"
        },
        "sortCode": {
          "type": "string"
        }
      },
      "title": "CustomerBankAccountDetails"
    },
    "HttpExceptionResponse": {
      "type": "object",
      "properties": {
        "errors": {
          "type": "array",
          "items": {
            "type": "string"
          }
        },
        "message": {
          "type": "string"
        }
      },
      "title": "HttpExceptionResponse"
    },
    "IDVStatusDto": {
      "type": "object",
      "properties": {
        "idvApplicantId": {
          "type": "string"
        },
        "idvApprovedDate": {
          "type": "string",
          "example": "01-01-1970"
        },
        "idvApprovedType": {
          "type": "string"
        },
        "idvReason": {
          "type": "string"
        },
        "idvStatus": {
          "type": "string"
        }
      },
      "title": "IDVStatusDto"
    },
    "LineOfCredit": {
      "type": "object",
      "properties": {
        "amount": {
          "type": "string"
        },
        "availableCreditAmount": {
          "type": "string"
        },
        "endDate": {
          "type": "string"
        },
        "id": {
          "type": "string"
        },
        "startDate": {
          "type": "string"
        },
        "state": {
          "type": "string"
        }
      },
      "title": "LineOfCredit"
    },
    "MembershipDto": {
      "type": "object",
      "properties": {
        "account": {
          "$ref": "#/definitions/AccountDto"
        },
        "organisation": {
          "$ref": "#/definitions/OrganisationDto"
        },
        "organisationId": {
          "type": "string"
        }
      },
      "title": "MembershipDto"
    },
    "MifAffordabilityInfo": {
      "type": "object",
      "properties": {
        "businessType": {
          "type": "string"
        },
        "cappedAmount": {
          "type": "string"
        },
        "maxLimitTurnover": {
          "type": "string"
        }
      },
      "title": "MifAffordabilityInfo"
    },
    "OrganisationDto": {
      "type": "object",
      "properties": {
        "address": {
          "$ref": "#/definitions/AddressDto"
        },
        "averageCreditCardBalance": {
          "type": "number"
        },
        "averageMonthlyOutgoings": {
          "type": "number"
        },
        "blacklistFlag": {
          "type": "boolean"
        },
        "companyNumber": {
          "type": "string"
        },
        "description": {
          "type": "string"
        },
        "kybReason": {
          "type": "string"
        },
        "kybStatus": {
          "type": "string"
        },
        "kycReason": {
          "type": "string"
        },
        "kycStatus": {
          "type": "string"
        },
        "listTradingCountries": {
          "type": "string",
          "example": "GB,FR"
        },
        "listTradingIndustries": {
          "type": "string",
          "example": "5001,6001"
        },
        "nextTurnover": {
          "type": "number"
        },
        "orgId": {
          "type": "string"
        },
        "orgType": {
          "$ref": "#/definitions/OrganisationType"
        },
        "registeredName": {
          "type": "string"
        },
        "totalOutstandingLoans": {
          "type": "number"
        },
        "totalOverdraftBalance": {
          "type": "number"
        },
        "tradeName": {
          "type": "string"
        },
        "tradingAddress": {
          "$ref": "#/definitions/AddressDto"
        },
        "tradingSince": {
          "type": "string",
          "example": "01-01-1970"
        },
        "turnover": {
          "type": "number"
        }
      },
      "title": "OrganisationDto"
    },
    "OrganisationType": {
      "type": "object",
      "properties": {
        "description": {
          "type": "string"
        },
        "id": {
          "type": "integer",
          "format": "int32"
        },
        "name": {
          "type": "string"
        }
      },
      "title": "OrganisationType"
    },
    "PagingInformation": {
      "type": "object",
      "properties": {
        "currentPageNumber": {
          "type": "integer",
          "format": "int32"
        },
        "pageSize": {
          "type": "integer",
          "format": "int32"
        },
        "totalHits": {
          "type": "integer",
          "format": "int64"
        },
        "totalPages": {
          "type": "integer",
          "format": "int32"
        }
      },
      "title": "PagingInformation"
    },
    "ResponseMetadataDto": {
      "type": "object",
      "properties": {
        "paging": {
          "$ref": "#/definitions/PagingInformation"
        }
      },
      "title": "ResponseMetadataDto"
    },
    "RiskBandRecord": {
      "type": "object",
      "properties": {
        "financeBusinessLoanApr": {
          "type": "number",
          "format": "float"
        },
        "key": {
          "type": "string"
        },
        "loanStatus": {
          "type": "string"
        },
        "mifAffordabilityInfo": {
          "type": "array",
          "items": {
            "$ref": "#/definitions/MifAffordabilityInfo"
          }
        },
        "mifDailyRate": {
          "type": "number",
          "format": "float"
        },
        "mlScore": {
          "type": "number",
          "format": "float"
        },
        "name": {
          "type": "string"
        },
        "stressScalar": {
          "type": "number",
          "format": "float"
        }
      },
      "title": "RiskBandRecord"
    }
  }
}
