{
  "swagger": "2.0",
  "info": {
    "description": "The Asto Auth Service API is used to manage the Auth of Asto registration.",
    "version": "1.0",
    "title": "Asto Auth API"
  },
  "host": "internal-api.prod.astoapp.co.uk",
  "basePath": "/auth-service/",
  "tags": [
    {
      "name": "auth-controller",
      "description": "Auth Controller"
    }
  ],
  "paths": {
    "/auth/content/terms": {
      "get": {
        "tags": [
          "auth-controller"
        ],
        "summary": "Get content for a given key and return json response",
        "operationId": "getTermsAndConditionsUsingGET",
        "produces": [
          "application/json"
        ],
        "parameters": [
          {
            "name": "format",
            "in": "query",
            "description": "format",
            "required": false,
            "type": "string",
            "default": "HTML",
            "enum": [
              "HTML"
            ]
          }
        ],
        "responses": {
          "200": {
            "description": "OK",
            "schema": {
              "$ref": "#/definitions/ContentDTO"
            }
          }
        },
        "deprecated": false
      }
    },
    "/auth/email": {
      "post": {
        "tags": [
          "auth-controller"
        ],
        "summary": "Start Email Verification process",
        "operationId": "emailStartUsingPOST",
        "consumes": [
          "application/json"
        ],
        "produces": [
          "*/*"
        ],
        "parameters": [
          {
            "in": "body",
            "name": "input",
            "description": "Email Verification start input body.",
            "required": false,
            "schema": {
              "$ref": "#/definitions/EmailVerificationRequestDTO"
            }
          }
        ],
        "responses": {
          "200": {
            "description": "OK",
            "schema": {
              "$ref": "#/definitions/EmailVerificationResponseDTO"
            }
          },
          "400": {
            "description": "Bad request",
            "schema": {
              "$ref": "#/definitions/HttpExceptionResponse"
            }
          },
          "500": {
            "description": "Internal server error",
            "schema": {
              "$ref": "#/definitions/HttpExceptionResponse"
            }
          }
        },
        "deprecated": false
      }
    },
    "/auth/email/verify": {
      "post": {
        "tags": [
          "auth-controller"
        ],
        "summary": "Verify Email with the given activation code",
        "operationId": "emailVerifyUsingPOST",
        "consumes": [
          "application/json"
        ],
        "produces": [
          "*/*"
        ],
        "parameters": [
          {
            "in": "body",
            "name": "input",
            "description": "Validation JWT",
            "required": false,
            "schema": {
              "$ref": "#/definitions/EmailVerifiedRequestDTO"
            }
          }
        ],
        "responses": {
          "200": {
            "description": "OK",
            "schema": {
              "$ref": "#/definitions/ResponseEntity"
            }
          },
          "400": {
            "description": "Bad request",
            "schema": {
              "$ref": "#/definitions/HttpExceptionResponse"
            }
          },
          "403": {
            "description": "Forbidden",
            "schema": {
              "$ref": "#/definitions/HttpExceptionResponse"
            }
          },
          "500": {
            "description": "Internal server error",
            "schema": {
              "$ref": "#/definitions/HttpExceptionResponse"
            }
          }
        },
        "deprecated": false
      }
    },
    "/auth/email/{emailVerificationId}": {
      "get": {
        "tags": [
          "auth-controller"
        ],
        "summary": "Checks if an email is verified or not",
        "operationId": "emailVerifiedUsingGET",
        "produces": [
          "*/*"
        ],
        "parameters": [
          {
            "name": "emailVerificationId",
            "in": "path",
            "description": "Email Verification Id",
            "required": false,
            "type": "string",
            "format": "uuid"
          }
        ],
        "responses": {
          "200": {
            "description": "OK",
            "schema": {
              "$ref": "#/definitions/EmailVerificationStatusDTO"
            }
          },
          "400": {
            "description": "Bad request",
            "schema": {
              "$ref": "#/definitions/HttpExceptionResponse"
            }
          },
          "401": {
            "description": "Unauthorized",
            "schema": {
              "$ref": "#/definitions/HttpExceptionResponse"
            }
          },
          "500": {
            "description": "Internal server error",
            "schema": {
              "$ref": "#/definitions/HttpExceptionResponse"
            }
          }
        },
        "deprecated": false
      }
    },
    "/auth/login": {
      "post": {
        "tags": [
          "auth-controller"
        ],
        "summary": "Login",
        "operationId": "loginUsingPOST",
        "consumes": [
          "application/json"
        ],
        "produces": [
          "*/*"
        ],
        "parameters": [
          {
            "in": "body",
            "name": "request",
            "description": "Login input body.",
            "required": false,
            "schema": {
              "$ref": "#/definitions/LoginRequestDTO"
            }
          }
        ],
        "responses": {
          "200": {
            "description": "OK",
            "schema": {
              "$ref": "#/definitions/LoginResponseDTO"
            }
          },
          "400": {
            "description": "Bad request",
            "schema": {
              "$ref": "#/definitions/HttpExceptionResponse"
            }
          },
          "401": {
            "description": "Unauthorized",
            "schema": {
              "$ref": "#/definitions/HttpExceptionResponse"
            }
          },
          "403": {
            "description": "Unauthorized",
            "schema": {
              "$ref": "#/definitions/HttpExceptionResponse"
            }
          },
          "500": {
            "description": "Internal server error",
            "schema": {
              "$ref": "#/definitions/HttpExceptionResponse"
            }
          }
        },
        "deprecated": false
      }
    },
    "/auth/mobile": {
      "post": {
        "tags": [
          "auth-controller"
        ],
        "summary": "Start Mobile Number Verification process",
        "operationId": "mobileStartUsingPOST",
        "consumes": [
          "application/json"
        ],
        "produces": [
          "*/*"
        ],
        "parameters": [
          {
            "in": "body",
            "name": "verificationRequest",
            "description": "Mobile Verification input body.",
            "required": false,
            "schema": {
              "$ref": "#/definitions/MobileVerifyRequestDTO"
            }
          }
        ],
        "responses": {
          "204": {
            "description": "No Content",
            "schema": {
              "$ref": "#/definitions/ResponseEntity"
            }
          },
          "400": {
            "description": "Bad request",
            "schema": {
              "$ref": "#/definitions/HttpExceptionResponse"
            }
          },
          "401": {
            "description": "Unauthorized",
            "schema": {
              "$ref": "#/definitions/HttpExceptionResponse"
            }
          },
          "500": {
            "description": "Internal server error",
            "schema": {
              "$ref": "#/definitions/HttpExceptionResponse"
            }
          }
        },
        "deprecated": false
      }
    },
    "/auth/mobile/verify": {
      "post": {
        "tags": [
          "auth-controller"
        ],
        "summary": "Verify Mobile Phone number with One Time Code.",
        "operationId": "mobileVerifyUsingPOST",
        "consumes": [
          "application/json"
        ],
        "produces": [
          "*/*"
        ],
        "parameters": [
          {
            "in": "body",
            "name": "verificationRequest",
            "description": "verificationRequest",
            "required": true,
            "schema": {
              "$ref": "#/definitions/MobileVerificationRequestDTO"
            }
          }
        ],
        "responses": {
          "200": {
            "description": "OK",
            "schema": {
              "$ref": "#/definitions/MobileVerifyResponseDTO"
            }
          },
          "400": {
            "description": "Bad request",
            "schema": {
              "$ref": "#/definitions/HttpExceptionResponse"
            }
          },
          "401": {
            "description": "Unauthorized",
            "schema": {
              "$ref": "#/definitions/HttpExceptionResponse"
            }
          },
          "403": {
            "description": "Forbidden",
            "schema": {
              "$ref": "#/definitions/HttpExceptionResponse"
            }
          },
          "500": {
            "description": "Internal server error",
            "schema": {
              "$ref": "#/definitions/HttpExceptionResponse"
            }
          }
        },
        "deprecated": false
      }
    },
    "/auth/registration": {
      "post": {
        "tags": [
          "auth-controller"
        ],
        "summary": "Registers a verified account",
        "operationId": "registerUsingPOST",
        "consumes": [
          "application/json"
        ],
        "produces": [
          "*/*"
        ],
        "parameters": [
          {
            "in": "body",
            "name": "request",
            "description": "Registration input body.",
            "required": false,
            "schema": {
              "$ref": "#/definitions/RegistrationRequestDTO"
            }
          }
        ],
        "responses": {
          "200": {
            "description": "OK",
            "schema": {
              "$ref": "#/definitions/LoginResponseDTO"
            }
          },
          "400": {
            "description": "Bad request",
            "schema": {
              "$ref": "#/definitions/HttpExceptionResponse"
            }
          },
          "403": {
            "description": "Unauthorized",
            "schema": {
              "$ref": "#/definitions/HttpExceptionResponse"
            }
          },
          "409": {
            "description": "The user already exist",
            "schema": {
              "$ref": "#/definitions/HttpExceptionResponse"
            }
          },
          "500": {
            "description": "Internal server error",
            "schema": {
              "$ref": "#/definitions/HttpExceptionResponse"
            }
          }
        },
        "deprecated": false
      }
    },
    "/auth/reset/complete": {
      "post": {
        "tags": [
          "auth-controller"
        ],
        "summary": "Reset Password",
        "operationId": "passwordChangeUsingPOST",
        "consumes": [
          "application/json"
        ],
        "produces": [
          "*/*"
        ],
        "parameters": [
          {
            "in": "body",
            "name": "request",
            "description": "Password change input",
            "required": false,
            "schema": {
              "$ref": "#/definitions/PasswordChangeDTO"
            }
          }
        ],
        "responses": {
          "200": {
            "description": "OK",
            "schema": {
              "$ref": "#/definitions/ResponseEntity"
            }
          },
          "400": {
            "description": "Bad request",
            "schema": {
              "$ref": "#/definitions/HttpExceptionResponse"
            }
          },
          "401": {
            "description": "Unauthorized",
            "schema": {
              "$ref": "#/definitions/HttpExceptionResponse"
            }
          },
          "500": {
            "description": "Internal server error",
            "schema": {
              "$ref": "#/definitions/HttpExceptionResponse"
            }
          }
        },
        "deprecated": false
      }
    },
    "/auth/reset/start": {
      "post": {
        "tags": [
          "auth-controller"
        ],
        "summary": "Start password reset process",
        "operationId": "requestPasswordChangeUsingPOST",
        "consumes": [
          "application/json"
        ],
        "produces": [
          "*/*"
        ],
        "parameters": [
          {
            "in": "body",
            "name": "request",
            "description": "Password change request input",
            "required": false,
            "schema": {
              "$ref": "#/definitions/PasswordChangeRequestDTO"
            }
          }
        ],
        "responses": {
          "200": {
            "description": "OK",
            "schema": {
              "$ref": "#/definitions/ResponseEntity"
            }
          },
          "400": {
            "description": "Bad request",
            "schema": {
              "$ref": "#/definitions/HttpExceptionResponse"
            }
          },
          "401": {
            "description": "Unauthorized",
            "schema": {
              "$ref": "#/definitions/HttpExceptionResponse"
            }
          },
          "500": {
            "description": "Internal server error",
            "schema": {
              "$ref": "#/definitions/HttpExceptionResponse"
            }
          }
        },
        "deprecated": false
      }
    }
  },
  "definitions": {
    "AgreedContentDTO": {
      "type": "object",
      "properties": {
        "id": {
          "$ref": "#/definitions/ContentId"
        },
        "version": {
          "type": "integer",
          "format": "int32"
        }
      },
      "title": "AgreedContentDTO"
    },
    "ContentDTO": {
      "type": "object",
      "properties": {
        "content": {
          "type": "string"
        },
        "format": {
          "type": "string"
        },
        "hash": {
          "type": "string"
        },
        "id": {
          "$ref": "#/definitions/ContentId"
        },
        "version": {
          "type": "integer",
          "format": "int32"
        }
      },
      "title": "ContentDTO"
    },
    "ContentId": {
      "type": "object",
      "properties": {
        "templateKey": {
          "type": "string"
        },
        "templateType": {
          "type": "string"
        },
        "type": {
          "type": "string"
        },
        "key": {
          "type": "string"
        }
      },
      "title": "ContentId"
    },
    "EmailVerificationRequestDTO": {
      "type": "object",
      "properties": {
        "emailAddress": {
          "type": "string"
        }
      },
      "title": "EmailVerificationRequestDTO"
    },
    "EmailVerificationResponseDTO": {
      "type": "object",
      "properties": {
        "emailVerificationId": {
          "type": "string"
        }
      },
      "title": "EmailVerificationResponseDTO"
    },
    "EmailVerificationStatusDTO": {
      "type": "object",
      "properties": {
        "emailVerificationToken": {
          "type": "string"
        },
        "verified": {
          "type": "boolean"
        }
      },
      "title": "EmailVerificationStatusDTO"
    },
    "EmailVerifiedRequestDTO": {
      "type": "object",
      "properties": {
        "emailToken": {
          "type": "string"
        }
      },
      "title": "EmailVerifiedRequestDTO"
    },
    "HttpExceptionResponse": {
      "type": "object",
      "properties": {
        "errors": {
          "type": "array",
          "items": {
            "type": "string"
          }
        },
        "message": {
          "type": "string"
        }
      },
      "title": "HttpExceptionResponse"
    },
    "LoginRequestDTO": {
      "type": "object",
      "properties": {
        "email": {
          "type": "string"
        },
        "password": {
          "type": "string"
        }
      },
      "title": "LoginRequestDTO"
    },
    "LoginResponseDTO": {
      "type": "object",
      "properties": {
        "accessToken": {
          "type": "string"
        },
        "accessTokenExpiry": {
          "type": "integer",
          "format": "int32"
        },
        "accountId": {
          "type": "string"
        },
        "refreshToken": {
          "type": "string"
        },
        "refreshTokenExpiry": {
          "type": "integer",
          "format": "int32"
        },
        "scope": {
          "type": "string"
        }
      },
      "title": "LoginResponseDTO"
    },
    "MobileVerificationRequestDTO": {
      "type": "object",
      "properties": {
        "countryCode": {
          "type": "string",
          "example": 44
        },
        "mobileNumber": {
          "type": "string",
          "example": 7514193197
        },
        "verificationCode": {
          "type": "string"
        }
      },
      "title": "MobileVerificationRequestDTO"
    },
    "MobileVerifyRequestDTO": {
      "type": "object",
      "properties": {
        "countryCode": {
          "type": "string",
          "example": 44
        },
        "mobileNumber": {
          "type": "string",
          "example": 7514193197
        }
      },
      "title": "MobileVerifyRequestDTO"
    },
    "MobileVerifyResponseDTO": {
      "type": "object",
      "properties": {
        "phoneVerificationToken": {
          "type": "string"
        }
      },
      "title": "MobileVerifyResponseDTO"
    },
    "PasswordChangeDTO": {
      "type": "object",
      "properties": {
        "passwordResetToken": {
          "type": "string"
        },
        "password": {
          "type": "string"
        }
      },
      "title": "PasswordChangeDTO"
    },
    "PasswordChangeRequestDTO": {
      "type": "object",
      "properties": {
        "emailAddress": {
          "type": "string"
        }
      },
      "title": "PasswordChangeRequestDTO"
    },
    "RegistrationRequestDTO": {
      "type": "object",
      "properties": {
        "firstName": {
          "type": "string"
        },
        "lastName": {
          "type": "string"
        },
        "password": {
          "type": "string"
        },
        "emailVerificationToken": {
          "type": "string"
        },
        "phoneVerificationToken": {
          "type": "string"
        },
        "acceptedContent": {
          "type": "array",
          "items": {
            "$ref": "#/definitions/AgreedContentDTO"
          }
        }
      },
      "title": "RegistrationRequestDTO"
    },
    "ResponseEntity": {
      "type": "object",
      "properties": {
        "body": {
          "type": "object"
        },
        "statusCode": {
          "type": "string",
          "enum": [
            "100",
            "101",
            "102",
            "103",
            "200",
            "201",
            "202",
            "203",
            "204",
            "205",
            "206",
            "207",
            "208",
            "226",
            "300",
            "301",
            "302",
            "303",
            "304",
            "305",
            "307",
            "308",
            "400",
            "401",
            "402",
            "403",
            "404",
            "405",
            "406",
            "407",
            "408",
            "409",
            "410",
            "411",
            "412",
            "413",
            "414",
            "415",
            "416",
            "417",
            "418",
            "419",
            "420",
            "421",
            "422",
            "423",
            "424",
            "426",
            "428",
            "429",
            "431",
            "451",
            "500",
            "501",
            "502",
            "503",
            "504",
            "505",
            "506",
            "507",
            "508",
            "509",
            "510",
            "511"
          ]
        },
        "statusCodeValue": {
          "type": "integer",
          "format": "int32"
        }
      },
      "title": "ResponseEntity"
    }
  }
}
