{
  "swagger": "2.0",
  "info": {
    "description": "The Bank Authorization API is used to manage authorization to users Banks",
    "version": "1.0",
    "title": "Bank Authorization API"
  },
  "host": "internal-api.prod.astoapp.co.uk",
  "basePath": "/bank-auth-service/",
  "tags": [
    {
      "name": "bank-auth-controller",
      "description": "Bank Auth Controller"
    }
  ],
  "paths": {
    "/bank/auth": {
      "get": {
        "tags": [
          "bank-auth-controller"
        ],
        "summary": "Gets a list of available provider's",
        "operationId": "getProvidersUsingGET",
        "produces": [
          "*/*"
        ],
        "parameters": [
          {
            "name": "customerFacing",
            "in": "query",
            "description": "customerFacing",
            "required": false,
            "type": "boolean"
          }
        ],
        "responses": {
          "200": {
            "description": "OK",
            "schema": {
              "$ref": "#/definitions/DataResponse«Collection«OpenBankingProviderInfo»,Void,Void»"
            }
          },
          "401": {
            "description": "Unauthorized",
            "schema": {
              "$ref": "#/definitions/HttpExceptionResponse"
            }
          },
          "500": {
            "description": "Internal server error",
            "schema": {
              "$ref": "#/definitions/HttpExceptionResponse"
            }
          }
        },
        "deprecated": false
      }
    },
    "/bank/auth/links": {
      "get": {
        "tags": [
          "bank-auth-controller"
        ],
        "summary": "Gets a list of the accounts Open Banking link's",
        "operationId": "getLinksUsingGET",
        "produces": [
          "*/*"
        ],
        "responses": {
          "200": {
            "description": "OK",
            "schema": {
              "$ref": "#/definitions/DataResponse«List«OBLink»,Void,Void»"
            }
          },
          "401": {
            "description": "Unauthorized",
            "schema": {
              "$ref": "#/definitions/HttpExceptionResponse"
            }
          },
          "500": {
            "description": "Internal server error",
            "schema": {
              "$ref": "#/definitions/HttpExceptionResponse"
            }
          }
        },
        "deprecated": false
      }
    },
    "/bank/auth/links/{linkId}": {
      "delete": {
        "tags": [
          "bank-auth-controller"
        ],
        "summary": "Revokes an Open Banking link",
        "operationId": "revokeLinkUsingDELETE",
        "produces": [
          "*/*"
        ],
        "parameters": [
          {
            "name": "linkId",
            "in": "path",
            "description": "linkId",
            "required": true,
            "type": "string"
          }
        ],
        "responses": {
          "204": {
            "description": "No Content",
            "schema": {
              "type": "array",
              "items": {
                "$ref": "#/definitions/OBLink"
              }
            }
          },
          "401": {
            "description": "Unauthorized",
            "schema": {
              "$ref": "#/definitions/HttpExceptionResponse"
            }
          },
          "404": {
            "description": "Not Found",
            "schema": {
              "$ref": "#/definitions/HttpExceptionResponse"
            }
          },
          "500": {
            "description": "Internal server error",
            "schema": {
              "$ref": "#/definitions/HttpExceptionResponse"
            }
          }
        },
        "deprecated": false
      }
    },
    "/bank/auth/{internalId}": {
      "post": {
        "tags": [
          "bank-auth-controller"
        ],
        "summary": "Starts an authorization journey with the given provider",
        "operationId": "authorizeUsingPOST",
        "consumes": [
          "application/json"
        ],
        "produces": [
          "*/*"
        ],
        "parameters": [
          {
            "name": "internalId",
            "in": "path",
            "description": "internalId",
            "required": true,
            "type": "string"
          }
        ],
        "responses": {
          "200": {
            "description": "OK",
            "schema": {
              "$ref": "#/definitions/AccountAuthorizeResponse"
            }
          },
          "400": {
            "description": "Bad Request",
            "schema": {
              "$ref": "#/definitions/HttpExceptionResponse"
            }
          },
          "401": {
            "description": "Unauthorized",
            "schema": {
              "$ref": "#/definitions/HttpExceptionResponse"
            }
          },
          "500": {
            "description": "Internal server error",
            "schema": {
              "$ref": "#/definitions/HttpExceptionResponse"
            }
          }
        },
        "deprecated": false
      }
    },
    "/bank/auth/{internalId}/link": {
      "post": {
        "tags": [
          "bank-auth-controller"
        ],
        "summary": "Confirms an authorization journey with the given provider",
        "operationId": "confirmUsingPOST",
        "consumes": [
          "application/json"
        ],
        "produces": [
          "*/*"
        ],
        "parameters": [
          {
            "in": "body",
            "name": "confirmRequest",
            "description": "confirmRequest",
            "required": true,
            "schema": {
              "$ref": "#/definitions/ConfirmRequest"
            }
          },
          {
            "name": "internalId",
            "in": "path",
            "description": "internalId",
            "required": true,
            "type": "string"
          }
        ],
        "responses": {
          "204": {
            "description": "No Content",
            "schema": {
              "$ref": "#/definitions/ResponseEntity"
            }
          },
          "400": {
            "description": "Bad Request",
            "schema": {
              "$ref": "#/definitions/HttpExceptionResponse"
            }
          },
          "401": {
            "description": "Unauthorized",
            "schema": {
              "$ref": "#/definitions/HttpExceptionResponse"
            }
          },
          "500": {
            "description": "Internal server error",
            "schema": {
              "$ref": "#/definitions/HttpExceptionResponse"
            }
          }
        },
        "deprecated": false
      }
    }
  },
  "definitions": {
    "AccountAuthorizeResponse": {
      "type": "object",
      "properties": {
        "loginUrl": {
          "type": "string"
        },
        "redirectUrl": {
          "type": "string"
        }
      },
      "title": "AccountAuthorizeResponse"
    },
    "ConfirmRequest": {
      "type": "object",
      "properties": {
        "code": {
          "type": "string"
        },
        "idToken": {
          "type": "string"
        }
      },
      "title": "ConfirmRequest"
    },
    "ConsentInformation": {
      "type": "object",
      "properties": {
        "consentDate": {
          "type": "string",
          "format": "date-time"
        },
        "consentId": {
          "type": "string",
          "format": "uuid"
        }
      },
      "title": "ConsentInformation"
    },
    "DataResponse«Collection«OpenBankingProviderInfo»,Void,Void»": {
      "type": "object",
      "properties": {
        "data": {
          "type": "array",
          "items": {
            "$ref": "#/definitions/OpenBankingProviderInfo"
          }
        }
      },
      "title": "DataResponse«Collection«OpenBankingProviderInfo»,Void,Void»"
    },
    "DataResponse«List«OBLink»,Void,Void»": {
      "type": "object",
      "properties": {
        "data": {
          "type": "array",
          "items": {
            "$ref": "#/definitions/OBLink"
          }
        }
      },
      "title": "DataResponse«List«OBLink»,Void,Void»"
    },
    "HttpExceptionResponse": {
      "type": "object",
      "properties": {
        "errors": {
          "type": "array",
          "items": {
            "type": "string"
          }
        },
        "message": {
          "type": "string"
        }
      },
      "title": "HttpExceptionResponse"
    },
    "OBLink": {
      "type": "object",
      "properties": {
        "accountId": {
          "type": "string"
        },
        "aspspInfo": {
          "$ref": "#/definitions/OpenBankingProviderInfo"
        },
        "consentInformation": {
          "$ref": "#/definitions/ConsentInformation"
        },
        "createdAt": {
          "type": "string",
          "format": "date-time"
        },
        "expiresAt": {
          "type": "string",
          "format": "date-time"
        },
        "id": {
          "type": "string"
        },
        "intentId": {
          "type": "string"
        },
        "nonce": {
          "type": "string"
        },
        "organisationId": {
          "type": "string"
        },
        "status": {
          "type": "string",
          "enum": [
            "LINKED",
            "UNLINKED",
            "EXPIRED",
            "UNCONFIRMED"
          ]
        },
        "unlinkedAt": {
          "type": "string",
          "format": "date-time"
        }
      },
      "title": "OBLink"
    },
    "OpenBankingProviderInfo": {
      "type": "object",
      "properties": {
        "customerFacing": {
          "type": "boolean"
        },
        "id": {
          "type": "string"
        },
        "imageUrl": {
          "type": "string"
        },
        "name": {
          "type": "string"
        }
      },
      "title": "OpenBankingProviderInfo"
    },
    "ResponseEntity": {
      "type": "object",
      "properties": {
        "body": {
          "type": "object"
        },
        "statusCode": {
          "type": "string",
          "enum": [
            "100",
            "101",
            "102",
            "103",
            "200",
            "201",
            "202",
            "203",
            "204",
            "205",
            "206",
            "207",
            "208",
            "226",
            "300",
            "301",
            "302",
            "303",
            "304",
            "305",
            "307",
            "308",
            "400",
            "401",
            "402",
            "403",
            "404",
            "405",
            "406",
            "407",
            "408",
            "409",
            "410",
            "411",
            "412",
            "413",
            "414",
            "415",
            "416",
            "417",
            "418",
            "419",
            "420",
            "421",
            "422",
            "423",
            "424",
            "426",
            "428",
            "429",
            "431",
            "451",
            "500",
            "501",
            "502",
            "503",
            "504",
            "505",
            "506",
            "507",
            "508",
            "509",
            "510",
            "511"
          ]
        },
        "statusCodeValue": {
          "type": "integer",
          "format": "int32"
        }
      },
      "title": "ResponseEntity"
    }
  }
}
