{
  "swagger": "2.0",
  "info": {
    "description": "The Bank Accounts API is responsible for providing information about accounts and balances via Open Banking providers",
    "version": "1.0",
    "title": "Bank Accounts API"
  },
  "host": "internal-api.prod.astoapp.co.uk",
  "basePath": "/bank-accounts-service/",
  "tags": [
    {
      "name": "bank-accounts-controller",
      "description": "Bank Accounts Controller"
    }
  ],
  "paths": {
    "/bank/accounts": {
      "get": {
        "tags": [
          "bank-accounts-controller"
        ],
        "summary": "Get account information for all linked bank accounts",
        "operationId": "accountsUsingGET",
        "produces": [
          "*/*"
        ],
        "responses": {
          "200": {
            "description": "OK",
            "schema": {
              "$ref": "#/definitions/DataResponse«List«AccountWithBalance»,AccountsSummary»"
            }
          },
          "401": {
            "description": "Unauthorized",
            "schema": {
              "$ref": "#/definitions/HttpExceptionResponse"
            }
          },
          "500": {
            "description": "Internal server error",
            "schema": {
              "$ref": "#/definitions/HttpExceptionResponse"
            }
          }
        },
        "deprecated": false
      }
    },
    "/bank/accounts/direct-debits": {
      "get": {
        "tags": [
          "bank-accounts-controller"
        ],
        "summary": "Get direct debits for all linked bank accounts",
        "operationId": "directDebitsUsingGET",
        "produces": [
          "*/*"
        ],
        "responses": {
          "200": {
            "description": "OK",
            "schema": {
              "$ref": "#/definitions/DataResponse«List«DirectDebit»,DirectDebitSummary»"
            }
          },
          "401": {
            "description": "Unauthorized",
            "schema": {
              "$ref": "#/definitions/HttpExceptionResponse"
            }
          },
          "500": {
            "description": "Internal server error",
            "schema": {
              "$ref": "#/definitions/HttpExceptionResponse"
            }
          }
        },
        "deprecated": false
      }
    },
    "/bank/accounts/standing-orders": {
      "get": {
        "tags": [
          "bank-accounts-controller"
        ],
        "summary": "Get standing orders for all linked bank accounts",
        "operationId": "standingOrdersUsingGET",
        "produces": [
          "*/*"
        ],
        "parameters": [
          {
            "name": "periodEndDate",
            "in": "query",
            "description": "periodEndDate",
            "required": false,
            "type": "string"
          },
          {
            "name": "periodStartDate",
            "in": "query",
            "description": "periodStartDate",
            "required": false,
            "type": "string"
          }
        ],
        "responses": {
          "200": {
            "description": "OK",
            "schema": {
              "$ref": "#/definitions/DataResponse«List«StandingOrder»,StandingOrderSummary»"
            }
          },
          "401": {
            "description": "Unauthorized",
            "schema": {
              "$ref": "#/definitions/HttpExceptionResponse"
            }
          },
          "500": {
            "description": "Internal server error",
            "schema": {
              "$ref": "#/definitions/HttpExceptionResponse"
            }
          }
        },
        "deprecated": false
      }
    },
    "/bank/accounts/{linkId}/{accountId}/transactions": {
      "get": {
        "tags": [
          "bank-accounts-controller"
        ],
        "summary": "Get transactions for a specific account for an open bank link",
        "operationId": "transactionsByAccountUsingGET",
        "produces": [
          "*/*"
        ],
        "parameters": [
          {
            "name": "accountId",
            "in": "path",
            "description": "accountId",
            "required": true,
            "type": "string"
          },
          {
            "name": "endDate",
            "in": "query",
            "description": "Valid format: yyyy-MM-ddThh:mm",
            "required": false,
            "type": "string",
            "format": "date-time",
            "allowEmptyValue": false
          },
          {
            "name": "linkId",
            "in": "path",
            "description": "linkId",
            "required": true,
            "type": "string"
          },
          {
            "name": "startDate",
            "in": "query",
            "description": "Valid format: yyyy-MM-ddThh:mm",
            "required": false,
            "type": "string",
            "format": "date-time",
            "allowEmptyValue": false
          }
        ],
        "responses": {
          "200": {
            "description": "OK",
            "schema": {
              "$ref": "#/definitions/DataResponse«List«AccountTransaction»,TransactionSummary»"
            }
          },
          "400": {
            "description": "Bad request",
            "schema": {
              "$ref": "#/definitions/HttpExceptionResponse"
            }
          },
          "401": {
            "description": "Unauthorized",
            "schema": {
              "$ref": "#/definitions/HttpExceptionResponse"
            }
          },
          "500": {
            "description": "Internal server error",
            "schema": {
              "$ref": "#/definitions/HttpExceptionResponse"
            }
          }
        },
        "deprecated": false
      }
    }
  },
  "definitions": {
    "AccountFilter«List«AccountTransaction»»": {
      "type": "object",
      "title": "AccountFilter«List«AccountTransaction»»"
    },
    "AccountFilter«List«AccountWithBalance»»": {
      "type": "object",
      "title": "AccountFilter«List«AccountWithBalance»»"
    },
    "AccountFilter«List«DirectDebit»»": {
      "type": "object",
      "title": "AccountFilter«List«DirectDebit»»"
    },
    "AccountFilter«List«StandingOrder»»": {
      "type": "object",
      "title": "AccountFilter«List«StandingOrder»»"
    },
    "AccountInfo": {
      "type": "object",
      "properties": {
        "accountNumber": {
          "type": "string"
        },
        "accountSortCodeAndNumber": {
          "type": "string"
        },
        "name": {
          "type": "string"
        },
        "scheme": {
          "type": "string",
          "enum": [
            "SortCodeAccountNumber",
            "IBAN"
          ]
        },
        "sortCode": {
          "type": "string"
        }
      },
      "title": "AccountInfo"
    },
    "AccountTransaction": {
      "type": "object",
      "properties": {
        "accountId": {
          "type": "string"
        },
        "address": {
          "type": "string"
        },
        "amount": {
          "$ref": "#/definitions/Amount"
        },
        "linkId": {
          "type": "string"
        },
        "merchantName": {
          "type": "string"
        },
        "status": {
          "type": "string",
          "enum": [
            "Booked",
            "Pending"
          ]
        },
        "transactionDateTime": {
          "type": "string",
          "format": "date-time"
        },
        "transactionId": {
          "type": "string"
        },
        "transactionInformation": {
          "type": "string"
        },
        "transactionReference": {
          "type": "string"
        }
      },
      "title": "AccountTransaction"
    },
    "AccountWithBalance": {
      "type": "object",
      "properties": {
        "accountId": {
          "type": "string"
        },
        "accountName": {
          "type": "string"
        },
        "accountNumber": {
          "type": "string"
        },
        "accountType": {
          "type": "string"
        },
        "balance": {
          "$ref": "#/definitions/Amount"
        },
        "id": {
          "type": "string"
        },
        "lastUpdatedTimeStamp": {
          "type": "string",
          "format": "date-time"
        },
        "linkId": {
          "type": "string"
        },
        "overdraftDetails": {
          "type": "array",
          "items": {
            "$ref": "#/definitions/OverdraftDetail"
          }
        },
        "providerImageUrl": {
          "type": "string"
        },
        "providerName": {
          "type": "string"
        },
        "sortCode": {
          "type": "string"
        }
      },
      "title": "AccountWithBalance"
    },
    "AccountsSummary": {
      "type": "object",
      "properties": {
        "balanceTotals": {
          "type": "array",
          "items": {
            "$ref": "#/definitions/CurrencyAmountTotal"
          }
        },
        "creditTotals": {
          "type": "object",
          "additionalProperties": {
            "type": "array",
            "items": {
              "$ref": "#/definitions/CurrencyAmountTotal"
            }
          }
        },
        "oldestUpdatedTimestamp": {
          "type": "string",
          "format": "date-time"
        },
        "totalNumberOfLinkedAccounts": {
          "type": "integer",
          "format": "int32"
        },
        "totalNumberOfLinkedProviders": {
          "type": "integer",
          "format": "int64"
        }
      },
      "title": "AccountsSummary"
    },
    "Amount": {
      "type": "object",
      "properties": {
        "amount": {
          "type": "number"
        },
        "currency": {
          "type": "string"
        }
      },
      "title": "Amount"
    },
    "CurrencyAmountTotal": {
      "type": "object",
      "properties": {
        "currency": {
          "type": "string"
        },
        "numberOfAccounts": {
          "type": "integer",
          "format": "int32"
        },
        "total": {
          "type": "number"
        }
      },
      "title": "CurrencyAmountTotal"
    },
    "DataResponse«List«AccountTransaction»,TransactionSummary»": {
      "type": "object",
      "properties": {
        "data": {
          "type": "array",
          "items": {
            "$ref": "#/definitions/AccountTransaction"
          }
        },
        "filter": {
          "$ref": "#/definitions/AccountFilter«List«AccountTransaction»»"
        },
        "metadata": {
          "$ref": "#/definitions/TransactionSummary"
        }
      },
      "title": "DataResponse«List«AccountTransaction»,TransactionSummary»"
    },
    "DataResponse«List«AccountWithBalance»,AccountsSummary»": {
      "type": "object",
      "properties": {
        "data": {
          "type": "array",
          "items": {
            "$ref": "#/definitions/AccountWithBalance"
          }
        },
        "filter": {
          "$ref": "#/definitions/AccountFilter«List«AccountWithBalance»»"
        },
        "metadata": {
          "$ref": "#/definitions/AccountsSummary"
        }
      },
      "title": "DataResponse«List«AccountWithBalance»,AccountsSummary»"
    },
    "DataResponse«List«DirectDebit»,DirectDebitSummary»": {
      "type": "object",
      "properties": {
        "data": {
          "type": "array",
          "items": {
            "$ref": "#/definitions/DirectDebit"
          }
        },
        "filter": {
          "$ref": "#/definitions/AccountFilter«List«DirectDebit»»"
        },
        "metadata": {
          "$ref": "#/definitions/DirectDebitSummary"
        }
      },
      "title": "DataResponse«List«DirectDebit»,DirectDebitSummary»"
    },
    "DataResponse«List«StandingOrder»,StandingOrderSummary»": {
      "type": "object",
      "properties": {
        "data": {
          "type": "array",
          "items": {
            "$ref": "#/definitions/StandingOrder"
          }
        },
        "filter": {
          "$ref": "#/definitions/AccountFilter«List«StandingOrder»»"
        },
        "metadata": {
          "$ref": "#/definitions/StandingOrderSummary"
        }
      },
      "title": "DataResponse«List«StandingOrder»,StandingOrderSummary»"
    },
    "DirectDebit": {
      "type": "object",
      "properties": {
        "accountId": {
          "type": "string"
        },
        "directDebitId": {
          "type": "string"
        },
        "mandateId": {
          "type": "string"
        },
        "name": {
          "type": "string"
        },
        "previousPaymentAmount": {
          "$ref": "#/definitions/Amount"
        },
        "previousPaymentDateTime": {
          "type": "string",
          "format": "date-time"
        },
        "status": {
          "type": "string",
          "enum": [
            "Active",
            "Inactive"
          ]
        }
      },
      "title": "DirectDebit"
    },
    "DirectDebitSummary": {
      "type": "object",
      "properties": {
        "accountsWithDirectDebits": {
          "type": "integer",
          "format": "int64"
        },
        "activeDirectDebits": {
          "type": "integer",
          "format": "int64"
        },
        "inactiveDirectDebits": {
          "type": "integer",
          "format": "int64"
        },
        "totalDirectDebits": {
          "type": "integer",
          "format": "int64"
        }
      },
      "title": "DirectDebitSummary"
    },
    "HttpExceptionResponse": {
      "type": "object",
      "properties": {
        "errors": {
          "type": "array",
          "items": {
            "type": "string"
          }
        },
        "message": {
          "type": "string"
        }
      },
      "title": "HttpExceptionResponse"
    },
    "OverdraftDetail": {
      "type": "object",
      "properties": {
        "amount": {
          "$ref": "#/definitions/Amount"
        },
        "type": {
          "type": "string"
        }
      },
      "title": "OverdraftDetail"
    },
    "StandingOrder": {
      "type": "object",
      "properties": {
        "accountId": {
          "type": "string"
        },
        "creditorAccount": {
          "$ref": "#/definitions/AccountInfo"
        },
        "finalPaymentAmount": {
          "$ref": "#/definitions/Amount"
        },
        "finalPaymentDateTime": {
          "type": "string",
          "format": "date-time"
        },
        "firstPaymentAmount": {
          "$ref": "#/definitions/Amount"
        },
        "firstPaymentDateTime": {
          "type": "string",
          "format": "date-time"
        },
        "frequency": {
          "type": "string"
        },
        "nextPaymentAmount": {
          "$ref": "#/definitions/Amount"
        },
        "nextPaymentDateTime": {
          "type": "string",
          "format": "date-time"
        },
        "reference": {
          "type": "string"
        },
        "standingOrderId": {
          "type": "string"
        }
      },
      "title": "StandingOrder"
    },
    "StandingOrderSummary": {
      "type": "object",
      "properties": {
        "accountsWithStandingOrders": {
          "type": "integer",
          "format": "int64"
        },
        "standingOrderTotals": {
          "type": "array",
          "items": {
            "$ref": "#/definitions/CurrencyAmountTotal"
          }
        },
        "totalStandingOrders": {
          "type": "integer",
          "format": "int64"
        }
      },
      "title": "StandingOrderSummary"
    },
    "TransactionSummary": {
      "type": "object",
      "properties": {
        "totalNumberOfTransactions": {
          "type": "integer",
          "format": "int32"
        }
      },
      "title": "TransactionSummary"
    }
  }
}
