{
  "swagger": "2.0",
  "info": {
    "description": "The Company Search Service is used to call DueDill for company search.",
    "version": "1.0",
    "title": "Company Search Service"
  },
  "host": "internal-api.prod.astoapp.co.uk",
  "basePath": "/company-search-service/",
  "tags": [
    {
      "name": "company-controller",
      "description": "Company Controller"
    }
  ],
  "paths": {
    "/admin/companies/auditlogs": {
      "get": {
        "tags": [
          "company-controller"
        ],
        "summary": "Retrieve audit log of company registry search history",
        "operationId": "getAuditLogHistoryUsingGET",
        "produces": [
          "*/*"
        ],
        "parameters": [
          {
            "name": "accountId",
            "in": "query",
            "description": "accountId",
            "required": false,
            "type": "string"
          },
          {
            "name": "companyName",
            "in": "query",
            "description": "companyName",
            "required": false,
            "type": "string"
          },
          {
            "name": "endDate",
            "in": "query",
            "description": "endDate",
            "required": false,
            "type": "string"
          },
          {
            "name": "pageNum",
            "in": "query",
            "description": "pageNum",
            "required": false,
            "type": "integer",
            "format": "int32"
          },
          {
            "name": "pageSize",
            "in": "query",
            "description": "pageSize",
            "required": false,
            "type": "integer",
            "format": "int32"
          },
          {
            "name": "startDate",
            "in": "query",
            "description": "startDate",
            "required": false,
            "type": "string"
          }
        ],
        "responses": {
          "200": {
            "description": "OK",
            "schema": {
              "$ref": "#/definitions/ClientResponseDTO«List«AuditLogCompanySearchEntity»»"
            }
          },
          "400": {
            "description": "Bad request",
            "schema": {
              "$ref": "#/definitions/HttpExceptionResponse"
            }
          },
          "401": {
            "description": "Unauthorized",
            "schema": {
              "$ref": "#/definitions/HttpExceptionResponse"
            }
          },
          "500": {
            "description": "Internal server error",
            "schema": {
              "$ref": "#/definitions/HttpExceptionResponse"
            }
          }
        },
        "deprecated": false
      }
    },
    "/companies": {
      "get": {
        "tags": [
          "company-controller"
        ],
        "summary": "Search company registry by company name",
        "operationId": "searchCompaniesDeprecatedUsingGET",
        "produces": [
          "*/*"
        ],
        "parameters": [
          {
            "name": "Keyword",
            "in": "query",
            "description": "Keyword",
            "required": false,
            "type": "string"
          },
          {
            "name": "PageNum",
            "in": "query",
            "description": "PageNum",
            "required": false,
            "type": "integer",
            "format": "int32"
          },
          {
            "name": "PageSize",
            "in": "query",
            "description": "PageSize",
            "required": false,
            "type": "integer",
            "format": "int32"
          }
        ],
        "responses": {
          "200": {
            "description": "OK",
            "schema": {
              "$ref": "#/definitions/ClientResponseDTO«List«Company»»"
            }
          },
          "404": {
            "description": "Data Not Found",
            "schema": {
              "$ref": "#/definitions/HttpExceptionResponse"
            }
          },
          "500": {
            "description": "Internal server error",
            "schema": {
              "$ref": "#/definitions/HttpExceptionResponse"
            }
          }
        },
        "deprecated": true
      }
    },
    "/v2/companies": {
      "get": {
        "tags": [
          "company-controller"
        ],
        "summary": "Search company registry by company name",
        "operationId": "searchCompaniesUsingGET",
        "produces": [
          "*/*"
        ],
        "parameters": [
          {
            "name": "q",
            "in": "query",
            "description": "q",
            "required": false,
            "type": "string"
          }
        ],
        "responses": {
          "200": {
            "description": "OK",
            "schema": {
              "$ref": "#/definitions/ClientResponseDTO«List«Company»»"
            }
          },
          "404": {
            "description": "Data Not Found",
            "schema": {
              "$ref": "#/definitions/HttpExceptionResponse"
            }
          },
          "500": {
            "description": "Internal server error",
            "schema": {
              "$ref": "#/definitions/HttpExceptionResponse"
            }
          }
        },
        "deprecated": false
      }
    }
  },
  "definitions": {
    "Appointment": {
      "type": "object",
      "properties": {
        "endDate": {
          "type": "string",
          "format": "date"
        },
        "officialRole": {
          "type": "string"
        },
        "selfDescribedPosition": {
          "type": "string"
        },
        "serviceAddress": {
          "$ref": "#/definitions/ServiceAddress"
        },
        "startDate": {
          "type": "string",
          "format": "date"
        },
        "status": {
          "type": "string"
        }
      },
      "title": "Appointment"
    },
    "AuditLogCompanySearchEntity": {
      "type": "object",
      "properties": {
        "keyword": {
          "type": "string"
        },
        "logRequestId": {
          "type": "string"
        },
        "requestAt": {
          "type": "string",
          "format": "date-time"
        },
        "requestBy": {
          "type": "string"
        },
        "responseAt": {
          "type": "string",
          "format": "date-time"
        },
        "responseData": {
          "type": "string"
        },
        "responseStatus": {
          "type": "string",
          "enum": [
            "100",
            "101",
            "102",
            "103",
            "200",
            "201",
            "202",
            "203",
            "204",
            "205",
            "206",
            "207",
            "208",
            "226",
            "300",
            "301",
            "302",
            "303",
            "304",
            "305",
            "307",
            "308",
            "400",
            "401",
            "402",
            "403",
            "404",
            "405",
            "406",
            "407",
            "408",
            "409",
            "410",
            "411",
            "412",
            "413",
            "414",
            "415",
            "416",
            "417",
            "418",
            "419",
            "420",
            "421",
            "422",
            "423",
            "424",
            "426",
            "428",
            "429",
            "431",
            "451",
            "500",
            "501",
            "502",
            "503",
            "504",
            "505",
            "506",
            "507",
            "508",
            "509",
            "510",
            "511"
          ]
        }
      },
      "title": "AuditLogCompanySearchEntity"
    },
    "ClientResponseDTO«List«AuditLogCompanySearchEntity»»": {
      "type": "object",
      "properties": {
        "data": {
          "type": "array",
          "items": {
            "$ref": "#/definitions/AuditLogCompanySearchEntity"
          }
        },
        "metadata": {
          "$ref": "#/definitions/ResponseMetadataDTO"
        }
      },
      "title": "ClientResponseDTO«List«AuditLogCompanySearchEntity»»"
    },
    "ClientResponseDTO«List«Company»»": {
      "type": "object",
      "properties": {
        "data": {
          "type": "array",
          "items": {
            "$ref": "#/definitions/Company"
          }
        },
        "metadata": {
          "$ref": "#/definitions/ResponseMetadataDTO"
        }
      },
      "title": "ClientResponseDTO«List«Company»»"
    },
    "Company": {
      "type": "object",
      "properties": {
        "addresses": {
          "type": "array",
          "items": {
            "$ref": "#/definitions/CompanyAddress"
          }
        },
        "charitableIdentitiesCount": {
          "type": "integer",
          "format": "int32"
        },
        "companyId": {
          "type": "string"
        },
        "countryCode": {
          "type": "string",
          "enum": [
            "UNDEFINED",
            "AC",
            "AD",
            "AE",
            "AF",
            "AG",
            "AI",
            "AL",
            "AM",
            "AN",
            "AO",
            "AQ",
            "AR",
            "AS",
            "AT",
            "AU",
            "AW",
            "AX",
            "AZ",
            "BA",
            "BB",
            "BD",
            "BE",
            "BF",
            "BG",
            "BH",
            "BI",
            "BJ",
            "BL",
            "BM",
            "BN",
            "BO",
            "BQ",
            "BR",
            "BS",
            "BT",
            "BU",
            "BV",
            "BW",
            "BY",
            "BZ",
            "CA",
            "CC",
            "CD",
            "CF",
            "CG",
            "CH",
            "CI",
            "CK",
            "CL",
            "CM",
            "CN",
            "CO",
            "CP",
            "CR",
            "CS",
            "CU",
            "CV",
            "CW",
            "CX",
            "CY",
            "CZ",
            "DE",
            "DG",
            "DJ",
            "DK",
            "DM",
            "DO",
            "DZ",
            "EA",
            "EC",
            "EE",
            "EG",
            "EH",
            "ER",
            "ES",
            "ET",
            "EU",
            "EZ",
            "FI",
            "FJ",
            "FK",
            "FM",
            "FO",
            "FR",
            "FX",
            "GA",
            "GB",
            "GD",
            "GE",
            "GF",
            "GG",
            "GH",
            "GI",
            "GL",
            "GM",
            "GN",
            "GP",
            "GQ",
            "GR",
            "GS",
            "GT",
            "GU",
            "GW",
            "GY",
            "HK",
            "HM",
            "HN",
            "HR",
            "HT",
            "HU",
            "IC",
            "ID",
            "IE",
            "IL",
            "IM",
            "IN",
            "IO",
            "IQ",
            "IR",
            "IS",
            "IT",
            "JE",
            "JM",
            "JO",
            "JP",
            "KE",
            "KG",
            "KH",
            "KI",
            "KM",
            "KN",
            "KP",
            "KR",
            "KW",
            "KY",
            "KZ",
            "LA",
            "LB",
            "LC",
            "LI",
            "LK",
            "LR",
            "LS",
            "LT",
            "LU",
            "LV",
            "LY",
            "MA",
            "MC",
            "MD",
            "ME",
            "MF",
            "MG",
            "MH",
            "MK",
            "ML",
            "MM",
            "MN",
            "MO",
            "MP",
            "MQ",
            "MR",
            "MS",
            "MT",
            "MU",
            "MV",
            "MW",
            "MX",
            "MY",
            "MZ",
            "NA",
            "NC",
            "NE",
            "NF",
            "NG",
            "NI",
            "NL",
            "NO",
            "NP",
            "NR",
            "NT",
            "NU",
            "NZ",
            "OM",
            "PA",
            "PE",
            "PF",
            "PG",
            "PH",
            "PK",
            "PL",
            "PM",
            "PN",
            "PR",
            "PS",
            "PT",
            "PW",
            "PY",
            "QA",
            "RE",
            "RO",
            "RS",
            "RU",
            "RW",
            "SA",
            "SB",
            "SC",
            "SD",
            "SE",
            "SF",
            "SG",
            "SH",
            "SI",
            "SJ",
            "SK",
            "SL",
            "SM",
            "SN",
            "SO",
            "SR",
            "SS",
            "ST",
            "SU",
            "SV",
            "SX",
            "SY",
            "SZ",
            "TA",
            "TC",
            "TD",
            "TF",
            "TG",
            "TH",
            "TJ",
            "TK",
            "TL",
            "TM",
            "TN",
            "TO",
            "TP",
            "TR",
            "TT",
            "TV",
            "TW",
            "TZ",
            "UA",
            "UG",
            "UK",
            "UM",
            "US",
            "UY",
            "UZ",
            "VA",
            "VC",
            "VE",
            "VG",
            "VI",
            "VN",
            "VU",
            "WF",
            "WS",
            "XK",
            "YE",
            "YT",
            "YU",
            "ZA",
            "ZM",
            "ZR",
            "ZW"
          ]
        },
        "incorporationCountry": {
          "type": "string",
          "enum": [
            "UNDEFINED",
            "AC",
            "AD",
            "AE",
            "AF",
            "AG",
            "AI",
            "AL",
            "AM",
            "AN",
            "AO",
            "AQ",
            "AR",
            "AS",
            "AT",
            "AU",
            "AW",
            "AX",
            "AZ",
            "BA",
            "BB",
            "BD",
            "BE",
            "BF",
            "BG",
            "BH",
            "BI",
            "BJ",
            "BL",
            "BM",
            "BN",
            "BO",
            "BQ",
            "BR",
            "BS",
            "BT",
            "BU",
            "BV",
            "BW",
            "BY",
            "BZ",
            "CA",
            "CC",
            "CD",
            "CF",
            "CG",
            "CH",
            "CI",
            "CK",
            "CL",
            "CM",
            "CN",
            "CO",
            "CP",
            "CR",
            "CS",
            "CU",
            "CV",
            "CW",
            "CX",
            "CY",
            "CZ",
            "DE",
            "DG",
            "DJ",
            "DK",
            "DM",
            "DO",
            "DZ",
            "EA",
            "EC",
            "EE",
            "EG",
            "EH",
            "ER",
            "ES",
            "ET",
            "EU",
            "EZ",
            "FI",
            "FJ",
            "FK",
            "FM",
            "FO",
            "FR",
            "FX",
            "GA",
            "GB",
            "GD",
            "GE",
            "GF",
            "GG",
            "GH",
            "GI",
            "GL",
            "GM",
            "GN",
            "GP",
            "GQ",
            "GR",
            "GS",
            "GT",
            "GU",
            "GW",
            "GY",
            "HK",
            "HM",
            "HN",
            "HR",
            "HT",
            "HU",
            "IC",
            "ID",
            "IE",
            "IL",
            "IM",
            "IN",
            "IO",
            "IQ",
            "IR",
            "IS",
            "IT",
            "JE",
            "JM",
            "JO",
            "JP",
            "KE",
            "KG",
            "KH",
            "KI",
            "KM",
            "KN",
            "KP",
            "KR",
            "KW",
            "KY",
            "KZ",
            "LA",
            "LB",
            "LC",
            "LI",
            "LK",
            "LR",
            "LS",
            "LT",
            "LU",
            "LV",
            "LY",
            "MA",
            "MC",
            "MD",
            "ME",
            "MF",
            "MG",
            "MH",
            "MK",
            "ML",
            "MM",
            "MN",
            "MO",
            "MP",
            "MQ",
            "MR",
            "MS",
            "MT",
            "MU",
            "MV",
            "MW",
            "MX",
            "MY",
            "MZ",
            "NA",
            "NC",
            "NE",
            "NF",
            "NG",
            "NI",
            "NL",
            "NO",
            "NP",
            "NR",
            "NT",
            "NU",
            "NZ",
            "OM",
            "PA",
            "PE",
            "PF",
            "PG",
            "PH",
            "PK",
            "PL",
            "PM",
            "PN",
            "PR",
            "PS",
            "PT",
            "PW",
            "PY",
            "QA",
            "RE",
            "RO",
            "RS",
            "RU",
            "RW",
            "SA",
            "SB",
            "SC",
            "SD",
            "SE",
            "SF",
            "SG",
            "SH",
            "SI",
            "SJ",
            "SK",
            "SL",
            "SM",
            "SN",
            "SO",
            "SR",
            "SS",
            "ST",
            "SU",
            "SV",
            "SX",
            "SY",
            "SZ",
            "TA",
            "TC",
            "TD",
            "TF",
            "TG",
            "TH",
            "TJ",
            "TK",
            "TL",
            "TM",
            "TN",
            "TO",
            "TP",
            "TR",
            "TT",
            "TV",
            "TW",
            "TZ",
            "UA",
            "UG",
            "UK",
            "UM",
            "US",
            "UY",
            "UZ",
            "VA",
            "VC",
            "VE",
            "VG",
            "VI",
            "VN",
            "VU",
            "WF",
            "WS",
            "XK",
            "YE",
            "YT",
            "YU",
            "ZA",
            "ZM",
            "ZR",
            "ZW"
          ]
        },
        "incorporationDate": {
          "type": "string",
          "format": "date"
        },
        "industries": {
          "type": "array",
          "items": {
            "$ref": "#/definitions/Industry"
          }
        },
        "name": {
          "type": "string"
        },
        "officers": {
          "type": "array",
          "items": {
            "$ref": "#/definitions/Officer"
          }
        },
        "officialStatus": {
          "type": "string"
        },
        "primaryWebsite": {
          "type": "string"
        },
        "registeredAddress": {
          "$ref": "#/definitions/CompanyAddress"
        },
        "simplifiedStatus": {
          "type": "string"
        },
        "tradingAddress": {
          "$ref": "#/definitions/CompanyAddress"
        },
        "type": {
          "type": "string"
        }
      },
      "title": "Company"
    },
    "CompanyAddress": {
      "type": "object",
      "properties": {
        "fullAddress": {
          "type": "string"
        },
        "geolocation": {
          "$ref": "#/definitions/Geolocation"
        },
        "structuredAddress": {
          "$ref": "#/definitions/StructuredAddress"
        },
        "types": {
          "type": "array",
          "items": {
            "type": "string",
            "enum": [
              "REGISTERED",
              "TRADING",
              "BRANCH"
            ]
          }
        }
      },
      "title": "CompanyAddress"
    },
    "DateOfBirth": {
      "type": "object",
      "properties": {
        "month": {
          "type": "integer",
          "format": "int32"
        },
        "year": {
          "type": "integer",
          "format": "int32"
        }
      },
      "title": "DateOfBirth"
    },
    "Geolocation": {
      "type": "object",
      "properties": {
        "latitude": {
          "type": "number",
          "format": "double"
        },
        "longitude": {
          "type": "number",
          "format": "double"
        }
      },
      "title": "Geolocation"
    },
    "HttpExceptionResponse": {
      "type": "object",
      "properties": {
        "errors": {
          "type": "array",
          "items": {
            "type": "string"
          }
        },
        "message": {
          "type": "string"
        }
      },
      "title": "HttpExceptionResponse"
    },
    "Industry": {
      "type": "object",
      "properties": {
        "code": {
          "type": "string"
        },
        "name": {
          "type": "string"
        },
        "type": {
          "type": "string"
        }
      },
      "title": "Industry"
    },
    "Nationality": {
      "type": "object",
      "properties": {
        "countryCode": {
          "type": "string",
          "enum": [
            "UNDEFINED",
            "AC",
            "AD",
            "AE",
            "AF",
            "AG",
            "AI",
            "AL",
            "AM",
            "AN",
            "AO",
            "AQ",
            "AR",
            "AS",
            "AT",
            "AU",
            "AW",
            "AX",
            "AZ",
            "BA",
            "BB",
            "BD",
            "BE",
            "BF",
            "BG",
            "BH",
            "BI",
            "BJ",
            "BL",
            "BM",
            "BN",
            "BO",
            "BQ",
            "BR",
            "BS",
            "BT",
            "BU",
            "BV",
            "BW",
            "BY",
            "BZ",
            "CA",
            "CC",
            "CD",
            "CF",
            "CG",
            "CH",
            "CI",
            "CK",
            "CL",
            "CM",
            "CN",
            "CO",
            "CP",
            "CR",
            "CS",
            "CU",
            "CV",
            "CW",
            "CX",
            "CY",
            "CZ",
            "DE",
            "DG",
            "DJ",
            "DK",
            "DM",
            "DO",
            "DZ",
            "EA",
            "EC",
            "EE",
            "EG",
            "EH",
            "ER",
            "ES",
            "ET",
            "EU",
            "EZ",
            "FI",
            "FJ",
            "FK",
            "FM",
            "FO",
            "FR",
            "FX",
            "GA",
            "GB",
            "GD",
            "GE",
            "GF",
            "GG",
            "GH",
            "GI",
            "GL",
            "GM",
            "GN",
            "GP",
            "GQ",
            "GR",
            "GS",
            "GT",
            "GU",
            "GW",
            "GY",
            "HK",
            "HM",
            "HN",
            "HR",
            "HT",
            "HU",
            "IC",
            "ID",
            "IE",
            "IL",
            "IM",
            "IN",
            "IO",
            "IQ",
            "IR",
            "IS",
            "IT",
            "JE",
            "JM",
            "JO",
            "JP",
            "KE",
            "KG",
            "KH",
            "KI",
            "KM",
            "KN",
            "KP",
            "KR",
            "KW",
            "KY",
            "KZ",
            "LA",
            "LB",
            "LC",
            "LI",
            "LK",
            "LR",
            "LS",
            "LT",
            "LU",
            "LV",
            "LY",
            "MA",
            "MC",
            "MD",
            "ME",
            "MF",
            "MG",
            "MH",
            "MK",
            "ML",
            "MM",
            "MN",
            "MO",
            "MP",
            "MQ",
            "MR",
            "MS",
            "MT",
            "MU",
            "MV",
            "MW",
            "MX",
            "MY",
            "MZ",
            "NA",
            "NC",
            "NE",
            "NF",
            "NG",
            "NI",
            "NL",
            "NO",
            "NP",
            "NR",
            "NT",
            "NU",
            "NZ",
            "OM",
            "PA",
            "PE",
            "PF",
            "PG",
            "PH",
            "PK",
            "PL",
            "PM",
            "PN",
            "PR",
            "PS",
            "PT",
            "PW",
            "PY",
            "QA",
            "RE",
            "RO",
            "RS",
            "RU",
            "RW",
            "SA",
            "SB",
            "SC",
            "SD",
            "SE",
            "SF",
            "SG",
            "SH",
            "SI",
            "SJ",
            "SK",
            "SL",
            "SM",
            "SN",
            "SO",
            "SR",
            "SS",
            "ST",
            "SU",
            "SV",
            "SX",
            "SY",
            "SZ",
            "TA",
            "TC",
            "TD",
            "TF",
            "TG",
            "TH",
            "TJ",
            "TK",
            "TL",
            "TM",
            "TN",
            "TO",
            "TP",
            "TR",
            "TT",
            "TV",
            "TW",
            "TZ",
            "UA",
            "UG",
            "UK",
            "UM",
            "US",
            "UY",
            "UZ",
            "VA",
            "VC",
            "VE",
            "VG",
            "VI",
            "VN",
            "VU",
            "WF",
            "WS",
            "XK",
            "YE",
            "YT",
            "YU",
            "ZA",
            "ZM",
            "ZR",
            "ZW"
          ]
        },
        "demonym": {
          "type": "string"
        }
      },
      "title": "Nationality"
    },
    "Officer": {
      "type": "object",
      "properties": {
        "appointments": {
          "type": "array",
          "items": {
            "$ref": "#/definitions/Appointment"
          }
        },
        "company": {
          "$ref": "#/definitions/OfficerCompany"
        },
        "officerId": {
          "type": "string"
        },
        "person": {
          "$ref": "#/definitions/Person"
        },
        "shareholder": {
          "type": "boolean"
        },
        "type": {
          "type": "string",
          "enum": [
            "PERSON",
            "COMPANY"
          ]
        }
      },
      "title": "Officer"
    },
    "OfficerCompany": {
      "type": "object",
      "properties": {
        "companyId": {
          "type": "string"
        },
        "countryCode": {
          "type": "string",
          "enum": [
            "UNDEFINED",
            "AC",
            "AD",
            "AE",
            "AF",
            "AG",
            "AI",
            "AL",
            "AM",
            "AN",
            "AO",
            "AQ",
            "AR",
            "AS",
            "AT",
            "AU",
            "AW",
            "AX",
            "AZ",
            "BA",
            "BB",
            "BD",
            "BE",
            "BF",
            "BG",
            "BH",
            "BI",
            "BJ",
            "BL",
            "BM",
            "BN",
            "BO",
            "BQ",
            "BR",
            "BS",
            "BT",
            "BU",
            "BV",
            "BW",
            "BY",
            "BZ",
            "CA",
            "CC",
            "CD",
            "CF",
            "CG",
            "CH",
            "CI",
            "CK",
            "CL",
            "CM",
            "CN",
            "CO",
            "CP",
            "CR",
            "CS",
            "CU",
            "CV",
            "CW",
            "CX",
            "CY",
            "CZ",
            "DE",
            "DG",
            "DJ",
            "DK",
            "DM",
            "DO",
            "DZ",
            "EA",
            "EC",
            "EE",
            "EG",
            "EH",
            "ER",
            "ES",
            "ET",
            "EU",
            "EZ",
            "FI",
            "FJ",
            "FK",
            "FM",
            "FO",
            "FR",
            "FX",
            "GA",
            "GB",
            "GD",
            "GE",
            "GF",
            "GG",
            "GH",
            "GI",
            "GL",
            "GM",
            "GN",
            "GP",
            "GQ",
            "GR",
            "GS",
            "GT",
            "GU",
            "GW",
            "GY",
            "HK",
            "HM",
            "HN",
            "HR",
            "HT",
            "HU",
            "IC",
            "ID",
            "IE",
            "IL",
            "IM",
            "IN",
            "IO",
            "IQ",
            "IR",
            "IS",
            "IT",
            "JE",
            "JM",
            "JO",
            "JP",
            "KE",
            "KG",
            "KH",
            "KI",
            "KM",
            "KN",
            "KP",
            "KR",
            "KW",
            "KY",
            "KZ",
            "LA",
            "LB",
            "LC",
            "LI",
            "LK",
            "LR",
            "LS",
            "LT",
            "LU",
            "LV",
            "LY",
            "MA",
            "MC",
            "MD",
            "ME",
            "MF",
            "MG",
            "MH",
            "MK",
            "ML",
            "MM",
            "MN",
            "MO",
            "MP",
            "MQ",
            "MR",
            "MS",
            "MT",
            "MU",
            "MV",
            "MW",
            "MX",
            "MY",
            "MZ",
            "NA",
            "NC",
            "NE",
            "NF",
            "NG",
            "NI",
            "NL",
            "NO",
            "NP",
            "NR",
            "NT",
            "NU",
            "NZ",
            "OM",
            "PA",
            "PE",
            "PF",
            "PG",
            "PH",
            "PK",
            "PL",
            "PM",
            "PN",
            "PR",
            "PS",
            "PT",
            "PW",
            "PY",
            "QA",
            "RE",
            "RO",
            "RS",
            "RU",
            "RW",
            "SA",
            "SB",
            "SC",
            "SD",
            "SE",
            "SF",
            "SG",
            "SH",
            "SI",
            "SJ",
            "SK",
            "SL",
            "SM",
            "SN",
            "SO",
            "SR",
            "SS",
            "ST",
            "SU",
            "SV",
            "SX",
            "SY",
            "SZ",
            "TA",
            "TC",
            "TD",
            "TF",
            "TG",
            "TH",
            "TJ",
            "TK",
            "TL",
            "TM",
            "TN",
            "TO",
            "TP",
            "TR",
            "TT",
            "TV",
            "TW",
            "TZ",
            "UA",
            "UG",
            "UK",
            "UM",
            "US",
            "UY",
            "UZ",
            "VA",
            "VC",
            "VE",
            "VG",
            "VI",
            "VN",
            "VU",
            "WF",
            "WS",
            "XK",
            "YE",
            "YT",
            "YU",
            "ZA",
            "ZM",
            "ZR",
            "ZW"
          ]
        },
        "name": {
          "type": "string"
        },
        "officialStatus": {
          "type": "string"
        },
        "simplifiedStatus": {
          "type": "string"
        }
      },
      "title": "OfficerCompany"
    },
    "PagingInformation": {
      "type": "object",
      "properties": {
        "currentPageNumber": {
          "type": "integer",
          "format": "int32"
        },
        "pageSize": {
          "type": "integer",
          "format": "int32"
        },
        "totalHits": {
          "type": "integer",
          "format": "int64"
        },
        "totalPages": {
          "type": "integer",
          "format": "int32"
        }
      },
      "title": "PagingInformation"
    },
    "Person": {
      "type": "object",
      "properties": {
        "dateOfBirth": {
          "$ref": "#/definitions/DateOfBirth"
        },
        "firstName": {
          "type": "string"
        },
        "honorific": {
          "type": "string"
        },
        "lastName": {
          "type": "string"
        },
        "middleName": {
          "type": "string"
        },
        "nationalities": {
          "type": "array",
          "items": {
            "$ref": "#/definitions/Nationality"
          }
        }
      },
      "title": "Person"
    },
    "ResponseMetadataDTO": {
      "type": "object",
      "properties": {
        "paging": {
          "$ref": "#/definitions/PagingInformation"
        }
      },
      "title": "ResponseMetadataDTO"
    },
    "ServiceAddress": {
      "type": "object",
      "properties": {
        "fullAddress": {
          "type": "string"
        },
        "structuredAddress": {
          "$ref": "#/definitions/StructuredAddress"
        }
      },
      "title": "ServiceAddress"
    },
    "StructuredAddress": {
      "type": "object",
      "properties": {
        "countryCode": {
          "type": "string",
          "enum": [
            "UNDEFINED",
            "AC",
            "AD",
            "AE",
            "AF",
            "AG",
            "AI",
            "AL",
            "AM",
            "AN",
            "AO",
            "AQ",
            "AR",
            "AS",
            "AT",
            "AU",
            "AW",
            "AX",
            "AZ",
            "BA",
            "BB",
            "BD",
            "BE",
            "BF",
            "BG",
            "BH",
            "BI",
            "BJ",
            "BL",
            "BM",
            "BN",
            "BO",
            "BQ",
            "BR",
            "BS",
            "BT",
            "BU",
            "BV",
            "BW",
            "BY",
            "BZ",
            "CA",
            "CC",
            "CD",
            "CF",
            "CG",
            "CH",
            "CI",
            "CK",
            "CL",
            "CM",
            "CN",
            "CO",
            "CP",
            "CR",
            "CS",
            "CU",
            "CV",
            "CW",
            "CX",
            "CY",
            "CZ",
            "DE",
            "DG",
            "DJ",
            "DK",
            "DM",
            "DO",
            "DZ",
            "EA",
            "EC",
            "EE",
            "EG",
            "EH",
            "ER",
            "ES",
            "ET",
            "EU",
            "EZ",
            "FI",
            "FJ",
            "FK",
            "FM",
            "FO",
            "FR",
            "FX",
            "GA",
            "GB",
            "GD",
            "GE",
            "GF",
            "GG",
            "GH",
            "GI",
            "GL",
            "GM",
            "GN",
            "GP",
            "GQ",
            "GR",
            "GS",
            "GT",
            "GU",
            "GW",
            "GY",
            "HK",
            "HM",
            "HN",
            "HR",
            "HT",
            "HU",
            "IC",
            "ID",
            "IE",
            "IL",
            "IM",
            "IN",
            "IO",
            "IQ",
            "IR",
            "IS",
            "IT",
            "JE",
            "JM",
            "JO",
            "JP",
            "KE",
            "KG",
            "KH",
            "KI",
            "KM",
            "KN",
            "KP",
            "KR",
            "KW",
            "KY",
            "KZ",
            "LA",
            "LB",
            "LC",
            "LI",
            "LK",
            "LR",
            "LS",
            "LT",
            "LU",
            "LV",
            "LY",
            "MA",
            "MC",
            "MD",
            "ME",
            "MF",
            "MG",
            "MH",
            "MK",
            "ML",
            "MM",
            "MN",
            "MO",
            "MP",
            "MQ",
            "MR",
            "MS",
            "MT",
            "MU",
            "MV",
            "MW",
            "MX",
            "MY",
            "MZ",
            "NA",
            "NC",
            "NE",
            "NF",
            "NG",
            "NI",
            "NL",
            "NO",
            "NP",
            "NR",
            "NT",
            "NU",
            "NZ",
            "OM",
            "PA",
            "PE",
            "PF",
            "PG",
            "PH",
            "PK",
            "PL",
            "PM",
            "PN",
            "PR",
            "PS",
            "PT",
            "PW",
            "PY",
            "QA",
            "RE",
            "RO",
            "RS",
            "RU",
            "RW",
            "SA",
            "SB",
            "SC",
            "SD",
            "SE",
            "SF",
            "SG",
            "SH",
            "SI",
            "SJ",
            "SK",
            "SL",
            "SM",
            "SN",
            "SO",
            "SR",
            "SS",
            "ST",
            "SU",
            "SV",
            "SX",
            "SY",
            "SZ",
            "TA",
            "TC",
            "TD",
            "TF",
            "TG",
            "TH",
            "TJ",
            "TK",
            "TL",
            "TM",
            "TN",
            "TO",
            "TP",
            "TR",
            "TT",
            "TV",
            "TW",
            "TZ",
            "UA",
            "UG",
            "UK",
            "UM",
            "US",
            "UY",
            "UZ",
            "VA",
            "VC",
            "VE",
            "VG",
            "VI",
            "VN",
            "VU",
            "WF",
            "WS",
            "XK",
            "YE",
            "YT",
            "YU",
            "ZA",
            "ZM",
            "ZR",
            "ZW"
          ]
        },
        "county": {
          "type": "string"
        },
        "dependentLocality": {
          "type": "string"
        },
        "postTown": {
          "type": "string"
        },
        "postcode": {
          "type": "string"
        },
        "premises": {
          "type": "string"
        },
        "thoroughfare": {
          "type": "string"
        }
      },
      "title": "StructuredAddress"
    }
  }
}
