{
  "swagger": "2.0",
  "info": {
    "description": "The consent service manages and stores user consent",
    "version": "1.0",
    "title": "Consent API"
  },
  "host": "internal-api.prod.astoapp.co.uk",
  "basePath": "/consent-service/",
  "tags": [
    {
      "name": "consent-controller",
      "description": "Consent Controller"
    }
  ],
  "paths": {
    "/consent": {
      "get": {
        "tags": [
          "consent-controller"
        ],
        "summary": "Retrieve a list of all accountId consents",
        "operationId": "getConsentsUsingGET",
        "produces": [
          "*/*"
        ],
        "parameters": [
          {
            "name": "document_type",
            "in": "query",
            "description": "document_type",
            "required": false,
            "type": "string"
          },
          {
            "name": "page_number",
            "in": "query",
            "description": "page_number",
            "required": false,
            "type": "string"
          },
          {
            "name": "page_size",
            "in": "query",
            "description": "page_size",
            "required": false,
            "type": "string"
          },
          {
            "name": "subject_id",
            "in": "query",
            "description": "subject_id",
            "required": false,
            "type": "string"
          }
        ],
        "responses": {
          "200": {
            "description": "OK",
            "schema": {
              "$ref": "#/definitions/ResponseEntity"
            }
          }
        },
        "deprecated": false
      },
      "post": {
        "tags": [
          "consent-controller"
        ],
        "summary": "Persist an AgreedToContent object",
        "operationId": "persistConsentUsingPOST",
        "consumes": [
          "application/json"
        ],
        "produces": [
          "*/*"
        ],
        "parameters": [
          {
            "in": "body",
            "name": "consent",
            "description": "consent",
            "required": true,
            "schema": {
              "$ref": "#/definitions/ConsentDTO"
            }
          }
        ],
        "responses": {
          "201": {
            "description": "Created",
            "schema": {
              "$ref": "#/definitions/ResponseEntity"
            }
          }
        },
        "deprecated": false
      }
    }
  },
  "definitions": {
    "ConsentDTO": {
      "type": "object",
      "properties": {
        "consented": {
          "type": "boolean"
        },
        "consentedAt": {
          "type": "string",
          "format": "date-time"
        },
        "externalId": {
          "type": "string"
        },
        "subjectId": {
          "type": "string"
        },
        "subjectType": {
          "type": "string"
        }
      },
      "title": "ConsentDTO"
    },
    "ResponseEntity": {
      "type": "object",
      "properties": {
        "body": {
          "type": "object"
        },
        "statusCode": {
          "type": "string",
          "enum": [
            "100",
            "101",
            "102",
            "103",
            "200",
            "201",
            "202",
            "203",
            "204",
            "205",
            "206",
            "207",
            "208",
            "226",
            "300",
            "301",
            "302",
            "303",
            "304",
            "305",
            "307",
            "308",
            "400",
            "401",
            "402",
            "403",
            "404",
            "405",
            "406",
            "407",
            "408",
            "409",
            "410",
            "411",
            "412",
            "413",
            "414",
            "415",
            "416",
            "417",
            "418",
            "419",
            "420",
            "421",
            "422",
            "423",
            "424",
            "426",
            "428",
            "429",
            "431",
            "451",
            "500",
            "501",
            "502",
            "503",
            "504",
            "505",
            "506",
            "507",
            "508",
            "509",
            "510",
            "511"
          ]
        },
        "statusCodeValue": {
          "type": "integer",
          "format": "int32"
        }
      },
      "title": "ResponseEntity"
    }
  }
}
