{
  "swagger": "2.0",
  "info": {
    "description": "The Content Templating API is responsible for generating templated content",
    "version": "1.0",
    "title": "Content Templating API"
  },
  "host": "internal-api.prod.astoapp.co.uk",
  "basePath": "/content-templating-service/",
  "tags": [
    {
      "name": "content-templating-controller",
      "description": "Content Templating Controller"
    }
  ],
  "paths": {
    "/content": {
      "get": {
        "tags": [
          "content-templating-controller"
        ],
        "summary": "Get available content keys",
        "operationId": "getContentKeysUsingGET",
        "produces": [
          "*/*"
        ],
        "responses": {
          "200": {
            "description": "OK",
            "schema": {
              "type": "array",
              "items": {
                "$ref": "#/definitions/ContentId"
              }
            }
          }
        },
        "deprecated": false
      }
    },
    "/content/{contentKey}": {
      "get": {
        "tags": [
          "content-templating-controller"
        ],
        "summary": "Get content for a given key and return pdf response",
        "operationId": "getPdfUsingGET",
        "produces": [
          "application/pdf",
          "application/json"
        ],
        "parameters": [
          {
            "name": "contentKey",
            "in": "path",
            "description": "contentKey",
            "required": true,
            "type": "string"
          },
          {
            "name": "contentType",
            "in": "query",
            "description": "contentType",
            "required": false,
            "type": "string",
            "default": "MD",
            "enum": [
              "HTML",
              "MD",
              "PDF"
            ]
          },
          {
            "name": "format",
            "in": "query",
            "description": "format",
            "required": false,
            "type": "string",
            "default": "PDF",
            "enum": [
              "HTML",
              "MD",
              "PDF"
            ]
          }
        ],
        "responses": {
          "200": {
            "description": "OK",
            "schema": {
              "type": "string",
              "format": "byte"
            }
          }
        },
        "deprecated": false
      },
      "post": {
        "tags": [
          "content-templating-controller"
        ],
        "summary": "Get content for a given key and return json response including templated data",
        "operationId": "getTemplatedContentUsingPOST",
        "consumes": [
          "application/json"
        ],
        "produces": [
          "application/json"
        ],
        "parameters": [
          {
            "name": "contentKey",
            "in": "path",
            "description": "contentKey",
            "required": true,
            "type": "string"
          },
          {
            "name": "contentType",
            "in": "query",
            "description": "contentType",
            "required": false,
            "type": "string",
            "default": "MD",
            "enum": [
              "HTML",
              "MD",
              "PDF"
            ]
          },
          {
            "name": "format",
            "in": "query",
            "description": "format",
            "required": false,
            "type": "string",
            "default": "HTML",
            "enum": [
              "HTML",
              "MD",
              "PDF"
            ]
          },
          {
            "in": "body",
            "name": "templateValues",
            "description": "templateValues",
            "required": true,
            "schema": {
              "type": "object"
            }
          }
        ],
        "responses": {
          "200": {
            "description": "OK",
            "schema": {
              "$ref": "#/definitions/DocumentDTO"
            }
          }
        },
        "deprecated": false
      }
    },
    "/content/{contentKey}/{version}": {
      "get": {
        "tags": [
          "content-templating-controller"
        ],
        "summary": "Get content for a given key and return json response",
        "operationId": "getContentRevisionUsingGET",
        "produces": [
          "application/json"
        ],
        "parameters": [
          {
            "name": "contentKey",
            "in": "path",
            "description": "contentKey",
            "required": true,
            "type": "string"
          },
          {
            "name": "contentType",
            "in": "query",
            "description": "contentType",
            "required": false,
            "type": "string",
            "default": "MD",
            "enum": [
              "HTML",
              "MD",
              "PDF"
            ]
          },
          {
            "name": "format",
            "in": "query",
            "description": "format",
            "required": false,
            "type": "string",
            "default": "HTML",
            "enum": [
              "HTML",
              "MD",
              "PDF"
            ]
          },
          {
            "name": "version",
            "in": "path",
            "description": "version",
            "required": true,
            "type": "integer",
            "format": "int32"
          }
        ],
        "responses": {
          "200": {
            "description": "OK",
            "schema": {
              "$ref": "#/definitions/DocumentDTO"
            }
          }
        },
        "deprecated": false
      }
    }
  },
  "definitions": {
    "ContentId": {
      "type": "object",
      "properties": {
        "templateKey": {
          "type": "string"
        },
        "templateType": {
          "type": "string"
        }
      },
      "title": "ContentId"
    },
    "DocumentDTO": {
      "type": "object",
      "properties": {
        "content": {
          "type": "string"
        },
        "documentFormat": {
          "type": "string"
        },
        "footer": {
          "type": "string"
        },
        "hash": {
          "type": "string"
        },
        "id": {
          "$ref": "#/definitions/ContentId"
        },
        "legalAdviceConfirmations": {
          "type": "string"
        },
        "legalAdviceNotSought": {
          "type": "string"
        },
        "legalAdviceSought": {
          "type": "string"
        },
        "version": {
          "type": "integer",
          "format": "int32"
        }
      },
      "title": "DocumentDTO"
    }
  }
}
