{
  "swagger": "2.0",
  "info": {
    "description": "Finance related services (Invoking draw down process,Retrieve finance data,etc.) are exposed in this module.",
    "version": "1.0",
    "title": "Core Banking Service"
  },
  "host": "internal-api.prod.astoapp.co.uk",
  "basePath": "/core-banking-service/",
  "tags": [
    {
      "name": "account-profile-controller",
      "description": "Account Profile Controller"
    },
    {
      "name": "admin-finance-data-controller",
      "description": "Admin Finance Data Controller"
    },
    {
      "name": "draw-down-controller",
      "description": "Draw Down Controller"
    },
    {
      "name": "finance-data-controller",
      "description": "Finance Data Controller"
    },
    {
      "name": "loan-controller",
      "description": "Loan Controller"
    },
    {
      "name": "mpo-callback-controller",
      "description": "MPO Callback Controller"
    }
  ],
  "paths": {
    "/accountProfiles": {
      "post": {
        "tags": [
          "account-profile-controller"
        ],
        "summary": "Create account profile in Accounting sub system",
        "operationId": "createAccountProfileUsingPOST",
        "consumes": [
          "application/json"
        ],
        "produces": [
          "*/*"
        ],
        "parameters": [
          {
            "in": "body",
            "name": "customerProfileDto",
            "description": "AccountProfile Request Input Body.",
            "required": false,
            "schema": {
              "$ref": "#/definitions/CustomerProfileDto"
            }
          }
        ],
        "responses": {
          "200": {
            "description": "OK",
            "schema": {
              "$ref": "#/definitions/AccountProfileResponseDto"
            }
          },
          "400": {
            "description": "Bad request",
            "schema": {
              "$ref": "#/definitions/HttpExceptionResponse"
            }
          },
          "401": {
            "description": "Unauthorized",
            "schema": {
              "$ref": "#/definitions/HttpExceptionResponse"
            }
          },
          "404": {
            "description": "Organisation not found",
            "schema": {
              "$ref": "#/definitions/HttpExceptionResponse"
            }
          },
          "500": {
            "description": "Internal server error",
            "schema": {
              "$ref": "#/definitions/HttpExceptionResponse"
            }
          }
        },
        "deprecated": false
      }
    },
    "/admin/financedata/profiledetails": {
      "get": {
        "tags": [
          "admin-finance-data-controller"
        ],
        "summary": "Retrieves the details of finance pot limit | available balance | risk band details | insufficientFund flag | etc for a particular customer. AccountId and OrganizationId should be avaialbe as query parameters",
        "operationId": "getAdminLocAndRiskbandDetailsUsingGET",
        "produces": [
          "*/*"
        ],
        "parameters": [
          {
            "name": "accountId",
            "in": "query",
            "description": "Account ID as  query parameter",
            "required": false,
            "type": "string",
            "allowEmptyValue": false
          },
          {
            "name": "orgId",
            "in": "query",
            "description": "Organization ID as  query parameter",
            "required": false,
            "type": "string",
            "allowEmptyValue": false
          }
        ],
        "responses": {
          "200": {
            "description": "OK",
            "schema": {
              "$ref": "#/definitions/ClientResponseDto«LocAndBandDetailsVO»"
            }
          },
          "400": {
            "description": "Bad request",
            "schema": {
              "$ref": "#/definitions/HttpExceptionResponse"
            }
          },
          "401": {
            "description": "Unauthorized",
            "schema": {
              "$ref": "#/definitions/HttpExceptionResponse"
            }
          },
          "404": {
            "description": "Details not found",
            "schema": {
              "$ref": "#/definitions/HttpExceptionResponse"
            }
          },
          "500": {
            "description": "Internal server error",
            "schema": {
              "$ref": "#/definitions/HttpExceptionResponse"
            }
          }
        },
        "deprecated": false
      }
    },
    "/financedata/profiledetails": {
      "get": {
        "tags": [
          "finance-data-controller"
        ],
        "summary": "Retrieves the details of finance pot limit | available balance | risk band details | insufficientFund flag | etc for a particular customer.user account id will be retreived from JWT header,Organization Id(KEY:ORG_ID_KEY) should be available in header",
        "operationId": "getLocAndRiskbandDetailsUsingGET",
        "produces": [
          "*/*"
        ],
        "responses": {
          "200": {
            "description": "OK",
            "schema": {
              "$ref": "#/definitions/ClientResponseDto«LocAndBandDetailsVO»"
            }
          },
          "400": {
            "description": "Bad request",
            "schema": {
              "$ref": "#/definitions/HttpExceptionResponse"
            }
          },
          "401": {
            "description": "Unauthorized",
            "schema": {
              "$ref": "#/definitions/HttpExceptionResponse"
            }
          },
          "404": {
            "description": "Details not found",
            "schema": {
              "$ref": "#/definitions/HttpExceptionResponse"
            }
          },
          "500": {
            "description": "Internal server error",
            "schema": {
              "$ref": "#/definitions/HttpExceptionResponse"
            }
          }
        },
        "deprecated": false
      }
    },
    "/financedata/profiledetails/bankaccount": {
      "post": {
        "tags": [
          "finance-data-controller"
        ],
        "summary": "Save the bank account details(if isn't already available) and  update the lines of credit status to Approve. Organization Id(KEY:Organisation-ID) should be available in header",
        "operationId": "saveBankAccountDetailsAndUpdateStatusUsingPOST",
        "consumes": [
          "application/json"
        ],
        "produces": [
          "*/*"
        ],
        "parameters": [
          {
            "in": "body",
            "name": "bankAccountDetailsRequestDto",
            "description": "Request body which contains bank account details",
            "required": false,
            "schema": {
              "$ref": "#/definitions/BankAccountDetailsRequestDto"
            }
          }
        ],
        "responses": {
          "200": {
            "description": "OK",
            "schema": {
              "$ref": "#/definitions/BankAccountDetailsAndLocStatusResponseDto"
            }
          },
          "400": {
            "description": "Bad request",
            "schema": {
              "$ref": "#/definitions/HttpExceptionResponse"
            }
          },
          "401": {
            "description": "Unauthorized",
            "schema": {
              "$ref": "#/definitions/HttpExceptionResponse"
            }
          },
          "404": {
            "description": "Details not found",
            "schema": {
              "$ref": "#/definitions/HttpExceptionResponse"
            }
          },
          "500": {
            "description": "Internal server error",
            "schema": {
              "$ref": "#/definitions/HttpExceptionResponse"
            }
          }
        },
        "deprecated": false
      }
    },
    "/internal/lending/loans": {
      "get": {
        "tags": [
          "loan-controller"
        ],
        "summary": "Retrieve lending limits and current loan accounts for a user",
        "operationId": "getLendingDetailsUsingGET",
        "produces": [
          "*/*"
        ],
        "parameters": [
          {
            "name": "accountId",
            "in": "query",
            "description": "accountId",
            "required": true,
            "type": "string"
          },
          {
            "name": "organisationId",
            "in": "query",
            "description": "organisationId",
            "required": true,
            "type": "string"
          }
        ],
        "responses": {
          "200": {
            "description": "OK",
            "schema": {
              "$ref": "#/definitions/ClientResponseDto"
            }
          },
          "400": {
            "description": "Bad request",
            "schema": {
              "$ref": "#/definitions/HttpExceptionResponse"
            }
          },
          "401": {
            "description": "Unauthorized",
            "schema": {
              "$ref": "#/definitions/HttpExceptionResponse"
            }
          },
          "500": {
            "description": "Internal server error",
            "schema": {
              "$ref": "#/definitions/HttpExceptionResponse"
            }
          }
        },
        "deprecated": false
      }
    },
    "/invoicefinance/drawdown": {
      "post": {
        "tags": [
          "draw-down-controller"
        ],
        "summary": "Invoke the draw down process and do the disbursement process ",
        "operationId": "initiateDrawDownProcessUsingPOST",
        "consumes": [
          "application/json"
        ],
        "produces": [
          "*/*"
        ],
        "parameters": [
          {
            "in": "body",
            "name": "invoiceFinanceDto",
            "description": "Request body which contains Invoice ID",
            "required": false,
            "schema": {
              "$ref": "#/definitions/InvoiceFinanceDto"
            }
          }
        ],
        "responses": {
          "200": {
            "description": "OK",
            "schema": {
              "$ref": "#/definitions/ClientResponseDto"
            }
          },
          "400": {
            "description": "Bad request",
            "schema": {
              "$ref": "#/definitions/HttpExceptionResponse"
            }
          },
          "401": {
            "description": "Unauthorized",
            "schema": {
              "$ref": "#/definitions/HttpExceptionResponse"
            }
          },
          "500": {
            "description": "Internal server error",
            "schema": {
              "$ref": "#/definitions/HttpExceptionResponse"
            }
          }
        },
        "deprecated": false
      }
    },
    "/invoicefinance/firstdrawdown": {
      "get": {
        "tags": [
          "draw-down-controller"
        ],
        "summary": "Get draw down detail to identify whether its a first or subsequent draw down for a particular user",
        "operationId": "checkFirstDrawDownUsingGET",
        "produces": [
          "*/*"
        ],
        "responses": {
          "200": {
            "description": "OK",
            "schema": {
              "$ref": "#/definitions/FirstDrawDownCheckResponseDto"
            }
          },
          "400": {
            "description": "Bad request",
            "schema": {
              "$ref": "#/definitions/HttpExceptionResponse"
            }
          },
          "401": {
            "description": "Unauthorized",
            "schema": {
              "$ref": "#/definitions/HttpExceptionResponse"
            }
          },
          "404": {
            "description": "Details not found",
            "schema": {
              "$ref": "#/definitions/HttpExceptionResponse"
            }
          },
          "500": {
            "description": "Internal server error",
            "schema": {
              "$ref": "#/definitions/HttpExceptionResponse"
            }
          }
        },
        "deprecated": false
      }
    },
    "/mpocallback/disbursement": {
      "post": {
        "tags": [
          "mpo-callback-controller"
        ],
        "summary": "Processes callback request from MPO",
        "operationId": "mpoCallbackUsingPOST",
        "consumes": [
          "application/json"
        ],
        "produces": [
          "*/*"
        ],
        "parameters": [
          {
            "in": "body",
            "name": "mpoCallbackDto",
            "description": "MPO Callback Request",
            "required": false,
            "schema": {
              "$ref": "#/definitions/MPOCallbackDto"
            }
          }
        ],
        "responses": {
          "200": {
            "description": "OK",
            "schema": {
              "$ref": "#/definitions/MPOCallbackResponseDto"
            }
          },
          "400": {
            "description": "Bad request",
            "schema": {
              "$ref": "#/definitions/HttpExceptionResponse"
            }
          },
          "401": {
            "description": "Unauthorized",
            "schema": {
              "$ref": "#/definitions/HttpExceptionResponse"
            }
          },
          "404": {
            "description": "Organisation not found",
            "schema": {
              "$ref": "#/definitions/HttpExceptionResponse"
            }
          },
          "500": {
            "description": "Internal server error",
            "schema": {
              "$ref": "#/definitions/HttpExceptionResponse"
            }
          }
        },
        "deprecated": false
      }
    }
  },
  "definitions": {
    "AccountProfileResponseDto": {
      "type": "object",
      "properties": {
        "backendError": {
          "$ref": "#/definitions/BackendError"
        },
        "customer": {
          "$ref": "#/definitions/Customer"
        },
        "lineOfCredit": {
          "$ref": "#/definitions/LineOfCredit"
        },
        "messageCode": {
          "type": "string"
        },
        "messageText": {
          "type": "string"
        }
      },
      "title": "AccountProfileResponseDto"
    },
    "AttributesDto": {
      "type": "object",
      "properties": {
        "businessName": {
          "type": "string"
        },
        "creditLimitEndDate": {
          "type": "string",
          "example": "1976-01-01T00:00:00+0000"
        },
        "creditLimitStartDate": {
          "type": "string",
          "example": "1976-01-01T00:00:00+0000"
        },
        "creditLimit": {
          "type": "string"
        },
        "customerFirstName": {
          "type": "string"
        },
        "customerLastName": {
          "type": "string"
        },
        "customerMiddleName": {
          "type": "string"
        },
        "customerMobile": {
          "type": "string"
        },
        "customerEmail": {
          "type": "string"
        }
      },
      "title": "AttributesDto"
    },
    "BackendError": {
      "type": "object",
      "properties": {
        "code": {
          "type": "string"
        },
        "message": {
          "type": "string"
        },
        "status": {
          "type": "string"
        }
      },
      "title": "BackendError"
    },
    "BankAccountDetailsAndLocStatusResponseDto": {
      "type": "object",
      "properties": {
        "message": {
          "type": "string"
        },
        "statusCode": {
          "type": "string"
        }
      },
      "title": "BankAccountDetailsAndLocStatusResponseDto"
    },
    "BankAccountDetailsRequestDto": {
      "type": "object",
      "properties": {
        "accountHolderName": {
          "type": "string",
          "description": "Bank account holder's name"
        },
        "accountNumber": {
          "type": "string",
          "description": "Bank account number"
        },
        "sortCode": {
          "type": "string",
          "description": "Bank account sort code"
        }
      },
      "title": "BankAccountDetailsRequestDto"
    },
    "ClientResponseDto": {
      "type": "object",
      "properties": {
        "data": {
          "type": "object"
        }
      },
      "title": "ClientResponseDto"
    },
    "ClientResponseDto«DrawDownResponseVO»": {
      "type": "object",
      "properties": {
        "data": {
          "$ref": "#/definitions/DrawDownResponseVO"
        }
      },
      "title": "ClientResponseDto«DrawDownResponseVO»"
    },
    "ClientResponseDto«LocAndBandDetailsVO»": {
      "type": "object",
      "properties": {
        "data": {
          "$ref": "#/definitions/LocAndBandDetailsVO"
        }
      },
      "title": "ClientResponseDto«LocAndBandDetailsVO»"
    },
    "Customer": {
      "type": "object",
      "properties": {
        "encodedKey": {
          "type": "string"
        },
        "firstName": {
          "type": "string"
        },
        "id": {
          "type": "string"
        },
        "lastName": {
          "type": "string"
        },
        "middleName": {
          "type": "string"
        },
        "name": {
          "type": "string"
        },
        "state": {
          "type": "string"
        },
        "type": {
          "type": "string"
        }
      },
      "title": "Customer"
    },
    "CustomerBankDetails": {
      "type": "object",
      "properties": {
        "accountHoldersName": {
          "type": "string",
          "example": "Alexander Peries",
          "description": "Account holder's name"
        },
        "bankAccountNumber": {
          "type": "string",
          "example": "*****579",
          "description": "Masked bank account number stored in Mambu.Number of visible characters = 3"
        },
        "sortCode": {
          "type": "string",
          "example": "****80",
          "description": "Masked sort code stored in Mambu.Number of visible characters = 2"
        }
      },
      "title": "CustomerBankDetails"
    },
    "CustomerProfileDto": {
      "type": "object",
      "properties": {
        "customerId": {
          "type": "string"
        },
        "riskband": {
          "type": "string",
          "example": "Risk band name 1",
          "description": "Risk band name for the particular profile"
        },
        "applicationKey": {
          "type": "string"
        },
        "customerType": {
          "type": "string"
        },
        "attributes": {
          "$ref": "#/definitions/AttributesDto"
        }
      },
      "title": "CustomerProfileDto"
    },
    "DrawDownResponseVO": {
      "type": "object",
      "properties": {
        "message": {
          "type": "string"
        },
        "statusCode": {
          "type": "string"
        }
      },
      "title": "DrawDownResponseVO"
    },
    "FirstDrawDownCheckResponseDto": {
      "type": "object",
      "properties": {
        "firstDrawDown": {
          "type": "boolean",
          "example": false,
          "description": "Boolean flag for first draw down check,TRUE if this is a first dradown of the customer,FALSE other wise"
        }
      },
      "title": "FirstDrawDownCheckResponseDto"
    },
    "HttpExceptionResponse": {
      "type": "object",
      "properties": {
        "errors": {
          "type": "array",
          "items": {
            "type": "string"
          }
        },
        "message": {
          "type": "string"
        }
      },
      "title": "HttpExceptionResponse"
    },
    "InvoiceFinanceDto": {
      "type": "object",
      "properties": {
        "invoiceId": {
          "type": "string"
        }
      },
      "title": "InvoiceFinanceDto"
    },
    "LendingDetailsResponseDto": {
      "type": "object",
      "properties": {
        "availableLimit": {
          "type": "string"
        },
        "loans": {
          "type": "array",
          "items": {
            "$ref": "#/definitions/LoanAccountDto"
          }
        },
        "status": {
          "type": "string"
        },
        "totalCreditLimit": {
          "type": "string"
        }
      },
      "title": "LendingDetailsResponseDto"
    },
    "LineOfCredit": {
      "type": "object",
      "properties": {
        "amount": {
          "type": "string",
          "example": "150000.02",
          "description": "Finance Pot Limit"
        },
        "availableCreditAmount": {
          "type": "string",
          "example": "140000.02",
          "description": "Available Balance"
        },
        "endDate": {
          "type": "string",
          "example": "22019-07-10T13:36:14+0000"
        },
        "id": {
          "type": "string"
        },
        "startDate": {
          "type": "string",
          "example": "2019-01-10T13:36:14+0000"
        },
        "state": {
          "type": "string",
          "example": "ACTIVE"
        }
      },
      "title": "LineOfCredit"
    },
    "LoanAccountDto": {
      "type": "object",
      "properties": {
        "accountState": {
          "type": "string"
        },
        "accountSubState": {
          "type": "string"
        },
        "accruedPenalty": {
          "type": "string"
        },
        "creationDate": {
          "type": "string"
        },
        "id": {
          "type": "string"
        },
        "lastSetToArrearsDate": {
          "type": "string"
        },
        "loanAmount": {
          "type": "string"
        },
        "penaltyRate": {
          "type": "string"
        },
        "repaymentPeriodCount": {
          "type": "integer",
          "format": "int32"
        },
        "repaymentPeriodUnit": {
          "type": "string"
        },
        "rescheduledAccountKey": {
          "type": "string"
        }
      },
      "title": "LoanAccountDto"
    },
    "LocAndBandDetailsVO": {
      "type": "object",
      "properties": {
        "customer": {
          "$ref": "#/definitions/Customer"
        },
        "customerBankAccountDetails": {
          "description": "Customer bank account details",
          "$ref": "#/definitions/CustomerBankDetails"
        },
        "insufficientFund": {
          "type": "boolean",
          "example": false,
          "description": "Flag for checking the insuffient balance.True: if available balance < minimum limit,False: other wise"
        },
        "lineOfCredit": {
          "description": "Lines of credit details of the customer.",
          "$ref": "#/definitions/LineOfCredit"
        },
        "riskBandRecord": {
          "description": "Risk band details.daily rate can be found in this wrapper element",
          "$ref": "#/definitions/RiskBandRecordClient"
        }
      },
      "title": "LocAndBandDetailsVO"
    },
    "MPOCallbackDto": {
      "type": "object",
      "properties": {
        "correlationId": {
          "type": "string"
        },
        "errorCode": {
          "type": "string"
        },
        "errorSource": {
          "type": "string"
        },
        "errorMessage": {
          "type": "string"
        },
        "errorProcess": {
          "type": "string"
        },
        "loanId": {
          "type": "string"
        },
        "paymentHubInfo": {
          "type": "string"
        },
        "gcMandateId": {
          "type": "string"
        }
      },
      "title": "MPOCallbackDto"
    },
    "MPOCallbackResponseDto": {
      "type": "object",
      "properties": {
        "messageCode": {
          "type": "string"
        },
        "messageText": {
          "type": "string"
        }
      },
      "title": "MPOCallbackResponseDto"
    },
    "MifAffordabilityInfoClient": {
      "type": "object",
      "properties": {
        "businessType": {
          "type": "string"
        },
        "cappedAmount": {
          "type": "number"
        },
        "maxLimitTurnover": {
          "type": "number"
        }
      },
      "title": "MifAffordabilityInfoClient"
    },
    "RiskBandRecordClient": {
      "type": "object",
      "properties": {
        "financeBusinessLoanApr": {
          "type": "number",
          "example": 4.1
        },
        "key": {
          "type": "string",
          "example": "RB_9",
          "description": "Risk band key."
        },
        "loanStatus": {
          "type": "string",
          "example": "ACCEPT"
        },
        "mifAffordabilityInfo": {
          "type": "array",
          "items": {
            "$ref": "#/definitions/MifAffordabilityInfoClient"
          }
        },
        "mifDailyRate": {
          "type": "number",
          "example": 0.006,
          "description": "Daily rate of the customer.No of decimal points = 3.No of decimal points may vary with the meta data table."
        },
        "mlScore": {
          "type": "number",
          "example": 0.05
        },
        "name": {
          "type": "string",
          "example": "Risk band 01",
          "description": "Risk band name."
        },
        "stressScalar": {
          "type": "number",
          "example": 1
        }
      },
      "title": "RiskBandRecordClient"
    }
  }
}
