{
  "swagger": "2.0",
  "info": {
    "description": "Credit Rating Service API used for handling Call Credit API services",
    "version": "1.0",
    "title": "Credit Rating Service API"
  },
  "host": "internal-api.prod.astoapp.co.uk",
  "basePath": "/credit-rating-service/",
  "tags": [
    {
      "name": "credit-rating-service-controller",
      "description": "Credit Rating Service Controller"
    }
  ],
  "paths": {
    "/callback/reprocess": {
      "post": {
        "tags": [
          "credit-rating-service-controller"
        ],
        "summary": "Credit rating service reprocess KYC",
        "operationId": "reprocessRequestUsingPOST",
        "consumes": [
          "application/json"
        ],
        "produces": [
          "application/json"
        ],
        "parameters": [
          {
            "in": "body",
            "name": "requestVo",
            "description": "Reprocess KYC Decision Input Body.",
            "required": false,
            "schema": {
              "$ref": "#/definitions/ServiceRequestResponseVO"
            }
          }
        ],
        "responses": {
          "200": {
            "description": "OK",
            "schema": {
              "$ref": "#/definitions/ReprocessResponse"
            }
          },
          "400": {
            "description": "Bad request",
            "schema": {
              "$ref": "#/definitions/HttpExceptionResponse"
            }
          },
          "401": {
            "description": "Unauthorized",
            "schema": {
              "$ref": "#/definitions/HttpExceptionResponse"
            }
          },
          "404": {
            "description": "Organisation not found",
            "schema": {
              "$ref": "#/definitions/HttpExceptionResponse"
            }
          },
          "500": {
            "description": "Internal server error",
            "schema": {
              "$ref": "#/definitions/HttpExceptionResponse"
            }
          }
        },
        "deprecated": false
      }
    },
    "/callcredit/applications": {
      "get": {
        "tags": [
          "credit-rating-service-controller"
        ],
        "summary": "Retrieve the credit application for the logged-in user",
        "operationId": "getCreditApplicationUsingGET",
        "produces": [
          "*/*"
        ],
        "responses": {
          "200": {
            "description": "OK",
            "schema": {
              "$ref": "#/definitions/CallCreditServiceRequest"
            }
          },
          "400": {
            "description": "Bad request",
            "schema": {
              "$ref": "#/definitions/HttpExceptionResponse"
            }
          },
          "401": {
            "description": "Unauthorized",
            "schema": {
              "$ref": "#/definitions/HttpExceptionResponse"
            }
          },
          "404": {
            "description": "Organisation not found",
            "schema": {
              "$ref": "#/definitions/HttpExceptionResponse"
            }
          },
          "500": {
            "description": "Internal server error",
            "schema": {
              "$ref": "#/definitions/HttpExceptionResponse"
            }
          }
        },
        "deprecated": false
      }
    },
    "/callcredit/companies/changehistory/{orgId}": {
      "get": {
        "tags": [
          "credit-rating-service-controller"
        ],
        "summary": "Get directors information history for given organisation identifier",
        "operationId": "getCompanyInfoHistoryUsingGET",
        "produces": [
          "*/*"
        ],
        "parameters": [
          {
            "name": "orgId",
            "in": "path",
            "description": "orgId",
            "required": true,
            "type": "string"
          }
        ],
        "responses": {
          "200": {
            "description": "OK",
            "schema": {
              "$ref": "#/definitions/CompanyHistoryResponse"
            }
          },
          "400": {
            "description": "Bad request",
            "schema": {
              "$ref": "#/definitions/HttpExceptionResponse"
            }
          },
          "401": {
            "description": "Unauthorized",
            "schema": {
              "$ref": "#/definitions/HttpExceptionResponse"
            }
          },
          "404": {
            "description": "Organisation not found",
            "schema": {
              "$ref": "#/definitions/HttpExceptionResponse"
            }
          },
          "500": {
            "description": "Internal server error",
            "schema": {
              "$ref": "#/definitions/HttpExceptionResponse"
            }
          }
        },
        "deprecated": false
      }
    },
    "/callcredit/companies/{orgId}": {
      "get": {
        "tags": [
          "credit-rating-service-controller"
        ],
        "summary": "Get directors information for given organisation identifier",
        "operationId": "getCompanyInfoUsingGET",
        "produces": [
          "*/*"
        ],
        "parameters": [
          {
            "name": "orgId",
            "in": "path",
            "description": "Organisation Id",
            "required": false,
            "type": "string"
          }
        ],
        "responses": {
          "200": {
            "description": "OK",
            "schema": {
              "$ref": "#/definitions/CallCreditServiceRequest"
            }
          },
          "400": {
            "description": "Bad request",
            "schema": {
              "$ref": "#/definitions/HttpExceptionResponse"
            }
          },
          "401": {
            "description": "Unauthorized",
            "schema": {
              "$ref": "#/definitions/HttpExceptionResponse"
            }
          },
          "404": {
            "description": "Organisation not found",
            "schema": {
              "$ref": "#/definitions/HttpExceptionResponse"
            }
          },
          "500": {
            "description": "Internal server error",
            "schema": {
              "$ref": "#/definitions/HttpExceptionResponse"
            }
          }
        },
        "deprecated": false
      }
    },
    "/callcredit/kybservicerequest": {
      "post": {
        "tags": [
          "credit-rating-service-controller"
        ],
        "summary": "Credit rating service KYB",
        "operationId": "kybRequestApiUsingPOST",
        "consumes": [
          "application/json"
        ],
        "produces": [
          "*/*"
        ],
        "parameters": [
          {
            "in": "body",
            "name": "kybServiceRequest",
            "description": "Call Credit Service KYB Request Input Body.",
            "required": false,
            "schema": {
              "$ref": "#/definitions/CallCreditServiceRequest"
            }
          }
        ],
        "responses": {
          "200": {
            "description": "OK",
            "schema": {
              "$ref": "#/definitions/CCAPIResponse"
            }
          },
          "400": {
            "description": "Bad request",
            "schema": {
              "$ref": "#/definitions/HttpExceptionResponse"
            }
          },
          "401": {
            "description": "Unauthorized",
            "schema": {
              "$ref": "#/definitions/HttpExceptionResponse"
            }
          },
          "404": {
            "description": "Organisation not found",
            "schema": {
              "$ref": "#/definitions/HttpExceptionResponse"
            }
          },
          "500": {
            "description": "Internal server error",
            "schema": {
              "$ref": "#/definitions/HttpExceptionResponse"
            }
          }
        },
        "deprecated": false
      }
    },
    "/callcredit/kycservicerequest": {
      "post": {
        "tags": [
          "credit-rating-service-controller"
        ],
        "summary": "Credit rating service KYC",
        "operationId": "kycRequestApiUsingPOST",
        "consumes": [
          "application/json"
        ],
        "produces": [
          "*/*"
        ],
        "parameters": [
          {
            "in": "body",
            "name": "kycServiceRequest",
            "description": "Call Credit Service KYC Request Input Body.",
            "required": false,
            "schema": {
              "$ref": "#/definitions/CallCreditServiceRequest"
            }
          }
        ],
        "responses": {
          "200": {
            "description": "OK",
            "schema": {
              "$ref": "#/definitions/CCAPIResponse"
            }
          },
          "400": {
            "description": "Bad request",
            "schema": {
              "$ref": "#/definitions/HttpExceptionResponse"
            }
          },
          "401": {
            "description": "Unauthorized",
            "schema": {
              "$ref": "#/definitions/HttpExceptionResponse"
            }
          },
          "404": {
            "description": "Organisation not found",
            "schema": {
              "$ref": "#/definitions/HttpExceptionResponse"
            }
          },
          "500": {
            "description": "Internal server error",
            "schema": {
              "$ref": "#/definitions/HttpExceptionResponse"
            }
          }
        },
        "deprecated": false
      }
    },
    "/internal/callcredit/shareholders/{orgId}": {
      "get": {
        "tags": [
          "credit-rating-service-controller"
        ],
        "summary": "Get shareholders information for a given organisation identifier ",
        "operationId": "getShareholdersUsingGET",
        "produces": [
          "*/*"
        ],
        "parameters": [
          {
            "name": "orgId",
            "in": "path",
            "description": "Organisation Id",
            "required": false,
            "type": "string"
          },
          {
            "name": "owner",
            "in": "query",
            "description": "owner",
            "required": false,
            "type": "string",
            "allowEmptyValue": false
          }
        ],
        "responses": {
          "200": {
            "description": "OK",
            "schema": {
              "$ref": "#/definitions/ShareholderResponse"
            }
          },
          "400": {
            "description": "Bad request",
            "schema": {
              "$ref": "#/definitions/HttpExceptionResponse"
            }
          },
          "401": {
            "description": "Unauthorized",
            "schema": {
              "$ref": "#/definitions/HttpExceptionResponse"
            }
          },
          "404": {
            "description": "Shareholder information not found",
            "schema": {
              "$ref": "#/definitions/HttpExceptionResponse"
            }
          },
          "500": {
            "description": "Internal server error",
            "schema": {
              "$ref": "#/definitions/HttpExceptionResponse"
            }
          }
        },
        "deprecated": false
      }
    }
  },
  "definitions": {
    "Address": {
      "type": "object",
      "properties": {
        "city": {
          "type": "string"
        },
        "country": {
          "type": "string"
        },
        "county": {
          "type": "string"
        },
        "house_number": {
          "type": "string"
        },
        "locality": {
          "type": "string"
        },
        "postcode": {
          "type": "string"
        },
        "street": {
          "type": "string"
        }
      },
      "title": "Address"
    },
    "Applicant": {
      "type": "object",
      "properties": {
        "address": {
          "$ref": "#/definitions/Address"
        },
        "applicantid": {
          "type": "string"
        },
        "blacklisted": {
          "type": "string"
        },
        "devicefingerprint": {
          "type": "string"
        },
        "director": {
          "type": "boolean"
        },
        "dob": {
          "type": "string",
          "example": "1970-01-01"
        },
        "dobMonth": {
          "type": "integer",
          "format": "int32"
        },
        "dobYear": {
          "type": "integer",
          "format": "int32"
        },
        "email": {
          "type": "string",
          "example": "string@test.com"
        },
        "forename": {
          "type": "string"
        },
        "fullname": {
          "type": "string"
        },
        "gender": {
          "type": "string"
        },
        "mobileno": {
          "type": "string",
          "example": 447514193197
        },
        "nationality": {
          "type": "array",
          "items": {
            "type": "string"
          }
        },
        "owner": {
          "type": "string"
        },
        "secondname": {
          "type": "string"
        },
        "shareholdingpercentage": {
          "type": "string"
        },
        "surname": {
          "type": "string"
        },
        "title": {
          "type": "string"
        }
      },
      "title": "Applicant"
    },
    "CCAPIResponse": {
      "type": "object",
      "properties": {
        "DuedilCompCC": {
          "type": "array",
          "items": {
            "$ref": "#/definitions/DuedilCompCC"
          }
        },
        "desision": {
          "$ref": "#/definitions/DecisionResponse"
        },
        "id": {
          "type": "string"
        },
        "policyRules": {
          "type": "array",
          "items": {
            "$ref": "#/definitions/PolicyRule"
          }
        },
        "type": {
          "type": "string"
        }
      },
      "title": "CCAPIResponse"
    },
    "CRAInformation": {
      "type": "object",
      "properties": {
        "DB_CCVAL1_Error_Text": {
          "type": "string"
        },
        "DB_CCVAL1_Ref_Num": {
          "type": "string"
        },
        "DB_CCVAL1_Return_Code": {
          "type": "string"
        },
        "DB_CCVAL2_Error_Text": {
          "type": "string"
        },
        "DB_CCVAL2_Ref_Num": {
          "type": "string"
        },
        "DB_CCVAL2_Return_Code": {
          "type": "string"
        },
        "DB_CCVAL3_Error_Text": {
          "type": "string"
        },
        "DB_CCVAL3_Ref_Num": {
          "type": "string"
        },
        "DB_CCVAL3_Return_Code": {
          "type": "string"
        },
        "DB_CCVAL4_Error_Text": {
          "type": "string"
        },
        "DB_CCVAL4_Ref_Num": {
          "type": "string"
        },
        "DB_CCVAL4_Return_Code": {
          "type": "string"
        },
        "DB_DuedilCompCC_Error_Text": {
          "type": "string"
        },
        "DB_DuedilCompCC_Ref_Num": {
          "type": "string"
        },
        "DB_DuedilCompCC_Return_Code": {
          "type": "string"
        },
        "DB_DuedilPASBS_Error_Text": {
          "type": "string"
        },
        "DB_DuedilPASBS_Ref_Num": {
          "type": "string"
        },
        "DB_DuedilPASBS_Return_Code": {
          "type": "string"
        },
        "DB_EQUBIQ_Error_Text": {
          "type": "string"
        },
        "DB_EQUBIQ_Ref_Num": {
          "type": "string"
        },
        "DB_EQUBIQ_Return_Code": {
          "type": "string"
        },
        "DB_MachineLearning_Error_Text": {
          "type": "string"
        },
        "DB_MachineLearning_Ref_Num": {
          "type": "string"
        },
        "DB_MachineLearning_Return_Code": {
          "type": "string"
        },
        "DB_UpdateWS_Error_Text": {
          "type": "string"
        },
        "DB_UpdateWS_Ref_Num": {
          "type": "string"
        },
        "DB_UpdateWS_Return_Code": {
          "type": "string"
        }
      },
      "title": "CRAInformation"
    },
    "CV": {
      "type": "object",
      "properties": {
        "@c": {
          "type": "string"
        },
        "@t": {
          "type": "string"
        },
        "@v": {
          "type": "string"
        }
      },
      "title": "CV"
    },
    "CallCreditServiceRequest": {
      "type": "object",
      "properties": {
        "address": {
          "$ref": "#/definitions/Address"
        },
        "applicants": {
          "type": "array",
          "items": {
            "$ref": "#/definitions/Applicant"
          }
        },
        "hasChangeHistory": {
          "type": "string"
        },
        "id": {
          "type": "string"
        },
        "sicCodes": {
          "type": "array",
          "items": {
            "type": "string"
          }
        },
        "type": {
          "type": "string"
        }
      },
      "title": "CallCreditServiceRequest"
    },
    "CallcreditVAL1_": {
      "type": "object",
      "properties": {
        "Start": {
          "type": "string"
        },
        "Stop": {
          "type": "string"
        }
      },
      "title": "CallcreditVAL1_"
    },
    "CallcreditVAL2_": {
      "type": "object",
      "properties": {
        "Start": {
          "type": "string"
        },
        "Stop": {
          "type": "string"
        }
      },
      "title": "CallcreditVAL2_"
    },
    "CallcreditVAL3_": {
      "type": "object",
      "properties": {
        "Start": {
          "type": "string"
        },
        "Stop": {
          "type": "string"
        }
      },
      "title": "CallcreditVAL3_"
    },
    "CallcreditVAL4_": {
      "type": "object",
      "properties": {
        "Start": {
          "type": "string"
        },
        "Stop": {
          "type": "string"
        }
      },
      "title": "CallcreditVAL4_"
    },
    "Changehistory": {
      "type": "object",
      "properties": {
        "applicants": {
          "type": "array",
          "items": {
            "$ref": "#/definitions/Applicant"
          }
        },
        "lastUpdatedDate": {
          "type": "string"
        },
        "version": {
          "type": "integer",
          "format": "int32"
        }
      },
      "title": "Changehistory"
    },
    "CodedValueBlock": {
      "type": "object",
      "properties": {
        "CV": {
          "type": "array",
          "items": {
            "$ref": "#/definitions/CV"
          }
        }
      },
      "title": "CodedValueBlock"
    },
    "CompanyHistoryResponse": {
      "type": "object",
      "properties": {
        "changehistory": {
          "type": "array",
          "items": {
            "$ref": "#/definitions/Changehistory"
          }
        },
        "id": {
          "type": "string"
        },
        "type": {
          "type": "string"
        }
      },
      "title": "CompanyHistoryResponse"
    },
    "Control": {
      "type": "object",
      "properties": {
        "aml_account_number": {
          "type": "string"
        },
        "application_id": {
          "type": "string"
        },
        "authplus_account_number": {
          "type": "string"
        },
        "callcredit_account_number": {
          "type": "string"
        },
        "callcredit_reference": {
          "type": "string"
        },
        "callvalidate_account_number": {
          "type": "string"
        },
        "client_application_id": {
          "type": "string"
        },
        "client_id": {
          "type": "string"
        },
        "client_reference": {
          "type": "string"
        },
        "detect_account_number": {
          "type": "string"
        },
        "epa_account_number": {
          "type": "string"
        },
        "equifax_QCE_block": {
          "type": "string"
        },
        "equifax_account_number": {
          "type": "string"
        },
        "equifax_reference": {
          "type": "string"
        },
        "experian_account_number": {
          "type": "string"
        },
        "experian_reference_number": {
          "type": "string"
        },
        "fsi_account_number": {
          "type": "string"
        },
        "hho": {
          "type": "string"
        },
        "linkID": {
          "type": "string"
        },
        "ml_account_number": {
          "type": "string"
        },
        "mm_resolve": {
          "type": "string"
        },
        "opt_out_flag": {
          "type": "string"
        },
        "previousSearchGUID": {
          "type": "string"
        },
        "reprocessflag": {
          "type": "string"
        },
        "request_type": {
          "type": "string"
        },
        "search_type": {
          "type": "string"
        },
        "tac_account_number": {
          "type": "string"
        },
        "usage_flag": {
          "type": "string"
        }
      },
      "title": "Control"
    },
    "DBSystem_": {
      "type": "object",
      "properties": {
        "Start": {
          "type": "string"
        },
        "Stop": {
          "type": "string"
        }
      },
      "title": "DBSystem_"
    },
    "DMSB": {
      "type": "object",
      "properties": {
        "CRA_Information": {
          "$ref": "#/definitions/CRAInformation"
        },
        "DB_Bur_Called_Code": {
          "type": "string"
        },
        "DB_Bur_History": {
          "type": "string"
        },
        "DB_Bur_Status_Code": {
          "type": "string"
        },
        "DB_Error_Text": {
          "type": "string"
        },
        "DB_Return_Code": {
          "type": "string"
        }
      },
      "title": "DMSB"
    },
    "Decision": {
      "type": "object",
      "properties": {
        "applicants": {
          "type": "array",
          "items": {
            "$ref": "#/definitions/KycApplicant"
          }
        },
        "creditLimit": {
          "type": "string"
        },
        "finalDecision": {
          "type": "string"
        },
        "kycOfficers": {
          "type": "array",
          "items": {
            "$ref": "#/definitions/KycOfficer"
          }
        },
        "kycShareholders": {
          "type": "array",
          "items": {
            "$ref": "#/definitions/KycShareholder"
          }
        },
        "possibleMatchesLimitExceeded": {
          "type": "string"
        },
        "price": {
          "type": "string"
        }
      },
      "title": "Decision"
    },
    "DecisionResponse": {
      "type": "object",
      "properties": {
        "creditLimit": {
          "type": "number",
          "format": "double"
        },
        "finalDecision": {
          "type": "string"
        },
        "kycOfficers": {
          "type": "array",
          "items": {
            "$ref": "#/definitions/KycOfficerResponse"
          }
        },
        "possibleMatchesLimitExceeded": {
          "type": "string"
        },
        "price": {
          "type": "string"
        }
      },
      "title": "DecisionResponse"
    },
    "DsResponse": {
      "type": "object",
      "properties": {
        "Control": {
          "$ref": "#/definitions/Control"
        },
        "dmsb": {
          "$ref": "#/definitions/DMSB"
        },
        "decision": {
          "$ref": "#/definitions/Decision"
        },
        "policyRules": {
          "type": "array",
          "items": {
            "$ref": "#/definitions/PolicyRule"
          }
        },
        "duedilCompCC": {
          "$ref": "#/definitions/DuedilCompCC"
        },
        "Times": {
          "$ref": "#/definitions/Times"
        },
        "DMSB": {
          "$ref": "#/definitions/DMSB"
        },
        "Input": {
          "$ref": "#/definitions/Input"
        },
        "MachineLearning": {
          "$ref": "#/definitions/MachineLearning"
        }
      },
      "title": "DsResponse"
    },
    "DuedilCompCC": {
      "type": "object",
      "properties": {
        "officers": {
          "type": "array",
          "items": {
            "$ref": "#/definitions/Officer"
          }
        },
        "personsOfSignificantControl": {
          "type": "array",
          "items": {
            "$ref": "#/definitions/PersonOfSignificantControl"
          }
        },
        "shareholdersGreaterOrEqualTenPercent": {
          "type": "array",
          "items": {
            "$ref": "#/definitions/ShareHolderGreaterOrEqToTenPercnt"
          }
        }
      },
      "title": "DuedilCompCC"
    },
    "DuedilCompCC_": {
      "type": "object",
      "properties": {
        "Start": {
          "type": "string"
        },
        "Stop": {
          "type": "string"
        }
      },
      "title": "DuedilCompCC_"
    },
    "DuedilPASBS_": {
      "type": "object",
      "properties": {
        "Start": {
          "type": "string"
        },
        "Stop": {
          "type": "string"
        }
      },
      "title": "DuedilPASBS_"
    },
    "EquifaxBI_": {
      "type": "object",
      "properties": {
        "Start": {
          "type": "string"
        },
        "Stop": {
          "type": "string"
        }
      },
      "title": "EquifaxBI_"
    },
    "HttpExceptionResponse": {
      "type": "object",
      "properties": {
        "errors": {
          "type": "array",
          "items": {
            "type": "string"
          }
        },
        "message": {
          "type": "string"
        }
      },
      "title": "HttpExceptionResponse"
    },
    "Input": {
      "type": "object",
      "properties": {
        "CodedValueBlock": {
          "$ref": "#/definitions/CodedValueBlock"
        }
      },
      "title": "Input"
    },
    "KycApplicant": {
      "type": "object",
      "properties": {
        "appCreditScoreFlag": {
          "type": "string"
        },
        "appDobMonth": {
          "type": "string"
        },
        "appDobYear": {
          "type": "string"
        },
        "appForename": {
          "type": "string"
        },
        "appMiddleName": {
          "type": "string"
        },
        "appNationalityCountryCode": {
          "type": "string"
        },
        "appSurname": {
          "type": "string"
        },
        "appTile": {
          "type": "string"
        },
        "applicantNumber": {
          "type": "integer",
          "format": "int32"
        },
        "kycAppFlag": {
          "type": "string"
        }
      },
      "title": "KycApplicant"
    },
    "KycOfficer": {
      "type": "object",
      "properties": {
        "applicantNumber": {
          "type": "integer",
          "format": "int32"
        },
        "kycOfficerAddress": {
          "type": "string"
        },
        "kycOfficerDobMonth": {
          "type": "string"
        },
        "kycOfficerDobYear": {
          "type": "string"
        },
        "kycOfficerForename": {
          "type": "string"
        },
        "kycOfficerMiddleName": {
          "type": "string"
        },
        "kycOfficerNationalityCountryCode": {
          "type": "string"
        },
        "kycOfficerSurname": {
          "type": "string"
        },
        "kycOfficerTile": {
          "type": "string"
        },
        "kycOfficerTotalShareholdingPercentage": {
          "type": "string"
        }
      },
      "title": "KycOfficer"
    },
    "KycOfficerResponse": {
      "type": "object",
      "properties": {
        "address": {
          "$ref": "#/definitions/Address"
        },
        "applicantNumber": {
          "type": "integer",
          "format": "int32"
        },
        "director": {
          "type": "boolean"
        },
        "kycOfficerAddress": {
          "type": "string"
        },
        "kycOfficerDobMonth": {
          "type": "integer",
          "format": "int32"
        },
        "kycOfficerDobYear": {
          "type": "integer",
          "format": "int32"
        },
        "kycOfficerForename": {
          "type": "string"
        },
        "kycOfficerMiddleName": {
          "type": "string"
        },
        "kycOfficerNationalityCountryCode": {
          "type": "string"
        },
        "kycOfficerSurname": {
          "type": "string"
        },
        "kycOfficerTitle": {
          "type": "string"
        },
        "kycOfficerTotalShareholdingPercentage": {
          "type": "number",
          "format": "double"
        }
      },
      "title": "KycOfficerResponse"
    },
    "KycShareholder": {
      "type": "object",
      "properties": {
        "kycShareholderEntityName": {
          "type": "string"
        }
      },
      "title": "KycShareholder"
    },
    "MachineLearning": {
      "type": "object",
      "properties": {
        "cl2MlScore2": {
          "type": "string"
        },
        "cl2FinanceLimit1": {
          "type": "string"
        }
      },
      "title": "MachineLearning"
    },
    "MachineLearning_": {
      "type": "object",
      "properties": {
        "Start": {
          "type": "string"
        },
        "Stop": {
          "type": "string"
        }
      },
      "title": "MachineLearning_"
    },
    "Nationality": {
      "type": "object",
      "properties": {
        "countryCode": {
          "type": "string"
        },
        "demonym": {
          "type": "string"
        }
      },
      "title": "Nationality"
    },
    "Officer": {
      "type": "object",
      "properties": {
        "appointments_officialRole": {
          "type": "string"
        },
        "appointments_serviceAddress_fullAddress": {
          "type": "string"
        },
        "nationality": {
          "$ref": "#/definitions/Nationality"
        },
        "person_firstName": {
          "type": "string"
        },
        "person_lastName": {
          "type": "string"
        },
        "person_middleName": {
          "type": "string"
        },
        "structuredAddress": {
          "$ref": "#/definitions/StructuredAddress"
        }
      },
      "title": "Officer"
    },
    "PersonOfSignificantControl": {
      "type": "object",
      "properties": {
        "isShareholder": {
          "type": "boolean"
        },
        "person_dateOfBirth_month": {
          "type": "string"
        },
        "person_dateOfBirth_year": {
          "type": "string"
        },
        "person_nationalities_code": {
          "type": "string"
        },
        "person_serviceAddress_fullAddress": {
          "type": "string"
        },
        "person_sourceName": {
          "type": "string"
        },
        "shareholder": {
          "type": "boolean"
        }
      },
      "title": "PersonOfSignificantControl"
    },
    "PolicyRule": {
      "type": "object",
      "properties": {
        "PR_Duedil_FinCrime_Description": {
          "type": "string"
        },
        "PR_Duedil_FinCrime_Priority": {
          "type": "integer",
          "format": "int32"
        },
        "PR_Duedil_FinCrime_ReasonCode": {
          "type": "string"
        },
        "Rule_Id": {
          "type": "string"
        }
      },
      "title": "PolicyRule"
    },
    "ReprocessResponse": {
      "type": "object",
      "properties": {
        "id": {
          "type": "string"
        },
        "successCode": {
          "type": "string"
        },
        "successMessage": {
          "type": "string"
        },
        "type": {
          "type": "string"
        }
      },
      "title": "ReprocessResponse"
    },
    "ServiceRequestResponseVO": {
      "type": "object",
      "properties": {
        "ds_response": {
          "$ref": "#/definitions/DsResponse"
        }
      },
      "title": "ServiceRequestResponseVO"
    },
    "ShareHolderGreaterOrEqToTenPercnt": {
      "type": "object",
      "properties": {
        "exactMatches_person_firstName": {
          "type": "string"
        },
        "exactMatches_person_lastName": {
          "type": "string"
        },
        "exactMatches_person_middleName": {
          "type": "string"
        },
        "exactMatches_person_officerId": {
          "type": "string"
        },
        "sourceName": {
          "type": "string"
        },
        "totalShareholdingPercentage": {
          "type": "string"
        }
      },
      "title": "ShareHolderGreaterOrEqToTenPercnt"
    },
    "ShareholderResponse": {
      "type": "object",
      "properties": {
        "id": {
          "type": "string"
        },
        "shareholders": {
          "type": "array",
          "items": {
            "$ref": "#/definitions/Applicant"
          }
        },
        "type": {
          "type": "string"
        }
      },
      "title": "ShareholderResponse"
    },
    "StructuredAddress": {
      "type": "object",
      "properties": {
        "countryCode": {
          "type": "string"
        },
        "county": {
          "type": "string"
        },
        "dependentLocality": {
          "type": "string"
        },
        "postTown": {
          "type": "string"
        },
        "postcode": {
          "type": "string"
        },
        "premises": {
          "type": "string"
        },
        "thoroughfare": {
          "type": "string"
        }
      },
      "title": "StructuredAddress"
    },
    "Times": {
      "type": "object",
      "properties": {
        "CallcreditVAL1": {
          "$ref": "#/definitions/CallcreditVAL1_"
        },
        "CallcreditVAL2": {
          "$ref": "#/definitions/CallcreditVAL2_"
        },
        "CallcreditVAL3": {
          "$ref": "#/definitions/CallcreditVAL3_"
        },
        "CallcreditVAL4": {
          "$ref": "#/definitions/CallcreditVAL4_"
        },
        "DB_System": {
          "$ref": "#/definitions/DBSystem_"
        },
        "DuedilCompCC": {
          "$ref": "#/definitions/DuedilCompCC_"
        },
        "DuedilPASBS": {
          "$ref": "#/definitions/DuedilPASBS_"
        },
        "EquifaxBI": {
          "$ref": "#/definitions/EquifaxBI_"
        },
        "MachineLearning": {
          "$ref": "#/definitions/MachineLearning_"
        },
        "UpdateWS": {
          "$ref": "#/definitions/UpdateWS_"
        }
      },
      "title": "Times"
    },
    "UpdateWS_": {
      "type": "object",
      "properties": {
        "Start": {
          "type": "string"
        },
        "Stop": {
          "type": "string"
        }
      },
      "title": "UpdateWS_"
    }
  }
}
