{
  "swagger": "2.0",
  "info": {
    "description": "The Credit Affordability API is used to allocate lending levels based on the credit mlScore.",
    "version": "1.0",
    "title": "Credit Affordability API"
  },
  "host": "internal-api.prod.astoapp.co.uk",
  "basePath": "/credit-affordability-service/",
  "tags": [
    {
      "name": "credit-affordability-controller",
      "description": "Credit Affordability Controller"
    }
  ],
  "paths": {
    "/calculate": {
      "post": {
        "tags": [
          "credit-affordability-controller"
        ],
        "summary": "Get risk band and calculate affordability amount",
        "operationId": "calculateUsingPOST",
        "consumes": [
          "application/json"
        ],
        "produces": [
          "*/*"
        ],
        "parameters": [
          {
            "in": "body",
            "name": "data",
            "description": "data",
            "required": true,
            "schema": {
              "$ref": "#/definitions/AffordabilityRequest"
            }
          }
        ],
        "responses": {
          "200": {
            "description": "OK",
            "schema": {
              "$ref": "#/definitions/AffordabilityResponse"
            }
          },
          "400": {
            "description": "Bad request",
            "schema": {
              "$ref": "#/definitions/HttpExceptionResponse"
            }
          },
          "401": {
            "description": "Unauthorized",
            "schema": {
              "$ref": "#/definitions/HttpExceptionResponse"
            }
          },
          "500": {
            "description": "Internal server error",
            "schema": {
              "$ref": "#/definitions/HttpExceptionResponse"
            }
          }
        },
        "deprecated": false
      }
    },
    "/riskband": {
      "get": {
        "tags": [
          "credit-affordability-controller"
        ],
        "summary": "Get list of Riskbands defined in the system",
        "operationId": "getRiskBandsUsingGET",
        "produces": [
          "*/*"
        ],
        "parameters": [
          {
            "name": "name",
            "in": "query",
            "description": "name",
            "required": false,
            "type": "string"
          }
        ],
        "responses": {
          "200": {
            "description": "OK",
            "schema": {
              "$ref": "#/definitions/RiskBands"
            }
          },
          "400": {
            "description": "Bad request",
            "schema": {
              "$ref": "#/definitions/HttpExceptionResponse"
            }
          },
          "401": {
            "description": "Unauthorized",
            "schema": {
              "$ref": "#/definitions/HttpExceptionResponse"
            }
          },
          "500": {
            "description": "Internal server error",
            "schema": {
              "$ref": "#/definitions/HttpExceptionResponse"
            }
          }
        },
        "deprecated": false
      }
    }
  },
  "definitions": {
    "AffordabilityRequest": {
      "type": "object",
      "properties": {
        "averageAnnualTurnover": {
          "type": "number"
        },
        "businessType": {
          "type": "string",
          "enum": [
            "SOLE_TRADER",
            "LTD_COMPANY"
          ]
        },
        "costsAndExpenses": {
          "type": "number"
        },
        "currentUnsecuredExposure": {
          "type": "string"
        },
        "probabilityOfDefaultScore": {
          "type": "number"
        }
      },
      "title": "AffordabilityRequest"
    },
    "AffordabilityResponse": {
      "type": "object",
      "properties": {
        "lendingAPR": {
          "type": "number"
        },
        "lendingAffordabilityAmount": {
          "type": "number"
        },
        "loanStatus": {
          "type": "string",
          "enum": [
            "ACCEPT",
            "DECLINE"
          ]
        },
        "mifAffordabilityAmount": {
          "type": "number"
        },
        "mifDailyRate": {
          "type": "number"
        },
        "riskBand": {
          "type": "string"
        }
      },
      "title": "AffordabilityResponse"
    },
    "HttpExceptionResponse": {
      "type": "object",
      "properties": {
        "errors": {
          "type": "array",
          "items": {
            "type": "string"
          }
        },
        "message": {
          "type": "string"
        }
      },
      "title": "HttpExceptionResponse"
    },
    "MIFAffordabilityInfo": {
      "type": "object",
      "properties": {
        "amountCapped": {
          "type": "number"
        },
        "businessType": {
          "type": "string",
          "enum": [
            "SOLE_TRADER",
            "LTD_COMPANY"
          ]
        },
        "maxLimitTurnover": {
          "type": "number"
        }
      },
      "title": "MIFAffordabilityInfo"
    },
    "RiskBand": {
      "type": "object",
      "properties": {
        "ccAFR": {
          "type": "number"
        },
        "fblAPR": {
          "type": "number"
        },
        "key": {
          "type": "string"
        },
        "lcMlScore": {
          "type": "number"
        },
        "loanStatus": {
          "type": "string",
          "enum": [
            "ACCEPT",
            "DECLINE"
          ]
        },
        "mifAffordabilityInfo": {
          "type": "array",
          "items": {
            "$ref": "#/definitions/MIFAffordabilityInfo"
          }
        },
        "mifDFR": {
          "type": "number"
        },
        "mlScore": {
          "type": "number"
        },
        "name": {
          "type": "string"
        },
        "stMlScore": {
          "type": "number"
        },
        "stressScalar": {
          "type": "number"
        }
      },
      "title": "RiskBand"
    },
    "RiskBands": {
      "type": "object",
      "properties": {
        "data": {
          "type": "array",
          "items": {
            "$ref": "#/definitions/RiskBand"
          }
        }
      },
      "title": "RiskBands"
    }
  }
}
