{
  "swagger": "2.0",
  "info": {
    "description": "The Document Storage API is used to create and retrieve documents",
    "version": "1.0",
    "title": "Document Storage API"
  },
  "host": "internal-api.prod.astoapp.co.uk",
  "basePath": "/document-storage-service/",
  "tags": [
    {
      "name": "document-storage-controller",
      "description": "Document Storage Controller"
    }
  ],
  "paths": {
    "/documents": {
      "post": {
        "tags": [
          "document-storage-controller"
        ],
        "summary": "Create document and associated metadata",
        "operationId": "storeDocumentUsingPOST",
        "consumes": [
          "multipart/form-data"
        ],
        "produces": [
          "*/*"
        ],
        "parameters": [
          {
            "in": "formData",
            "name": "accountId",
            "description": "accountId",
            "required": true,
            "schema": {
              "type": "string"
            }
          },
          {
            "name": "document",
            "in": "formData",
            "description": "document",
            "required": true,
            "type": "file"
          },
          {
            "in": "formData",
            "name": "orgId",
            "description": "orgId",
            "required": true,
            "schema": {
              "type": "string"
            }
          }
        ],
        "responses": {
          "200": {
            "description": "OK",
            "schema": {
              "$ref": "#/definitions/DocumentMetadata"
            }
          },
          "400": {
            "description": "Bad Request",
            "schema": {
              "$ref": "#/definitions/HttpExceptionResponse"
            }
          },
          "401": {
            "description": "Unauthorized",
            "schema": {
              "$ref": "#/definitions/HttpExceptionResponse"
            }
          },
          "500": {
            "description": "Internal server error",
            "schema": {
              "$ref": "#/definitions/HttpExceptionResponse"
            }
          }
        },
        "deprecated": false
      }
    },
    "/documents/metadata": {
      "get": {
        "tags": [
          "document-storage-controller"
        ],
        "summary": "Get all metadata for a given account id and org id pair",
        "operationId": "getUserMetadataUsingGET",
        "produces": [
          "*/*"
        ],
        "parameters": [
          {
            "name": "accountId",
            "in": "query",
            "description": "accountId",
            "required": true,
            "type": "string"
          },
          {
            "name": "orgId",
            "in": "query",
            "description": "orgId",
            "required": true,
            "type": "string"
          }
        ],
        "responses": {
          "200": {
            "description": "OK",
            "schema": {
              "type": "array",
              "items": {
                "$ref": "#/definitions/DocumentMetadata"
              }
            }
          },
          "400": {
            "description": "Bad Request",
            "schema": {
              "$ref": "#/definitions/HttpExceptionResponse"
            }
          },
          "401": {
            "description": "Unauthorized",
            "schema": {
              "$ref": "#/definitions/HttpExceptionResponse"
            }
          },
          "404": {
            "description": "Not Found",
            "schema": {
              "$ref": "#/definitions/HttpExceptionResponse"
            }
          },
          "500": {
            "description": "Internal server error",
            "schema": {
              "$ref": "#/definitions/HttpExceptionResponse"
            }
          }
        },
        "deprecated": false
      }
    },
    "/documents/{id}": {
      "get": {
        "tags": [
          "document-storage-controller"
        ],
        "summary": "Get the binary data for the latest version of a specified document",
        "operationId": "getDocumentUsingGET_1",
        "produces": [
          "*/*"
        ],
        "parameters": [
          {
            "name": "accountId",
            "in": "query",
            "description": "accountId",
            "required": true,
            "type": "string"
          },
          {
            "name": "id",
            "in": "path",
            "description": "id",
            "required": true,
            "type": "string"
          },
          {
            "name": "orgId",
            "in": "query",
            "description": "orgId",
            "required": true,
            "type": "string"
          }
        ],
        "responses": {
          "200": {
            "description": "OK",
            "schema": {
              "type": "string",
              "format": "byte"
            }
          },
          "400": {
            "description": "Bad Request",
            "schema": {
              "$ref": "#/definitions/HttpExceptionResponse"
            }
          },
          "401": {
            "description": "Unauthorized",
            "schema": {
              "$ref": "#/definitions/HttpExceptionResponse"
            }
          },
          "404": {
            "description": "Not Found",
            "schema": {
              "$ref": "#/definitions/HttpExceptionResponse"
            }
          },
          "500": {
            "description": "Internal server error",
            "schema": {
              "$ref": "#/definitions/HttpExceptionResponse"
            }
          }
        },
        "deprecated": false
      },
      "put": {
        "tags": [
          "document-storage-controller"
        ],
        "summary": "Create a new version of a document and update the relevant metadata",
        "operationId": "updateDocumentUsingPUT",
        "consumes": [
          "multipart/form-data"
        ],
        "produces": [
          "*/*"
        ],
        "parameters": [
          {
            "name": "accountId",
            "in": "query",
            "description": "accountId",
            "required": true,
            "type": "string"
          },
          {
            "name": "document",
            "in": "formData",
            "description": "document",
            "required": true,
            "type": "file"
          },
          {
            "name": "id",
            "in": "path",
            "description": "id",
            "required": true,
            "type": "string"
          },
          {
            "name": "orgId",
            "in": "query",
            "description": "orgId",
            "required": true,
            "type": "string"
          }
        ],
        "responses": {
          "200": {
            "description": "OK",
            "schema": {
              "$ref": "#/definitions/DocumentMetadata"
            }
          },
          "400": {
            "description": "Bad Request",
            "schema": {
              "$ref": "#/definitions/HttpExceptionResponse"
            }
          },
          "401": {
            "description": "Unauthorized",
            "schema": {
              "$ref": "#/definitions/HttpExceptionResponse"
            }
          },
          "404": {
            "description": "Not Found",
            "schema": {
              "$ref": "#/definitions/HttpExceptionResponse"
            }
          },
          "500": {
            "description": "Internal server error",
            "schema": {
              "$ref": "#/definitions/HttpExceptionResponse"
            }
          }
        },
        "deprecated": false
      },
      "delete": {
        "tags": [
          "document-storage-controller"
        ],
        "summary": "Delete a document and associated metadata",
        "operationId": "deleteDocumentUsingDELETE",
        "produces": [
          "*/*"
        ],
        "parameters": [
          {
            "name": "accountId",
            "in": "query",
            "description": "accountId",
            "required": true,
            "type": "string"
          },
          {
            "name": "id",
            "in": "path",
            "description": "id",
            "required": true,
            "type": "string"
          },
          {
            "name": "orgId",
            "in": "query",
            "description": "orgId",
            "required": true,
            "type": "string"
          }
        ],
        "responses": {
          "204": {
            "description": "No Content"
          },
          "400": {
            "description": "Bad Request",
            "schema": {
              "$ref": "#/definitions/HttpExceptionResponse"
            }
          },
          "401": {
            "description": "Unauthorized",
            "schema": {
              "$ref": "#/definitions/HttpExceptionResponse"
            }
          },
          "404": {
            "description": "Not Found",
            "schema": {
              "$ref": "#/definitions/HttpExceptionResponse"
            }
          },
          "500": {
            "description": "Internal server error",
            "schema": {
              "$ref": "#/definitions/HttpExceptionResponse"
            }
          }
        },
        "deprecated": false
      }
    },
    "/documents/{id}/metadata": {
      "get": {
        "tags": [
          "document-storage-controller"
        ],
        "summary": "Get metadata for the latest version of a specified document",
        "operationId": "getDocumentMetadataUsingGET",
        "produces": [
          "*/*"
        ],
        "parameters": [
          {
            "name": "accountId",
            "in": "query",
            "description": "accountId",
            "required": true,
            "type": "string"
          },
          {
            "name": "id",
            "in": "path",
            "description": "id",
            "required": true,
            "type": "string"
          },
          {
            "name": "orgId",
            "in": "query",
            "description": "orgId",
            "required": true,
            "type": "string"
          }
        ],
        "responses": {
          "200": {
            "description": "OK",
            "schema": {
              "$ref": "#/definitions/DocumentMetadata"
            }
          },
          "400": {
            "description": "Bad Request",
            "schema": {
              "$ref": "#/definitions/HttpExceptionResponse"
            }
          },
          "401": {
            "description": "Unauthorized",
            "schema": {
              "$ref": "#/definitions/HttpExceptionResponse"
            }
          },
          "404": {
            "description": "Not Found",
            "schema": {
              "$ref": "#/definitions/HttpExceptionResponse"
            }
          },
          "500": {
            "description": "Internal server error",
            "schema": {
              "$ref": "#/definitions/HttpExceptionResponse"
            }
          }
        },
        "deprecated": false
      }
    },
    "/documents/{id}/{version}": {
      "get": {
        "tags": [
          "document-storage-controller"
        ],
        "summary": "Get the binary data for a specific version of a specific document",
        "operationId": "getDocumentUsingGET",
        "produces": [
          "*/*"
        ],
        "parameters": [
          {
            "name": "accountId",
            "in": "query",
            "description": "accountId",
            "required": true,
            "type": "string"
          },
          {
            "name": "id",
            "in": "path",
            "description": "id",
            "required": true,
            "type": "string"
          },
          {
            "name": "orgId",
            "in": "query",
            "description": "orgId",
            "required": true,
            "type": "string"
          },
          {
            "name": "version",
            "in": "path",
            "description": "version",
            "required": true,
            "type": "integer",
            "format": "int32"
          }
        ],
        "responses": {
          "200": {
            "description": "OK",
            "schema": {
              "type": "string",
              "format": "byte"
            }
          },
          "400": {
            "description": "Bad Request",
            "schema": {
              "$ref": "#/definitions/HttpExceptionResponse"
            }
          },
          "401": {
            "description": "Unauthorized",
            "schema": {
              "$ref": "#/definitions/HttpExceptionResponse"
            }
          },
          "404": {
            "description": "Not Found",
            "schema": {
              "$ref": "#/definitions/HttpExceptionResponse"
            }
          },
          "500": {
            "description": "Internal server error",
            "schema": {
              "$ref": "#/definitions/HttpExceptionResponse"
            }
          }
        },
        "deprecated": false
      }
    },
    "/documents/{id}/{version}/metadata": {
      "get": {
        "tags": [
          "document-storage-controller"
        ],
        "summary": "Get metadata for a specific version of a specific document",
        "operationId": "getDocumentMetadataUsingGET_1",
        "produces": [
          "*/*"
        ],
        "parameters": [
          {
            "name": "accountId",
            "in": "query",
            "description": "accountId",
            "required": true,
            "type": "string"
          },
          {
            "name": "id",
            "in": "path",
            "description": "id",
            "required": true,
            "type": "string"
          },
          {
            "name": "orgId",
            "in": "query",
            "description": "orgId",
            "required": true,
            "type": "string"
          },
          {
            "name": "version",
            "in": "path",
            "description": "version",
            "required": true,
            "type": "integer",
            "format": "int32"
          }
        ],
        "responses": {
          "200": {
            "description": "OK",
            "schema": {
              "$ref": "#/definitions/DocumentMetadata"
            }
          },
          "400": {
            "description": "Bad Request",
            "schema": {
              "$ref": "#/definitions/HttpExceptionResponse"
            }
          },
          "401": {
            "description": "Unauthorized",
            "schema": {
              "$ref": "#/definitions/HttpExceptionResponse"
            }
          },
          "404": {
            "description": "Not Found",
            "schema": {
              "$ref": "#/definitions/HttpExceptionResponse"
            }
          },
          "500": {
            "description": "Internal server error",
            "schema": {
              "$ref": "#/definitions/HttpExceptionResponse"
            }
          }
        },
        "deprecated": false
      }
    }
  },
  "definitions": {
    "DocumentMetadata": {
      "type": "object",
      "properties": {
        "accountId": {
          "type": "string"
        },
        "createdAt": {
          "type": "string",
          "format": "date-time"
        },
        "id": {
          "type": "string"
        },
        "orgId": {
          "type": "string"
        },
        "versions": {
          "type": "array",
          "items": {
            "$ref": "#/definitions/DocumentVersionMetadata"
          }
        }
      },
      "title": "DocumentMetadata"
    },
    "DocumentVersionMetadata": {
      "type": "object",
      "properties": {
        "createdAt": {
          "type": "string",
          "format": "date-time"
        },
        "fileName": {
          "type": "string"
        },
        "fileType": {
          "type": "string"
        },
        "id": {
          "type": "integer",
          "format": "int32"
        }
      },
      "title": "DocumentVersionMetadata"
    },
    "HttpExceptionResponse": {
      "type": "object",
      "properties": {
        "errors": {
          "type": "array",
          "items": {
            "type": "string"
          }
        },
        "message": {
          "type": "string"
        }
      },
      "title": "HttpExceptionResponse"
    }
  }
}
