{
  "swagger": "2.0",
  "info": {
    "description": "The Finance Drawdown Calculator API is used to manage account metadata",
    "version": "1.0",
    "title": "Finance Drawdown Calculator API"
  },
  "host": "internal-api.prod.astoapp.co.uk",
  "basePath": "/finance-drawdown-calculator/",
  "tags": [
    {
      "name": "finance-calculator-controller",
      "description": "Finance Calculator Controller"
    }
  ],
  "paths": {
    "/fees/invoice": {
      "get": {
        "tags": [
          "finance-calculator-controller"
        ],
        "summary": "Get finance fee",
        "operationId": "getAccountUsingGET",
        "produces": [
          "*/*"
        ],
        "parameters": [
          {
            "name": "customerDailyRate",
            "in": "query",
            "description": "customerDailyRate",
            "required": false,
            "type": "number"
          },
          {
            "name": "invoiceAmount",
            "in": "query",
            "description": "invoiceAmount",
            "required": false,
            "type": "number"
          },
          {
            "name": "invoiceDueDate",
            "in": "query",
            "description": "invoiceDueDate",
            "required": false,
            "type": "string"
          }
        ],
        "responses": {
          "200": {
            "description": "OK",
            "schema": {
              "$ref": "#/definitions/FinanceFeeResponseDto"
            }
          },
          "400": {
            "description": "Bad request",
            "schema": {
              "$ref": "#/definitions/HttpExceptionResponse"
            }
          },
          "500": {
            "description": "Internal server error",
            "schema": {
              "$ref": "#/definitions/HttpExceptionResponse"
            }
          }
        },
        "deprecated": false,
        "x-auth-type": "Application User",
        "x-throttling-tier": "Unlimited",
        "x-wso2-publish": "true"
      }
    }
  },
  "definitions": {
    "FinanceFeeResponseDto": {
      "type": "object",
      "properties": {
        "daysUntilDue": {
          "type": "integer",
          "format": "int32"
        },
        "disbursementAmount": {
          "type": "number"
        },
        "financeFee": {
          "type": "number"
        }
      },
      "title": "FinanceFeeResponseDto"
    },
    "HttpExceptionResponse": {
      "type": "object",
      "properties": {
        "errors": {
          "type": "array",
          "items": {
            "type": "string"
          }
        },
        "message": {
          "type": "string"
        }
      },
      "title": "HttpExceptionResponse"
    }
  }
}
