{
  "swagger": "2.0",
  "info": {
    "version": "v1.0",
    "title": "lending-document-service"
  },
  "host": "internal-api.prod.astoapp.co.uk",
  "basePath": "/lending-document-service/",
  "tags": [
    {
      "name": "lending-document-controller",
      "description": "Lending Document Controller"
    }
  ],
  "paths": {
    "/documents/{templateKey}": {
      "get": {
        "tags": [
          "lending-document-controller"
        ],
        "summary": "generateContent",
        "operationId": "generateContentUsingGET",
        "produces": [
          "*/*"
        ],
        "parameters": [
          {
            "name": "invoiceId",
            "in": "query",
            "description": "invoiceId",
            "required": false,
            "type": "string"
          },
          {
            "name": "templateKey",
            "in": "path",
            "description": "templateKey",
            "required": true,
            "type": "string"
          }
        ],
        "responses": {
          "200": {
            "description": "OK",
            "schema": {
              "$ref": "#/definitions/ContentDTO"
            }
          }
        },
        "deprecated": false
      },
      "post": {
        "tags": [
          "lending-document-controller"
        ],
        "summary": "storeDocumentAndConsent",
        "operationId": "storeDocumentAndConsentUsingPOST",
        "consumes": [
          "application/json"
        ],
        "produces": [
          "*/*"
        ],
        "parameters": [
          {
            "in": "body",
            "name": "lendingDocumentDTO",
            "description": "lendingDocumentDTO",
            "required": true,
            "schema": {
              "$ref": "#/definitions/LendingDocumentDTO"
            }
          },
          {
            "name": "templateKey",
            "in": "path",
            "description": "templateKey",
            "required": true,
            "type": "string"
          }
        ],
        "responses": {
          "200": {
            "description": "OK",
            "schema": {
              "$ref": "#/definitions/DocumentMetadata"
            }
          }
        },
        "deprecated": false
      }
    },
    "/documents/{templateKey}/stored": {
      "get": {
        "tags": [
          "lending-document-controller"
        ],
        "summary": "getStoredDocument",
        "operationId": "getStoredDocumentUsingGET",
        "produces": [
          "*/*"
        ],
        "parameters": [
          {
            "name": "invoiceId",
            "in": "query",
            "description": "invoiceId",
            "required": false,
            "type": "string"
          },
          {
            "name": "templateKey",
            "in": "path",
            "description": "templateKey",
            "required": true,
            "type": "string"
          }
        ],
        "responses": {
          "200": {
            "description": "OK",
            "schema": {
              "type": "string",
              "format": "byte"
            }
          }
        },
        "deprecated": false
      }
    }
  },
  "definitions": {
    "ContentDTO": {
      "type": "object",
      "properties": {
        "content": {
          "type": "string"
        },
        "documentFormat": {
          "type": "string"
        },
        "footer": {
          "type": "string"
        },
        "hash": {
          "type": "string"
        },
        "id": {
          "$ref": "#/definitions/ContentId"
        },
        "legalAdviceConfirmations": {
          "type": "string"
        },
        "legalAdviceNotSought": {
          "type": "string"
        },
        "legalAdviceSought": {
          "type": "string"
        },
        "version": {
          "type": "integer",
          "format": "int32"
        }
      },
      "title": "ContentDTO"
    },
    "ContentId": {
      "type": "object",
      "properties": {
        "templateKey": {
          "type": "string"
        },
        "templateType": {
          "type": "string"
        }
      },
      "title": "ContentId"
    },
    "DocumentMetadata": {
      "type": "object",
      "properties": {
        "accountId": {
          "type": "string"
        },
        "createdAt": {
          "type": "string",
          "format": "date-time"
        },
        "id": {
          "type": "string"
        },
        "orgId": {
          "type": "string"
        },
        "versions": {
          "type": "array",
          "items": {
            "$ref": "#/definitions/DocumentVersionMetadata"
          }
        }
      },
      "title": "DocumentMetadata"
    },
    "DocumentVersionMetadata": {
      "type": "object",
      "properties": {
        "createdAt": {
          "type": "string",
          "format": "date-time"
        },
        "fileName": {
          "type": "string"
        },
        "fileType": {
          "type": "string"
        },
        "id": {
          "type": "integer",
          "format": "int32"
        }
      },
      "title": "DocumentVersionMetadata"
    },
    "LendingDocumentDTO": {
      "type": "object",
      "properties": {
        "hash": {
          "type": "string"
        },
        "invoiceId": {
          "type": "string"
        },
        "legalAdviceSought": {
          "type": "boolean"
        },
        "version": {
          "type": "integer",
          "format": "int32"
        }
      },
      "title": "LendingDocumentDTO"
    }
  }
}
