{
  "swagger": "2.0",
  "info": {
    "description": "The Lending Service is used to manage uploaded files and metadata such as invoices and lending",
    "version": "1.0",
    "title": "Lending Service"
  },
  "host": "internal-api.prod.astoapp.co.uk",
  "basePath": "/lending-api-service/",
  "tags": [
    {
      "name": "admin-invoice-controller",
      "description": "Admin Invoice Controller"
    },
    {
      "name": "business-black-list-controller",
      "description": "Business Black List Controller"
    },
    {
      "name": "internal-invoice-controller",
      "description": "Internal Invoice Controller"
    },
    {
      "name": "invoice-controller",
      "description": "Invoice Controller"
    },
    {
      "name": "static-data-controller",
      "description": "Static Data Controller"
    }
  ],
  "paths": {
    "/admin/BusinessBlacklist/history": {
      "get": {
        "tags": [
          "business-black-list-controller"
        ],
        "summary": "Get imported business black list history",
        "operationId": "getBusinessBlackImportRequestUsingGET",
        "produces": [
          "*/*"
        ],
        "parameters": [
          {
            "name": "PageNum",
            "in": "query",
            "description": "The page number to return (starting at page 1). If user input 0 or negative number the system will ignore and try to get first page.",
            "required": false,
            "type": "integer",
            "default": 1,
            "format": "int32",
            "allowEmptyValue": false
          },
          {
            "name": "PageSize",
            "in": "query",
            "description": "The number of records to return in a single request. Use 0 or negative number to return all records.",
            "required": false,
            "type": "integer",
            "default": 10,
            "format": "int32",
            "allowEmptyValue": false
          }
        ],
        "responses": {
          "200": {
            "description": "OK",
            "schema": {
              "$ref": "#/definitions/ClientResponseDTO«List«ImportRequest»»"
            }
          },
          "500": {
            "description": "Internal server error",
            "schema": {
              "$ref": "#/definitions/HttpExceptionResponse"
            }
          }
        },
        "deprecated": false
      }
    },
    "/admin/businessBlacklist": {
      "get": {
        "tags": [
          "business-black-list-controller"
        ],
        "summary": "Get business black list",
        "operationId": "getBusinessBlackListsUsingGET",
        "produces": [
          "*/*"
        ],
        "parameters": [
          {
            "name": "AddressLine1",
            "in": "query",
            "description": "Filter by AddressLine1",
            "required": false,
            "type": "string",
            "allowEmptyValue": false
          },
          {
            "name": "AddressLine2",
            "in": "query",
            "description": "Filter by AddressLine2",
            "required": false,
            "type": "string",
            "allowEmptyValue": false
          },
          {
            "name": "CompanyName",
            "in": "query",
            "description": "Filter by company name",
            "required": false,
            "type": "string",
            "allowEmptyValue": false
          },
          {
            "name": "DateOfBirth",
            "in": "query",
            "description": "Filter by DateOfBirth in format dd/MM/yyyy",
            "required": false,
            "type": "string",
            "allowEmptyValue": false
          },
          {
            "name": "FirstName",
            "in": "query",
            "description": "Filter by first name",
            "required": false,
            "type": "string",
            "allowEmptyValue": false
          },
          {
            "name": "LastUpdateImportRqId",
            "in": "query",
            "description": "Filter by LastUpdateImportRqId",
            "required": false,
            "type": "string",
            "allowEmptyValue": false
          },
          {
            "name": "PageNum",
            "in": "query",
            "description": "The page number to return (starting at page 1). If user input 0 or negative number the system will ignore and try to get first page.",
            "required": false,
            "type": "integer",
            "default": 1,
            "format": "int32",
            "allowEmptyValue": false
          },
          {
            "name": "PageSize",
            "in": "query",
            "description": "The number of records to return in a single request. Use 0 or negative number to return all records.",
            "required": false,
            "type": "integer",
            "default": 10,
            "format": "int32",
            "allowEmptyValue": false
          },
          {
            "name": "StopfileIdentifier",
            "in": "query",
            "description": "Filter by StopfileIdentifier",
            "required": false,
            "type": "string",
            "allowEmptyValue": false
          },
          {
            "name": "Surname",
            "in": "query",
            "description": "Filter by Surname",
            "required": false,
            "type": "string",
            "allowEmptyValue": false
          },
          {
            "name": "TelephoneNumber",
            "in": "query",
            "description": "Filter by TelephoneNumber name",
            "required": false,
            "type": "string",
            "allowEmptyValue": false
          }
        ],
        "responses": {
          "200": {
            "description": "OK",
            "schema": {
              "$ref": "#/definitions/ClientResponseDTO«List«BusinessBlackList»»"
            }
          },
          "500": {
            "description": "Internal server error",
            "schema": {
              "$ref": "#/definitions/HttpExceptionResponse"
            }
          }
        },
        "deprecated": false
      },
      "post": {
        "tags": [
          "business-black-list-controller"
        ],
        "summary": "Import business black list",
        "operationId": "importBusinessBlackListUsingPOST",
        "consumes": [
          "multipart/form-data"
        ],
        "produces": [
          "*/*"
        ],
        "parameters": [
          {
            "name": "overwriteRecord",
            "in": "query",
            "description": "overwriteRecord",
            "required": false,
            "type": "boolean"
          },
          {
            "name": "replaceAll",
            "in": "query",
            "description": "replaceAll",
            "required": false,
            "type": "boolean"
          },
          {
            "name": "uploadedFile",
            "in": "formData",
            "description": "uploadedFile",
            "required": true,
            "type": "file"
          }
        ],
        "responses": {
          "200": {
            "description": "OK",
            "schema": {
              "$ref": "#/definitions/ClientResponseDTO«ImportFileMetadataDTO»"
            }
          },
          "400": {
            "description": "Bad request",
            "schema": {
              "$ref": "#/definitions/HttpExceptionResponse"
            }
          },
          "401": {
            "description": "Unauthorized",
            "schema": {
              "$ref": "#/definitions/HttpExceptionResponse"
            }
          },
          "500": {
            "description": "Internal server error",
            "schema": {
              "$ref": "#/definitions/HttpExceptionResponse"
            }
          }
        },
        "deprecated": false
      }
    },
    "/admin/businessBlacklist/{RequestId}": {
      "get": {
        "tags": [
          "business-black-list-controller"
        ],
        "summary": "Get business black list import request",
        "operationId": "getImportRequestByIdUsingGET",
        "produces": [
          "*/*"
        ],
        "parameters": [
          {
            "name": "RequestId",
            "in": "path",
            "description": "The import request identity.",
            "required": false,
            "type": "string",
            "default": "10"
          }
        ],
        "responses": {
          "200": {
            "description": "OK",
            "schema": {
              "$ref": "#/definitions/ClientResponseDTO«ImportRequest»"
            }
          },
          "500": {
            "description": "Internal server error",
            "schema": {
              "$ref": "#/definitions/HttpExceptionResponse"
            }
          }
        },
        "deprecated": false
      }
    },
    "/admin/invoices": {
      "get": {
        "tags": [
          "admin-invoice-controller"
        ],
        "summary": "Retrieve metadata about all invoices meta data.",
        "operationId": "retrieveInvoiceListUsingGET",
        "produces": [
          "*/*"
        ],
        "parameters": [
          {
            "name": "accountId",
            "in": "query",
            "description": "accountId",
            "required": true,
            "type": "string"
          },
          {
            "name": "direction",
            "in": "query",
            "description": "direction",
            "required": false,
            "type": "string"
          },
          {
            "name": "invoiceEndDate",
            "in": "query",
            "description": "invoiceEndDate",
            "required": false,
            "type": "string"
          },
          {
            "name": "invoiceStartDate",
            "in": "query",
            "description": "invoiceStartDate",
            "required": false,
            "type": "string"
          },
          {
            "name": "orderBy",
            "in": "query",
            "description": "orderBy",
            "required": false,
            "type": "string"
          },
          {
            "name": "orgId",
            "in": "query",
            "description": "orgId",
            "required": false,
            "type": "string"
          },
          {
            "name": "pageNumber",
            "in": "query",
            "description": "pageNumber",
            "required": false,
            "type": "string"
          },
          {
            "name": "pageSize",
            "in": "query",
            "description": "pageSize",
            "required": false,
            "type": "string"
          }
        ],
        "responses": {
          "200": {
            "description": "OK",
            "schema": {
              "$ref": "#/definitions/ClientResponseDTO«List«InvoiceMetadataDTO»»"
            }
          },
          "400": {
            "description": "Bad request",
            "schema": {
              "$ref": "#/definitions/HttpExceptionResponse"
            }
          },
          "401": {
            "description": "Unauthorized",
            "schema": {
              "$ref": "#/definitions/HttpExceptionResponse"
            }
          },
          "500": {
            "description": "Internal server error",
            "schema": {
              "$ref": "#/definitions/HttpExceptionResponse"
            }
          }
        },
        "deprecated": false
      }
    },
    "/admin/invoices/{invoiceId}": {
      "get": {
        "tags": [
          "admin-invoice-controller"
        ],
        "summary": "Retrieve metadata about invoices files and meta data by invoice identity.",
        "operationId": "getInvoiceByIdUsingGET",
        "produces": [
          "*/*"
        ],
        "parameters": [
          {
            "name": "invoiceId",
            "in": "path",
            "description": "invoiceId",
            "required": true,
            "type": "string"
          }
        ],
        "responses": {
          "200": {
            "description": "OK",
            "schema": {
              "$ref": "#/definitions/InvoiceMetadataDTO"
            }
          },
          "401": {
            "description": "Unauthorized",
            "schema": {
              "$ref": "#/definitions/HttpExceptionResponse"
            }
          },
          "500": {
            "description": "Internal server error",
            "schema": {
              "$ref": "#/definitions/HttpExceptionResponse"
            }
          }
        },
        "deprecated": false
      }
    },
    "/internal/businessBlacklist/matches": {
      "post": {
        "tags": [
          "business-black-list-controller"
        ],
        "summary": "Check if shareholder / director is in the business black list",
        "operationId": "checkBusinessBlackListsUsingPOST",
        "consumes": [
          "application/json"
        ],
        "produces": [
          "*/*"
        ],
        "parameters": [
          {
            "in": "body",
            "name": "listRequest",
            "description": "The list of request",
            "required": false,
            "schema": {
              "type": "array",
              "items": {
                "$ref": "#/definitions/BusinessBlackListCheckRq"
              }
            }
          }
        ],
        "responses": {
          "200": {
            "description": "OK",
            "schema": {
              "$ref": "#/definitions/ClientResponseDTO«List«CheckBusinessBlackListDTO»»"
            }
          },
          "400": {
            "description": "Bad request",
            "schema": {
              "$ref": "#/definitions/HttpExceptionResponse"
            }
          },
          "500": {
            "description": "Internal server error",
            "schema": {
              "$ref": "#/definitions/HttpExceptionResponse"
            }
          }
        },
        "deprecated": false
      }
    },
    "/internal/invoices": {
      "get": {
        "tags": [
          "internal-invoice-controller"
        ],
        "summary": "Get the list of invoices for a given account",
        "operationId": "retrieveInvoiceListUsingGET_1",
        "produces": [
          "*/*"
        ],
        "parameters": [
          {
            "name": "accountId",
            "in": "query",
            "description": "accountId",
            "required": true,
            "type": "string"
          },
          {
            "name": "orgId",
            "in": "query",
            "description": "orgId",
            "required": false,
            "type": "string"
          },
          {
            "name": "pageNumber",
            "in": "query",
            "description": "pageNumber",
            "required": false,
            "type": "string"
          },
          {
            "name": "pageSize",
            "in": "query",
            "description": "pageSize",
            "required": false,
            "type": "string"
          }
        ],
        "responses": {
          "200": {
            "description": "OK",
            "schema": {
              "$ref": "#/definitions/ClientResponseDTO«List«InvoiceMetadataDTO»»"
            }
          },
          "400": {
            "description": "Bad request",
            "schema": {
              "$ref": "#/definitions/HttpExceptionResponse"
            }
          },
          "500": {
            "description": "Internal server error",
            "schema": {
              "$ref": "#/definitions/HttpExceptionResponse"
            }
          }
        },
        "deprecated": false
      }
    },
    "/internal/invoices/{invoiceId}": {
      "get": {
        "tags": [
          "internal-invoice-controller"
        ],
        "summary": "Retrieve metadata about invoices files and meta data by invoice identity.",
        "operationId": "getInvoiceByIdUsingGET_1",
        "produces": [
          "*/*"
        ],
        "parameters": [
          {
            "name": "invoiceId",
            "in": "path",
            "description": "invoiceId",
            "required": true,
            "type": "string"
          }
        ],
        "responses": {
          "200": {
            "description": "OK",
            "schema": {
              "$ref": "#/definitions/InvoiceMetadataDTO"
            }
          },
          "404": {
            "description": "Not Found",
            "schema": {
              "$ref": "#/definitions/HttpExceptionResponse"
            }
          },
          "500": {
            "description": "Internal server error",
            "schema": {
              "$ref": "#/definitions/HttpExceptionResponse"
            }
          }
        },
        "deprecated": false
      }
    },
    "/internal/invoices/{invoiceId}/payment": {
      "put": {
        "tags": [
          "internal-invoice-controller"
        ],
        "summary": "Update payment status for a given invoice.",
        "operationId": "updateInvoicePaymentUsingPUT",
        "consumes": [
          "application/json"
        ],
        "produces": [
          "*/*"
        ],
        "parameters": [
          {
            "name": "invoiceId",
            "in": "path",
            "description": "invoiceId",
            "required": true,
            "type": "string"
          },
          {
            "in": "body",
            "name": "paymentInfo",
            "description": "paymentInfo",
            "required": true,
            "schema": {
              "$ref": "#/definitions/PaymentInfoDTO"
            }
          }
        ],
        "responses": {
          "200": {
            "description": "OK",
            "schema": {
              "$ref": "#/definitions/InvoiceMetadataDTO"
            }
          },
          "400": {
            "description": "Bad request",
            "schema": {
              "$ref": "#/definitions/HttpExceptionResponse"
            }
          },
          "404": {
            "description": "Not Found",
            "schema": {
              "$ref": "#/definitions/HttpExceptionResponse"
            }
          },
          "500": {
            "description": "Internal server error",
            "schema": {
              "$ref": "#/definitions/HttpExceptionResponse"
            }
          }
        },
        "deprecated": false
      }
    },
    "/invoices": {
      "post": {
        "tags": [
          "invoice-controller"
        ],
        "summary": "Upload invoice image files",
        "operationId": "updateInvoiceDataUsingPOST",
        "consumes": [
          "application/json"
        ],
        "produces": [
          "*/*"
        ],
        "parameters": [
          {
            "name": "files",
            "in": "formData",
            "description": "files",
            "required": true,
            "type": "array",
            "items": {
              "type": "file"
            },
            "collectionFormat": "multi"
          },
          {
            "in": "formData",
            "name": "invoiceData",
            "description": "invoiceData",
            "required": false,
            "schema": {
              "type": "string"
            }
          }
        ],
        "responses": {
          "200": {
            "description": "OK",
            "schema": {
              "$ref": "#/definitions/ClientResponseDTO«InvoiceMetadataDTO»"
            }
          },
          "400": {
            "description": "Bad request",
            "schema": {
              "$ref": "#/definitions/HttpExceptionResponse"
            }
          },
          "401": {
            "description": "Unauthorized",
            "schema": {
              "$ref": "#/definitions/HttpExceptionResponse"
            }
          },
          "500": {
            "description": "Internal server error",
            "schema": {
              "$ref": "#/definitions/HttpExceptionResponse"
            }
          }
        },
        "deprecated": false
      }
    },
    "/statics/settings": {
      "get": {
        "tags": [
          "static-data-controller"
        ],
        "summary": "Get the list of invoice finance configuration settings",
        "operationId": "getListSettingUsingGET",
        "produces": [
          "*/*"
        ],
        "parameters": [
          {
            "name": "platform",
            "in": "query",
            "description": "The filter by platform (mobile | console)",
            "required": false,
            "type": "string",
            "default": "mobile",
            "allowEmptyValue": false
          }
        ],
        "responses": {
          "200": {
            "description": "OK",
            "schema": {
              "$ref": "#/definitions/ClientResponseDTO«List«GlobalSettingVO»»"
            }
          },
          "500": {
            "description": "Internal server error",
            "schema": {
              "$ref": "#/definitions/HttpExceptionResponse"
            }
          }
        },
        "deprecated": false
      }
    },
    "/statics/siccodes": {
      "get": {
        "tags": [
          "static-data-controller"
        ],
        "summary": "Get the list of all SIC codes",
        "operationId": "getSICCodesUsingGET",
        "produces": [
          "*/*"
        ],
        "responses": {
          "200": {
            "description": "OK",
            "schema": {
              "$ref": "#/definitions/ClientResponseDTO«List«SICCodeVO»»"
            }
          },
          "500": {
            "description": "Internal server error",
            "schema": {
              "$ref": "#/definitions/HttpExceptionResponse"
            }
          }
        },
        "deprecated": false
      }
    }
  },
  "definitions": {
    "AddressDTO": {
      "type": "object",
      "properties": {
        "apartmentName": {
          "type": "string"
        },
        "buildingName": {
          "type": "string"
        },
        "buildingNumber": {
          "type": "string"
        },
        "city": {
          "type": "string"
        },
        "country": {
          "type": "string",
          "example": "GB"
        },
        "county": {
          "type": "string"
        },
        "line1": {
          "type": "string"
        },
        "line2": {
          "type": "string"
        },
        "line3": {
          "type": "string"
        },
        "postcode": {
          "type": "string"
        }
      },
      "title": "AddressDTO"
    },
    "BusinessBlackList": {
      "type": "object",
      "properties": {
        "actionStatusUpdateDateTime": {
          "$ref": "#/definitions/Timestamp"
        },
        "actionStatusUpdateUserName": {
          "type": "string"
        },
        "addressLine1": {
          "type": "string"
        },
        "addressLine2": {
          "type": "string"
        },
        "bankAccountNumber": {
          "type": "string"
        },
        "bankSortCode": {
          "type": "string"
        },
        "companyName": {
          "type": "string"
        },
        "createImportRqId": {
          "type": "string"
        },
        "createdBy": {
          "type": "string"
        },
        "createdDate": {
          "$ref": "#/definitions/Timestamp"
        },
        "createdDatetime": {
          "$ref": "#/definitions/Timestamp"
        },
        "dateOfBirth": {
          "$ref": "#/definitions/Timestamp"
        },
        "deceasedIndicator": {
          "type": "string"
        },
        "emailAddress": {
          "type": "string"
        },
        "firstName": {
          "type": "string"
        },
        "gender": {
          "type": "string"
        },
        "id": {
          "type": "integer",
          "format": "int64"
        },
        "initials": {
          "type": "string"
        },
        "isDeleted": {
          "type": "boolean"
        },
        "lastUpdateImportRqId": {
          "type": "string"
        },
        "middleNames": {
          "type": "string"
        },
        "notes": {
          "type": "string"
        },
        "numberOfDependants": {
          "type": "integer",
          "format": "int32"
        },
        "postalCode": {
          "type": "string"
        },
        "stopfileIdentifier": {
          "type": "string"
        },
        "surname": {
          "type": "string"
        },
        "telephoneNumber": {
          "type": "string"
        },
        "title": {
          "type": "string"
        },
        "updatedBy": {
          "type": "string"
        },
        "updatedDate": {
          "$ref": "#/definitions/Timestamp"
        }
      },
      "title": "BusinessBlackList"
    },
    "BusinessBlackListCheckRq": {
      "type": "object",
      "properties": {
        "addressLine1": {
          "type": "string"
        },
        "addressLine2": {
          "type": "string"
        },
        "companyName": {
          "type": "string"
        },
        "dateOfBirth": {
          "$ref": "#/definitions/Timestamp"
        },
        "firstName": {
          "type": "string"
        },
        "seqNumber": {
          "type": "integer",
          "format": "int32"
        },
        "surname": {
          "type": "string"
        },
        "telephoneNumber": {
          "type": "string"
        }
      },
      "title": "BusinessBlackListCheckRq"
    },
    "CheckBusinessBlackListDTO": {
      "type": "object",
      "properties": {
        "matchFlag": {
          "type": "boolean"
        },
        "request": {
          "$ref": "#/definitions/BusinessBlackListCheckRq"
        }
      },
      "title": "CheckBusinessBlackListDTO"
    },
    "ClientResponseDTO«ImportFileMetadataDTO»": {
      "type": "object",
      "properties": {
        "data": {
          "$ref": "#/definitions/ImportFileMetadataDTO"
        },
        "metadata": {
          "$ref": "#/definitions/ResponseMetadataDTO"
        }
      },
      "title": "ClientResponseDTO«ImportFileMetadataDTO»"
    },
    "ClientResponseDTO«ImportRequest»": {
      "type": "object",
      "properties": {
        "data": {
          "$ref": "#/definitions/ImportRequest"
        },
        "metadata": {
          "$ref": "#/definitions/ResponseMetadataDTO"
        }
      },
      "title": "ClientResponseDTO«ImportRequest»"
    },
    "ClientResponseDTO«InvoiceMetadataDTO»": {
      "type": "object",
      "properties": {
        "data": {
          "$ref": "#/definitions/InvoiceMetadataDTO"
        },
        "metadata": {
          "$ref": "#/definitions/ResponseMetadataDTO"
        }
      },
      "title": "ClientResponseDTO«InvoiceMetadataDTO»"
    },
    "ClientResponseDTO«List«BusinessBlackList»»": {
      "type": "object",
      "properties": {
        "data": {
          "type": "array",
          "items": {
            "$ref": "#/definitions/BusinessBlackList"
          }
        },
        "metadata": {
          "$ref": "#/definitions/ResponseMetadataDTO"
        }
      },
      "title": "ClientResponseDTO«List«BusinessBlackList»»"
    },
    "ClientResponseDTO«List«CheckBusinessBlackListDTO»»": {
      "type": "object",
      "properties": {
        "data": {
          "type": "array",
          "items": {
            "$ref": "#/definitions/CheckBusinessBlackListDTO"
          }
        },
        "metadata": {
          "$ref": "#/definitions/ResponseMetadataDTO"
        }
      },
      "title": "ClientResponseDTO«List«CheckBusinessBlackListDTO»»"
    },
    "ClientResponseDTO«List«GlobalSettingVO»»": {
      "type": "object",
      "properties": {
        "data": {
          "type": "array",
          "items": {
            "$ref": "#/definitions/GlobalSettingVO"
          }
        },
        "metadata": {
          "$ref": "#/definitions/ResponseMetadataDTO"
        }
      },
      "title": "ClientResponseDTO«List«GlobalSettingVO»»"
    },
    "ClientResponseDTO«List«ImportRequest»»": {
      "type": "object",
      "properties": {
        "data": {
          "type": "array",
          "items": {
            "$ref": "#/definitions/ImportRequest"
          }
        },
        "metadata": {
          "$ref": "#/definitions/ResponseMetadataDTO"
        }
      },
      "title": "ClientResponseDTO«List«ImportRequest»»"
    },
    "ClientResponseDTO«List«InvoiceMetadataDTO»»": {
      "type": "object",
      "properties": {
        "data": {
          "type": "array",
          "items": {
            "$ref": "#/definitions/InvoiceMetadataDTO"
          }
        },
        "metadata": {
          "$ref": "#/definitions/ResponseMetadataDTO"
        }
      },
      "title": "ClientResponseDTO«List«InvoiceMetadataDTO»»"
    },
    "ClientResponseDTO«List«SICCodeVO»»": {
      "type": "object",
      "properties": {
        "data": {
          "type": "array",
          "items": {
            "$ref": "#/definitions/SICCodeVO"
          }
        },
        "metadata": {
          "$ref": "#/definitions/ResponseMetadataDTO"
        }
      },
      "title": "ClientResponseDTO«List«SICCodeVO»»"
    },
    "GlobalSettingVO": {
      "type": "object",
      "properties": {
        "settingKey": {
          "type": "string"
        },
        "settingValue": {
          "type": "string"
        }
      },
      "title": "GlobalSettingVO"
    },
    "HttpExceptionResponse": {
      "type": "object",
      "properties": {
        "errors": {
          "type": "array",
          "items": {
            "type": "string"
          }
        },
        "message": {
          "type": "string"
        }
      },
      "title": "HttpExceptionResponse"
    },
    "ImportFileMetadataDTO": {
      "type": "object",
      "properties": {
        "fileData": {
          "type": "string",
          "format": "byte"
        },
        "fileName": {
          "type": "string"
        },
        "filePath": {
          "type": "string"
        },
        "overwriteRecord": {
          "type": "boolean"
        },
        "replaceAll": {
          "type": "boolean"
        },
        "requestId": {
          "type": "string"
        }
      },
      "title": "ImportFileMetadataDTO"
    },
    "ImportRequest": {
      "type": "object",
      "properties": {
        "businessDataType": {
          "type": "string"
        },
        "createdBy": {
          "type": "string"
        },
        "createdDate": {
          "$ref": "#/definitions/Timestamp"
        },
        "deleted": {
          "type": "boolean"
        },
        "id": {
          "type": "string"
        },
        "notes": {
          "type": "string"
        },
        "requestData": {
          "type": "string"
        },
        "responseData": {
          "type": "string"
        },
        "status": {
          "type": "string"
        },
        "updatedBy": {
          "type": "string"
        },
        "updatedDate": {
          "$ref": "#/definitions/Timestamp"
        }
      },
      "title": "ImportRequest"
    },
    "InputStream": {
      "type": "object",
      "title": "InputStream"
    },
    "InvoiceMetadataDTO": {
      "type": "object",
      "properties": {
        "acceptTermCondition": {
          "type": "boolean"
        },
        "accountId": {
          "type": "string"
        },
        "businessAddress": {
          "$ref": "#/definitions/AddressDTO"
        },
        "createdDate": {
          "type": "string",
          "format": "date-time"
        },
        "customerName": {
          "type": "string"
        },
        "invoiceAmount": {
          "type": "number"
        },
        "invoiceDescription": {
          "type": "string"
        },
        "invoiceDue": {
          "type": "string",
          "format": "date"
        },
        "invoiceDueDate": {
          "type": "string"
        },
        "invoiceId": {
          "type": "string"
        },
        "invoiceNumber": {
          "type": "string"
        },
        "lastModifiedDate": {
          "type": "string",
          "format": "date-time"
        },
        "listFiles": {
          "type": "array",
          "items": {
            "$ref": "#/definitions/InvoiceMetadataFile"
          }
        },
        "organisationId": {
          "type": "string"
        },
        "paymentInfo": {
          "$ref": "#/definitions/PaymentInfoDTO"
        },
        "userTimestamp": {
          "type": "string",
          "format": "date-time"
        }
      },
      "title": "InvoiceMetadataDTO"
    },
    "InvoiceMetadataFile": {
      "type": "object",
      "properties": {
        "createdDate": {
          "type": "string",
          "format": "date-time"
        },
        "fileId": {
          "type": "string"
        },
        "presignedUrl": {
          "$ref": "#/definitions/URL"
        },
        "userTimestamp": {
          "type": "string",
          "format": "date-time"
        }
      },
      "title": "InvoiceMetadataFile"
    },
    "PagingInformation": {
      "type": "object",
      "properties": {
        "currentPageNumber": {
          "type": "integer",
          "format": "int32"
        },
        "pageSize": {
          "type": "integer",
          "format": "int32"
        },
        "totalHits": {
          "type": "integer",
          "format": "int64"
        },
        "totalPages": {
          "type": "integer",
          "format": "int32"
        }
      },
      "title": "PagingInformation"
    },
    "PaymentInfoDTO": {
      "type": "object",
      "properties": {
        "isReceivedFund": {
          "type": "boolean"
        },
        "loanId": {
          "type": "string"
        },
        "paymentAccount": {
          "type": "string"
        },
        "paymentAmount": {
          "type": "number"
        },
        "paymentDate": {
          "type": "string",
          "format": "date",
          "example": "1970-12-31"
        },
        "paymentMethod": {
          "type": "string"
        },
        "paymentStatus": {
          "type": "string"
        },
        "reason": {
          "type": "string"
        },
        "receivedFundAmount": {
          "type": "number"
        },
        "receivedFundAmountFee": {
          "type": "number"
        },
        "receivedFundDate": {
          "type": "string",
          "format": "date",
          "example": "1970-12-31"
        }
      },
      "title": "PaymentInfoDTO"
    },
    "ResponseMetadataDTO": {
      "type": "object",
      "properties": {
        "paging": {
          "$ref": "#/definitions/PagingInformation"
        }
      },
      "title": "ResponseMetadataDTO"
    },
    "SICCodeVO": {
      "type": "object",
      "properties": {
        "displayOrder": {
          "type": "integer",
          "format": "int32"
        },
        "id": {
          "type": "integer",
          "format": "int64"
        },
        "listSubSICCode": {
          "type": "array",
          "items": {
            "$ref": "#/definitions/SICCodeVO"
          }
        },
        "parentId": {
          "type": "integer",
          "format": "int64"
        },
        "text": {
          "type": "string"
        },
        "value": {
          "type": "string"
        }
      },
      "title": "SICCodeVO"
    },
    "Timestamp": {
      "type": "object",
      "properties": {
        "date": {
          "type": "integer",
          "format": "int32"
        },
        "day": {
          "type": "integer",
          "format": "int32"
        },
        "hours": {
          "type": "integer",
          "format": "int32"
        },
        "minutes": {
          "type": "integer",
          "format": "int32"
        },
        "month": {
          "type": "integer",
          "format": "int32"
        },
        "nanos": {
          "type": "integer",
          "format": "int32"
        },
        "seconds": {
          "type": "integer",
          "format": "int32"
        },
        "time": {
          "type": "integer",
          "format": "int64"
        },
        "timezoneOffset": {
          "type": "integer",
          "format": "int32"
        },
        "year": {
          "type": "integer",
          "format": "int32"
        }
      },
      "title": "Timestamp"
    },
    "URL": {
      "type": "object",
      "properties": {
        "authority": {
          "type": "string"
        },
        "content": {
          "type": "object"
        },
        "defaultPort": {
          "type": "integer",
          "format": "int32"
        },
        "file": {
          "type": "string"
        },
        "host": {
          "type": "string"
        },
        "path": {
          "type": "string"
        },
        "port": {
          "type": "integer",
          "format": "int32"
        },
        "protocol": {
          "type": "string"
        },
        "query": {
          "type": "string"
        },
        "ref": {
          "type": "string"
        },
        "userInfo": {
          "type": "string"
        }
      },
      "title": "URL"
    }
  }
}
