{
  "swagger": "2.0",
  "info": {
    "description": "This service provides APIs to retrieve financed invoices, their statuses for a customer",
    "version": "1.0",
    "title": "Dashboard Service of Financed Invoices"
  },
  "host": "internal-api.prod.astoapp.co.uk",
  "basePath": "/lending-dashboard-service/",
  "tags": [
    {
      "name": "dashboard-controller",
      "description": "Dashboard Controller"
    }
  ],
  "paths": {
    "/dashboard": {
      "get": {
        "tags": [
          "dashboard-controller"
        ],
        "summary": "Get invoice finance details: credit limit, available limit and invoices used for invoice financing and their repayment statuses.",
        "operationId": "getDashboardDetailsUsingGET",
        "produces": [
          "*/*"
        ],
        "responses": {
          "200": {
            "description": "OK",
            "schema": {
              "$ref": "#/definitions/DashboardDetailsResponseDto"
            }
          },
          "400": {
            "description": "Bad request",
            "schema": {
              "$ref": "#/definitions/HttpExceptionResponse"
            }
          },
          "404": {
            "description": "User not found",
            "schema": {
              "$ref": "#/definitions/HttpExceptionResponse"
            }
          },
          "500": {
            "description": "Internal Server Error",
            "schema": {
              "$ref": "#/definitions/HttpExceptionResponse"
            }
          }
        },
        "deprecated": false
      }
    }
  },
  "definitions": {
    "DashboardDetailsResponseDto": {
      "type": "object",
      "properties": {
        "activeInvoices": {
          "type": "array",
          "items": {
            "$ref": "#/definitions/InvoiceDetailsVO"
          }
        },
        "archivedInvoices": {
          "type": "array",
          "items": {
            "$ref": "#/definitions/InvoiceDetailsVO"
          }
        },
        "availableLimit": {
          "type": "number"
        },
        "currencyCode": {
          "type": "string"
        },
        "minimumLimit": {
          "type": "number"
        },
        "overdueInvoices": {
          "type": "array",
          "items": {
            "$ref": "#/definitions/InvoiceDetailsVO"
          }
        },
        "processingInvoices": {
          "type": "array",
          "items": {
            "$ref": "#/definitions/InvoiceDetailsVO"
          }
        },
        "status": {
          "type": "string",
          "enum": [
            "ACTIVE",
            "FROZEN",
            "RUNNING_LOW"
          ]
        },
        "totalActiveInvoicesAmount": {
          "type": "number"
        },
        "totalArchivedInvoicesAmount": {
          "type": "number"
        },
        "totalCreditLimit": {
          "type": "number"
        },
        "totalOverdueInvoicesAmount": {
          "type": "number"
        },
        "totalProcessingInvoicesAmount": {
          "type": "number"
        }
      },
      "title": "DashboardDetailsResponseDto"
    },
    "HttpExceptionResponse": {
      "type": "object",
      "properties": {
        "errors": {
          "type": "array",
          "items": {
            "type": "string"
          }
        },
        "message": {
          "type": "string"
        }
      },
      "title": "HttpExceptionResponse"
    },
    "InvoiceDetailsVO": {
      "type": "object",
      "properties": {
        "additionalCharges": {
          "type": "number"
        },
        "currencyCode": {
          "type": "string"
        },
        "invoiceAmount": {
          "type": "number"
        },
        "invoiceDescription": {
          "type": "string"
        },
        "invoiceDueDate": {
          "type": "string",
          "format": "date"
        },
        "invoiceId": {
          "type": "string"
        },
        "invoiceNumber": {
          "type": "string"
        },
        "loanId": {
          "type": "string"
        },
        "loanStatus": {
          "type": "string"
        },
        "numberOfDaysOverdue": {
          "type": "integer",
          "format": "int32"
        },
        "organisationId": {
          "type": "string"
        },
        "payeeName": {
          "type": "string"
        },
        "paymentDate": {
          "type": "string",
          "format": "date"
        },
        "termSheetUrl": {
          "type": "string"
        }
      },
      "title": "InvoiceDetailsVO"
    }
  }
}
