{
  "swagger": "2.0",
  "info": {
    "description": "The Postcode Lookup API is used to search for postcode metadata",
    "version": "1.0",
    "title": "Postcode Lookup API"
  },
  "host": "internal-api.prod.astoapp.co.uk",
  "basePath": "/postcode-lookup-service/",
  "tags": [
    {
      "name": "postcode-controller",
      "description": "Postcode Controller"
    }
  ],
  "paths": {
    "/postcodes/{postcode}": {
      "get": {
        "tags": [
          "postcode-controller"
        ],
        "summary": "Get Postcode Address Information",
        "operationId": "getAddressesUsingGET",
        "produces": [
          "*/*"
        ],
        "parameters": [
          {
            "name": "housenumber",
            "in": "query",
            "description": "House Number to filter by.",
            "required": false,
            "type": "string",
            "allowEmptyValue": false
          },
          {
            "name": "postcode",
            "in": "path",
            "description": "Postcode to be looked-up.",
            "required": false,
            "type": "string"
          }
        ],
        "responses": {
          "200": {
            "description": "OK",
            "schema": {
              "$ref": "#/definitions/ClientResponse"
            }
          },
          "400": {
            "description": "Bad request",
            "schema": {
              "$ref": "#/definitions/HttpExceptionResponse"
            }
          },
          "404": {
            "description": "Postcode not found",
            "schema": {
              "$ref": "#/definitions/HttpExceptionResponse"
            }
          },
          "500": {
            "description": "Internal server error",
            "schema": {
              "$ref": "#/definitions/HttpExceptionResponse"
            }
          }
        },
        "deprecated": false
      }
    }
  },
  "definitions": {
    "AddressDto": {
      "type": "object",
      "properties": {
        "building_name": {
          "type": "string"
        },
        "building_number": {
          "type": "string"
        },
        "country": {
          "type": "string"
        },
        "county": {
          "type": "string"
        },
        "district": {
          "type": "string"
        },
        "line_1": {
          "type": "string"
        },
        "line_2": {
          "type": "string"
        },
        "line_3": {
          "type": "string"
        },
        "post_town": {
          "type": "string"
        },
        "postcode": {
          "type": "string"
        },
        "premise": {
          "type": "string"
        },
        "sub_building_name": {
          "type": "string"
        }
      },
      "title": "AddressDto"
    },
    "ClientResponse": {
      "type": "object",
      "properties": {
        "result": {
          "type": "array",
          "items": {
            "$ref": "#/definitions/AddressDto"
          }
        }
      },
      "title": "ClientResponse"
    },
    "HttpExceptionResponse": {
      "type": "object",
      "properties": {
        "errors": {
          "type": "array",
          "items": {
            "type": "string"
          }
        },
        "message": {
          "type": "string"
        }
      },
      "title": "HttpExceptionResponse"
    }
  }
}
