{
	"id": 0,
	"name": "@santander/flame-component-library",
	"kind": 0,
	"flags": {},
	"children": [
		{
			"id": 1,
			"name": "\"theme.interface\"",
			"kind": 1,
			"kindString": "External module",
			"flags": {
				"isExported": true
			},
			"originalName": "/Users/mlmv/Workspace/SANTANDER/flame-santander/flame-workspace/libs/flame-component-library/src/lib/atoms/theme/interfaces/theme.interface.ts",
			"children": [
				{
					"id": 2,
					"name": "Theme",
					"kind": 256,
					"kindString": "Interface",
					"flags": {
						"isExported": true
					},
					"children": [
						{
							"id": 3,
							"name": "name",
							"kind": 1024,
							"kindString": "Property",
							"flags": {
								"isExported": true
							},
							"sources": [
								{
									"fileName": "theme.interface.ts",
									"line": 2,
									"character": 5
								}
							],
							"type": {
								"type": "intrinsic",
								"name": "string"
							}
						},
						{
							"id": 4,
							"name": "properties",
							"kind": 1024,
							"kindString": "Property",
							"flags": {
								"isExported": true
							},
							"sources": [
								{
									"fileName": "theme.interface.ts",
									"line": 3,
									"character": 11
								}
							],
							"type": {
								"type": "intrinsic",
								"name": "any"
							}
						}
					],
					"groups": [
						{
							"title": "Properties",
							"kind": 1024,
							"children": [3, 4]
						}
					],
					"sources": [
						{
							"fileName": "theme.interface.ts",
							"line": 1,
							"character": 22
						}
					]
				}
			],
			"groups": [
				{
					"title": "Interfaces",
					"kind": 256,
					"children": [2]
				}
			],
			"sources": [
				{
					"fileName": "theme.interface.ts",
					"line": 1,
					"character": 0
				}
			]
		}
	],
	"groups": [
		{
			"title": "External modules",
			"kind": 1,
			"children": [1]
		}
	]
}
