{
	"id": 0,
	"name": "@santander/flame-component-library",
	"kind": 0,
	"flags": {},
	"children": [
		{
			"id": 21,
			"name": "\"atoms/icon/icon.component\"",
			"kind": 1,
			"kindString": "External module",
			"flags": {
				"isExported": true,
				"isExternal": true
			},
			"originalName": "/Users/mlmv/Workspace/SANTANDER/flame-santander/flame-workspace/libs/flame-component-library/src/lib/atoms/icon/icon.component.ts",
			"children": [
				{
					"id": 22,
					"name": "IconComponent",
					"kind": 128,
					"kindString": "Class",
					"flags": {
						"isExported": true,
						"isExternal": true
					},
					"decorators": [
						{
							"name": "Component",
							"type": {
								"type": "reference",
								"name": "Component"
							},
							"arguments": {
								"obj": "{\n\tselector: 'sn-icon',\n\tstyleUrls: ['./icon.component.scss'],\n\ttemplateUrl: './icon.component.html'\n}"
							}
						}
					],
					"children": [
						{
							"id": 23,
							"name": "icon",
							"kind": 1024,
							"kindString": "Property",
							"flags": {
								"isExported": true,
								"isExternal": true
							},
							"decorators": [
								{
									"name": "Input",
									"type": {
										"type": "reference",
										"name": "Input"
									},
									"arguments": {}
								}
							],
							"sources": [
								{
									"fileName": "atoms/icon/icon.component.ts",
									"line": 9,
									"character": 14
								}
							],
							"type": {
								"type": "intrinsic",
								"name": "string"
							}
						}
					],
					"groups": [
						{
							"title": "Properties",
							"kind": 1024,
							"children": [23]
						}
					],
					"sources": [
						{
							"fileName": "atoms/icon/icon.component.ts",
							"line": 8,
							"character": 26
						}
					]
				}
			],
			"groups": [
				{
					"title": "Classes",
					"kind": 128,
					"children": [22]
				}
			],
			"sources": [
				{
					"fileName": "atoms/icon/icon.component.ts",
					"line": 1,
					"character": 0
				}
			]
		},
		{
			"id": 24,
			"name": "\"atoms/icon/icon.module\"",
			"kind": 1,
			"kindString": "External module",
			"flags": {
				"isExported": true,
				"isExternal": true
			},
			"originalName": "/Users/mlmv/Workspace/SANTANDER/flame-santander/flame-workspace/libs/flame-component-library/src/lib/atoms/icon/icon.module.ts",
			"children": [
				{
					"id": 25,
					"name": "IconModule",
					"kind": 128,
					"kindString": "Class",
					"flags": {
						"isExported": true,
						"isExternal": true
					},
					"decorators": [
						{
							"name": "NgModule",
							"type": {
								"type": "reference",
								"name": "NgModule"
							},
							"arguments": {
								"obj": "{\n\timports: [CommonModule],\n\tdeclarations: [IconComponent],\n\texports: [IconComponent]\n}"
							}
						}
					],
					"sources": [
						{
							"fileName": "atoms/icon/icon.module.ts",
							"line": 10,
							"character": 23
						}
					]
				}
			],
			"groups": [
				{
					"title": "Classes",
					"kind": 128,
					"children": [25]
				}
			],
			"sources": [
				{
					"fileName": "atoms/icon/icon.module.ts",
					"line": 1,
					"character": 0
				}
			]
		},
		{
			"id": 1,
			"name": "\"molecules/amount-field/amount-field.component\"",
			"kind": 1,
			"kindString": "External module",
			"flags": {
				"isExported": true,
				"isExternal": true
			},
			"originalName": "/Users/mlmv/Workspace/SANTANDER/flame-santander/flame-workspace/libs/flame-component-library/src/lib/molecules/amount-field/amount-field.component.ts",
			"children": [
				{
					"id": 2,
					"name": "AmountFieldComponent",
					"kind": 128,
					"kindString": "Class",
					"flags": {
						"isExported": true,
						"isExternal": true
					},
					"decorators": [
						{
							"name": "Component",
							"type": {
								"type": "reference",
								"name": "Component"
							},
							"arguments": {
								"obj": "{\n\tselector: 'sn-amount-field',\n\ttemplateUrl: './amount-field.component.html',\n\tstyleUrls: ['./amount-field.component.scss']\n}"
							}
						}
					],
					"children": [
						{
							"id": 17,
							"name": "constructor",
							"kind": 512,
							"kindString": "Constructor",
							"flags": {
								"isExported": true,
								"isExternal": true
							},
							"signatures": [
								{
									"id": 18,
									"name": "new AmountFieldComponent",
									"kind": 16384,
									"kindString": "Constructor signature",
									"flags": {},
									"type": {
										"type": "reference",
										"name": "AmountFieldComponent",
										"id": 2
									}
								}
							],
							"sources": [
								{
									"fileName": "molecules/amount-field/amount-field.component.ts",
									"line": 76,
									"character": 2
								}
							]
						},
						{
							"id": 9,
							"name": "cleanButtonActive",
							"kind": 1024,
							"kindString": "Property",
							"flags": {
								"isPublic": true,
								"isExported": true,
								"isExternal": true
							},
							"sources": [
								{
									"fileName": "molecules/amount-field/amount-field.component.ts",
									"line": 32,
									"character": 25
								}
							],
							"type": {
								"type": "intrinsic",
								"name": "boolean"
							},
							"defaultValue": "false"
						},
						{
							"id": 4,
							"name": "disableComponent",
							"kind": 1024,
							"kindString": "Property",
							"flags": {
								"isExported": true,
								"isExternal": true
							},
							"decorators": [
								{
									"name": "Input",
									"type": {
										"type": "reference",
										"name": "Input"
									},
									"arguments": {}
								}
							],
							"sources": [
								{
									"fileName": "molecules/amount-field/amount-field.component.ts",
									"line": 21,
									"character": 26
								}
							],
							"type": {
								"type": "intrinsic",
								"name": "boolean"
							},
							"defaultValue": "true"
						},
						{
							"id": 6,
							"name": "inputAmount",
							"kind": 1024,
							"kindString": "Property",
							"flags": {
								"isExported": true,
								"isExternal": true
							},
							"decorators": [
								{
									"name": "ViewChild",
									"type": {
										"type": "reference",
										"name": "ViewChild"
									},
									"arguments": {
										"selector": "'amountInput'"
									}
								}
							],
							"sources": [
								{
									"fileName": "molecules/amount-field/amount-field.component.ts",
									"line": 25,
									"character": 38
								}
							],
							"type": {
								"type": "reference",
								"name": "ElementRef"
							}
						},
						{
							"id": 7,
							"name": "minWidth",
							"kind": 1024,
							"kindString": "Property",
							"flags": {
								"isPublic": true,
								"isExported": true,
								"isExternal": true
							},
							"sources": [
								{
									"fileName": "molecules/amount-field/amount-field.component.ts",
									"line": 28,
									"character": 16
								}
							],
							"type": {
								"type": "intrinsic",
								"name": "number"
							},
							"defaultValue": "70"
						},
						{
							"id": 3,
							"name": "monto",
							"kind": 1024,
							"kindString": "Property",
							"flags": {
								"isExported": true,
								"isExternal": true
							},
							"decorators": [
								{
									"name": "Output",
									"type": {
										"type": "reference",
										"name": "Output"
									},
									"arguments": {}
								}
							],
							"sources": [
								{
									"fileName": "molecules/amount-field/amount-field.component.ts",
									"line": 18,
									"character": 16
								}
							],
							"type": {
								"type": "reference",
								"name": "EventEmitter",
								"typeArguments": [
									{
										"type": "intrinsic",
										"name": "string"
									}
								]
							},
							"defaultValue": " new EventEmitter<string>()"
						},
						{
							"id": 5,
							"name": "textHelper",
							"kind": 1024,
							"kindString": "Property",
							"flags": {
								"isExported": true,
								"isExternal": true
							},
							"decorators": [
								{
									"name": "ViewChild",
									"type": {
										"type": "reference",
										"name": "ViewChild"
									},
									"arguments": {
										"selector": "'hiddenText'"
									}
								}
							],
							"sources": [
								{
									"fileName": "molecules/amount-field/amount-field.component.ts",
									"line": 24,
									"character": 36
								}
							],
							"type": {
								"type": "reference",
								"name": "ElementRef"
							}
						},
						{
							"id": 8,
							"name": "width",
							"kind": 1024,
							"kindString": "Property",
							"flags": {
								"isPublic": true,
								"isExported": true,
								"isExternal": true
							},
							"sources": [
								{
									"fileName": "molecules/amount-field/amount-field.component.ts",
									"line": 29,
									"character": 13
								}
							],
							"type": {
								"type": "intrinsic",
								"name": "number"
							},
							"defaultValue": " this.minWidth"
						},
						{
							"id": 14,
							"name": "calculateFocusWidth",
							"kind": 2048,
							"kindString": "Method",
							"flags": {
								"isExported": true,
								"isExternal": true
							},
							"signatures": [
								{
									"id": 15,
									"name": "calculateFocusWidth",
									"kind": 4096,
									"kindString": "Call signature",
									"flags": {},
									"parameters": [
										{
											"id": 16,
											"name": "focusin",
											"kind": 32768,
											"kindString": "Parameter",
											"flags": {},
											"type": {
												"type": "intrinsic",
												"name": "boolean"
											},
											"defaultValue": "true"
										}
									],
									"type": {
										"type": "intrinsic",
										"name": "void"
									}
								}
							],
							"sources": [
								{
									"fileName": "molecules/amount-field/amount-field.component.ts",
									"line": 63,
									"character": 20
								}
							]
						},
						{
							"id": 19,
							"name": "ngOnInit",
							"kind": 2048,
							"kindString": "Method",
							"flags": {
								"isExported": true,
								"isExternal": true
							},
							"signatures": [
								{
									"id": 20,
									"name": "ngOnInit",
									"kind": 4096,
									"kindString": "Call signature",
									"flags": {},
									"type": {
										"type": "intrinsic",
										"name": "void"
									}
								}
							],
							"sources": [
								{
									"fileName": "molecules/amount-field/amount-field.component.ts",
									"line": 82,
									"character": 9
								}
							]
						},
						{
							"id": 12,
							"name": "resetInput",
							"kind": 2048,
							"kindString": "Method",
							"flags": {
								"isExported": true,
								"isExternal": true
							},
							"signatures": [
								{
									"id": 13,
									"name": "resetInput",
									"kind": 4096,
									"kindString": "Call signature",
									"flags": {},
									"type": {
										"type": "intrinsic",
										"name": "void"
									}
								}
							],
							"sources": [
								{
									"fileName": "molecules/amount-field/amount-field.component.ts",
									"line": 48,
									"character": 11
								}
							]
						},
						{
							"id": 10,
							"name": "resize",
							"kind": 2048,
							"kindString": "Method",
							"flags": {
								"isExported": true,
								"isExternal": true
							},
							"signatures": [
								{
									"id": 11,
									"name": "resize",
									"kind": 4096,
									"kindString": "Call signature",
									"flags": {},
									"type": {
										"type": "intrinsic",
										"name": "void"
									}
								}
							],
							"sources": [
								{
									"fileName": "molecules/amount-field/amount-field.component.ts",
									"line": 34,
									"character": 7
								}
							]
						}
					],
					"groups": [
						{
							"title": "Constructors",
							"kind": 512,
							"children": [17]
						},
						{
							"title": "Properties",
							"kind": 1024,
							"children": [9, 4, 6, 7, 3, 5, 8]
						},
						{
							"title": "Methods",
							"kind": 2048,
							"children": [14, 19, 12, 10]
						}
					],
					"sources": [
						{
							"fileName": "molecules/amount-field/amount-field.component.ts",
							"line": 16,
							"character": 33
						}
					],
					"implementedTypes": [
						{
							"type": "reference",
							"name": "OnInit"
						}
					]
				}
			],
			"groups": [
				{
					"title": "Classes",
					"kind": 128,
					"children": [2]
				}
			],
			"sources": [
				{
					"fileName": "molecules/amount-field/amount-field.component.ts",
					"line": 1,
					"character": 0
				}
			]
		},
		{
			"id": 26,
			"name": "\"molecules/amount-field/amount-field.module\"",
			"kind": 1,
			"kindString": "External module",
			"flags": {
				"isExported": true,
				"isExternal": true
			},
			"originalName": "/Users/mlmv/Workspace/SANTANDER/flame-santander/flame-workspace/libs/flame-component-library/src/lib/molecules/amount-field/amount-field.module.ts",
			"children": [
				{
					"id": 27,
					"name": "AmountFieldModule",
					"kind": 128,
					"kindString": "Class",
					"flags": {
						"isExported": true,
						"isExternal": true
					},
					"decorators": [
						{
							"name": "NgModule",
							"type": {
								"type": "reference",
								"name": "NgModule"
							},
							"arguments": {
								"obj": "{\n\timports: [CommonModule, IconModule],\n\tdeclarations: [AmountFieldComponent],\n\texports: [AmountFieldComponent]\n}"
							}
						}
					],
					"sources": [
						{
							"fileName": "molecules/amount-field/amount-field.module.ts",
							"line": 11,
							"character": 30
						}
					]
				}
			],
			"groups": [
				{
					"title": "Classes",
					"kind": 128,
					"children": [27]
				}
			],
			"sources": [
				{
					"fileName": "molecules/amount-field/amount-field.module.ts",
					"line": 1,
					"character": 0
				}
			]
		},
		{
			"id": 28,
			"name": "\"molecules/call-button/call-button.component\"",
			"kind": 1,
			"kindString": "External module",
			"flags": {
				"isExported": true,
				"isExternal": true
			},
			"originalName": "/Users/mlmv/Workspace/SANTANDER/flame-santander/flame-workspace/libs/flame-component-library/src/lib/molecules/call-button/call-button.component.ts",
			"children": [
				{
					"id": 29,
					"name": "CallButtonComponent",
					"kind": 128,
					"kindString": "Class",
					"flags": {
						"isExported": true,
						"isExternal": true
					},
					"decorators": [
						{
							"name": "Component",
							"type": {
								"type": "reference",
								"name": "Component"
							},
							"arguments": {
								"obj": "{\n\tselector: 'sn-call-button',\n\ttemplateUrl: './call-button.component.html',\n\tstyleUrls: ['./call-button.component.scss']\n}"
							}
						}
					],
					"children": [
						{
							"id": 30,
							"name": "constructor",
							"kind": 512,
							"kindString": "Constructor",
							"flags": {
								"isExported": true,
								"isExternal": true
							},
							"signatures": [
								{
									"id": 31,
									"name": "new CallButtonComponent",
									"kind": 16384,
									"kindString": "Constructor signature",
									"flags": {},
									"type": {
										"type": "reference",
										"name": "CallButtonComponent",
										"id": 29
									}
								}
							],
							"sources": [
								{
									"fileName": "molecules/call-button/call-button.component.ts",
									"line": 8,
									"character": 34
								}
							]
						},
						{
							"id": 32,
							"name": "phoneNumber",
							"kind": 1024,
							"kindString": "Property",
							"flags": {
								"isExported": true,
								"isExternal": true
							},
							"sources": [
								{
									"fileName": "molecules/call-button/call-button.component.ts",
									"line": 10,
									"character": 12
								}
							],
							"type": {
								"type": "intrinsic",
								"name": "string"
							},
							"defaultValue": "\"+5215551694300\""
						}
					],
					"groups": [
						{
							"title": "Constructors",
							"kind": 512,
							"children": [30]
						},
						{
							"title": "Properties",
							"kind": 1024,
							"children": [32]
						}
					],
					"sources": [
						{
							"fileName": "molecules/call-button/call-button.component.ts",
							"line": 8,
							"character": 32
						}
					]
				}
			],
			"groups": [
				{
					"title": "Classes",
					"kind": 128,
					"children": [29]
				}
			],
			"sources": [
				{
					"fileName": "molecules/call-button/call-button.component.ts",
					"line": 1,
					"character": 0
				}
			]
		},
		{
			"id": 33,
			"name": "\"molecules/call-button/call-button.module\"",
			"kind": 1,
			"kindString": "External module",
			"flags": {
				"isExported": true,
				"isExternal": true
			},
			"originalName": "/Users/mlmv/Workspace/SANTANDER/flame-santander/flame-workspace/libs/flame-component-library/src/lib/molecules/call-button/call-button.module.ts",
			"children": [
				{
					"id": 34,
					"name": "CallButtonModule",
					"kind": 128,
					"kindString": "Class",
					"flags": {
						"isExported": true,
						"isExternal": true
					},
					"decorators": [
						{
							"name": "NgModule",
							"type": {
								"type": "reference",
								"name": "NgModule"
							},
							"arguments": {
								"obj": "{\n\timports: [],\n\tdeclarations: [CallButtonComponent],\n\texports: [CallButtonComponent]\n}"
							}
						}
					],
					"sources": [
						{
							"fileName": "molecules/call-button/call-button.module.ts",
							"line": 9,
							"character": 29
						}
					]
				}
			],
			"groups": [
				{
					"title": "Classes",
					"kind": 128,
					"children": [34]
				}
			],
			"sources": [
				{
					"fileName": "molecules/call-button/call-button.module.ts",
					"line": 1,
					"character": 0
				}
			]
		},
		{
			"id": 99,
			"name": "\"molecules/molecules-components\"",
			"kind": 1,
			"kindString": "External module",
			"flags": {
				"isExported": true
			},
			"originalName": "/Users/mlmv/Workspace/SANTANDER/flame-santander/flame-workspace/libs/flame-component-library/src/lib/molecules/molecules-components.ts",
			"children": [
				{
					"id": 100,
					"name": "MOLECULES_COMPONENTS",
					"kind": 32,
					"kindString": "Variable",
					"flags": {
						"isExported": true,
						"isConst": true
					},
					"sources": [
						{
							"fileName": "molecules/molecules-components.ts",
							"line": 9,
							"character": 33
						}
					],
					"type": {
						"type": "array",
						"elementType": {
							"type": "reference",
							"name": "AmountFieldModule",
							"id": 27
						}
					},
					"defaultValue": " [\n\tAmountFieldModule,\n\tCallButtonModule,\n\tMotiveFieldModule,\n\tNavbarModule,\n\tProductModule,\n\tSnackBarModule,\n\tTopBarModule\n]"
				}
			],
			"groups": [
				{
					"title": "Variables",
					"kind": 32,
					"children": [100]
				}
			],
			"sources": [
				{
					"fileName": "molecules/molecules-components.ts",
					"line": 1,
					"character": 0
				}
			]
		},
		{
			"id": 35,
			"name": "\"molecules/motive-field/motive-field.component\"",
			"kind": 1,
			"kindString": "External module",
			"flags": {
				"isExported": true,
				"isExternal": true
			},
			"originalName": "/Users/mlmv/Workspace/SANTANDER/flame-santander/flame-workspace/libs/flame-component-library/src/lib/molecules/motive-field/motive-field.component.ts",
			"children": [
				{
					"id": 36,
					"name": "MotiveFieldComponent",
					"kind": 128,
					"kindString": "Class",
					"flags": {
						"isExported": true,
						"isExternal": true
					},
					"decorators": [
						{
							"name": "Component",
							"type": {
								"type": "reference",
								"name": "Component"
							},
							"arguments": {
								"obj": "{\n\tselector: 'sn-motive-field',\n\ttemplateUrl: './motive-field.component.html',\n\tstyleUrls: ['./motive-field.component.scss']\n}"
							}
						}
					],
					"children": [
						{
							"id": 51,
							"name": "constructor",
							"kind": 512,
							"kindString": "Constructor",
							"flags": {
								"isExported": true,
								"isExternal": true
							},
							"signatures": [
								{
									"id": 52,
									"name": "new MotiveFieldComponent",
									"kind": 16384,
									"kindString": "Constructor signature",
									"flags": {},
									"type": {
										"type": "reference",
										"name": "MotiveFieldComponent",
										"id": 36
									}
								}
							],
							"sources": [
								{
									"fileName": "molecules/motive-field/motive-field.component.ts",
									"line": 76,
									"character": 2
								}
							]
						},
						{
							"id": 43,
							"name": "cleanButtonActive",
							"kind": 1024,
							"kindString": "Property",
							"flags": {
								"isPublic": true,
								"isExported": true,
								"isExternal": true
							},
							"sources": [
								{
									"fileName": "molecules/motive-field/motive-field.component.ts",
									"line": 32,
									"character": 25
								}
							],
							"type": {
								"type": "intrinsic",
								"name": "boolean"
							},
							"defaultValue": "false"
						},
						{
							"id": 38,
							"name": "disableComponent",
							"kind": 1024,
							"kindString": "Property",
							"flags": {
								"isExported": true,
								"isExternal": true
							},
							"decorators": [
								{
									"name": "Input",
									"type": {
										"type": "reference",
										"name": "Input"
									},
									"arguments": {}
								}
							],
							"sources": [
								{
									"fileName": "molecules/motive-field/motive-field.component.ts",
									"line": 21,
									"character": 26
								}
							],
							"type": {
								"type": "intrinsic",
								"name": "boolean"
							},
							"defaultValue": "true"
						},
						{
							"id": 40,
							"name": "inputMotive",
							"kind": 1024,
							"kindString": "Property",
							"flags": {
								"isExported": true,
								"isExternal": true
							},
							"decorators": [
								{
									"name": "ViewChild",
									"type": {
										"type": "reference",
										"name": "ViewChild"
									},
									"arguments": {
										"selector": "'motiveInput'"
									}
								}
							],
							"sources": [
								{
									"fileName": "molecules/motive-field/motive-field.component.ts",
									"line": 25,
									"character": 38
								}
							],
							"type": {
								"type": "reference",
								"name": "ElementRef"
							}
						},
						{
							"id": 41,
							"name": "minWidth",
							"kind": 1024,
							"kindString": "Property",
							"flags": {
								"isPublic": true,
								"isExported": true,
								"isExternal": true
							},
							"sources": [
								{
									"fileName": "molecules/motive-field/motive-field.component.ts",
									"line": 28,
									"character": 16
								}
							],
							"type": {
								"type": "intrinsic",
								"name": "number"
							},
							"defaultValue": "80"
						},
						{
							"id": 37,
							"name": "motivo",
							"kind": 1024,
							"kindString": "Property",
							"flags": {
								"isExported": true,
								"isExternal": true
							},
							"decorators": [
								{
									"name": "Output",
									"type": {
										"type": "reference",
										"name": "Output"
									},
									"arguments": {}
								}
							],
							"sources": [
								{
									"fileName": "molecules/motive-field/motive-field.component.ts",
									"line": 18,
									"character": 17
								}
							],
							"type": {
								"type": "reference",
								"name": "EventEmitter",
								"typeArguments": [
									{
										"type": "intrinsic",
										"name": "string"
									}
								]
							},
							"defaultValue": " new EventEmitter<string>()"
						},
						{
							"id": 39,
							"name": "textHelper",
							"kind": 1024,
							"kindString": "Property",
							"flags": {
								"isExported": true,
								"isExternal": true
							},
							"decorators": [
								{
									"name": "ViewChild",
									"type": {
										"type": "reference",
										"name": "ViewChild"
									},
									"arguments": {
										"selector": "'hiddenText'"
									}
								}
							],
							"sources": [
								{
									"fileName": "molecules/motive-field/motive-field.component.ts",
									"line": 24,
									"character": 36
								}
							],
							"type": {
								"type": "reference",
								"name": "ElementRef"
							}
						},
						{
							"id": 42,
							"name": "width",
							"kind": 1024,
							"kindString": "Property",
							"flags": {
								"isPublic": true,
								"isExported": true,
								"isExternal": true
							},
							"sources": [
								{
									"fileName": "molecules/motive-field/motive-field.component.ts",
									"line": 29,
									"character": 13
								}
							],
							"type": {
								"type": "intrinsic",
								"name": "number"
							},
							"defaultValue": " this.minWidth"
						},
						{
							"id": 48,
							"name": "calculateFocusWidth",
							"kind": 2048,
							"kindString": "Method",
							"flags": {
								"isExported": true,
								"isExternal": true
							},
							"signatures": [
								{
									"id": 49,
									"name": "calculateFocusWidth",
									"kind": 4096,
									"kindString": "Call signature",
									"flags": {},
									"parameters": [
										{
											"id": 50,
											"name": "focusin",
											"kind": 32768,
											"kindString": "Parameter",
											"flags": {},
											"type": {
												"type": "intrinsic",
												"name": "boolean"
											},
											"defaultValue": "true"
										}
									],
									"type": {
										"type": "intrinsic",
										"name": "void"
									}
								}
							],
							"sources": [
								{
									"fileName": "molecules/motive-field/motive-field.component.ts",
									"line": 63,
									"character": 20
								}
							]
						},
						{
							"id": 53,
							"name": "ngOnInit",
							"kind": 2048,
							"kindString": "Method",
							"flags": {
								"isExported": true,
								"isExternal": true
							},
							"signatures": [
								{
									"id": 54,
									"name": "ngOnInit",
									"kind": 4096,
									"kindString": "Call signature",
									"flags": {},
									"type": {
										"type": "intrinsic",
										"name": "void"
									}
								}
							],
							"sources": [
								{
									"fileName": "molecules/motive-field/motive-field.component.ts",
									"line": 82,
									"character": 9
								}
							]
						},
						{
							"id": 46,
							"name": "resetInput",
							"kind": 2048,
							"kindString": "Method",
							"flags": {
								"isExported": true,
								"isExternal": true
							},
							"signatures": [
								{
									"id": 47,
									"name": "resetInput",
									"kind": 4096,
									"kindString": "Call signature",
									"flags": {},
									"type": {
										"type": "intrinsic",
										"name": "void"
									}
								}
							],
							"sources": [
								{
									"fileName": "molecules/motive-field/motive-field.component.ts",
									"line": 48,
									"character": 11
								}
							]
						},
						{
							"id": 44,
							"name": "resize",
							"kind": 2048,
							"kindString": "Method",
							"flags": {
								"isExported": true,
								"isExternal": true
							},
							"signatures": [
								{
									"id": 45,
									"name": "resize",
									"kind": 4096,
									"kindString": "Call signature",
									"flags": {},
									"type": {
										"type": "intrinsic",
										"name": "void"
									}
								}
							],
							"sources": [
								{
									"fileName": "molecules/motive-field/motive-field.component.ts",
									"line": 34,
									"character": 7
								}
							]
						}
					],
					"groups": [
						{
							"title": "Constructors",
							"kind": 512,
							"children": [51]
						},
						{
							"title": "Properties",
							"kind": 1024,
							"children": [43, 38, 40, 41, 37, 39, 42]
						},
						{
							"title": "Methods",
							"kind": 2048,
							"children": [48, 53, 46, 44]
						}
					],
					"sources": [
						{
							"fileName": "molecules/motive-field/motive-field.component.ts",
							"line": 16,
							"character": 33
						}
					],
					"implementedTypes": [
						{
							"type": "reference",
							"name": "OnInit"
						}
					]
				}
			],
			"groups": [
				{
					"title": "Classes",
					"kind": 128,
					"children": [36]
				}
			],
			"sources": [
				{
					"fileName": "molecules/motive-field/motive-field.component.ts",
					"line": 1,
					"character": 0
				}
			]
		},
		{
			"id": 55,
			"name": "\"molecules/motive-field/motive-field.module\"",
			"kind": 1,
			"kindString": "External module",
			"flags": {
				"isExported": true,
				"isExternal": true
			},
			"originalName": "/Users/mlmv/Workspace/SANTANDER/flame-santander/flame-workspace/libs/flame-component-library/src/lib/molecules/motive-field/motive-field.module.ts",
			"children": [
				{
					"id": 56,
					"name": "MotiveFieldModule",
					"kind": 128,
					"kindString": "Class",
					"flags": {
						"isExported": true,
						"isExternal": true
					},
					"decorators": [
						{
							"name": "NgModule",
							"type": {
								"type": "reference",
								"name": "NgModule"
							},
							"arguments": {
								"obj": "{\n\timports: [CommonModule, IconModule],\n\tdeclarations: [MotiveFieldComponent],\n\texports: [MotiveFieldComponent]\n}"
							}
						}
					],
					"sources": [
						{
							"fileName": "molecules/motive-field/motive-field.module.ts",
							"line": 11,
							"character": 30
						}
					]
				}
			],
			"groups": [
				{
					"title": "Classes",
					"kind": 128,
					"children": [56]
				}
			],
			"sources": [
				{
					"fileName": "molecules/motive-field/motive-field.module.ts",
					"line": 1,
					"character": 0
				}
			]
		},
		{
			"id": 57,
			"name": "\"molecules/navbar/navbar.component\"",
			"kind": 1,
			"kindString": "External module",
			"flags": {
				"isExported": true,
				"isExternal": true
			},
			"originalName": "/Users/mlmv/Workspace/SANTANDER/flame-santander/flame-workspace/libs/flame-component-library/src/lib/molecules/navbar/navbar.component.ts",
			"children": [
				{
					"id": 58,
					"name": "NavbarComponent",
					"kind": 128,
					"kindString": "Class",
					"flags": {
						"isExported": true,
						"isExternal": true
					},
					"decorators": [
						{
							"name": "Component",
							"type": {
								"type": "reference",
								"name": "Component"
							},
							"arguments": {
								"obj": "{\n\tselector: 'sn-navbar',\n\ttemplate: `\n\t\t<footer>\n\t\t\t<div\n\t\t\t\tclass=\"flat-button\"\n\t\t\t\t[ngClass]=\"active === i ? 'active' : 'inactive'\"\n\t\t\t\t*ngFor=\"let ele of buttons; index as i\"\n\t\t\t\t(click)=\"selectElement(i, ele.route)\"\n\t\t\t>\n\t\t\t\t<sn-icon [icon]=\"'sn-' + ele.icon\" color=\"gray\"></sn-icon>\n\t\t\t\t<div class=\"title\">{{ ele.name }}</div>\n\t\t\t</div>\n\t\t</footer>\n\t`,\n\tstyleUrls: ['./navbar.component.scss']\n}"
							}
						}
					],
					"children": [
						{
							"id": 61,
							"name": "constructor",
							"kind": 512,
							"kindString": "Constructor",
							"flags": {
								"isExported": true,
								"isExternal": true
							},
							"signatures": [
								{
									"id": 62,
									"name": "new NavbarComponent",
									"kind": 16384,
									"kindString": "Constructor signature",
									"flags": {},
									"type": {
										"type": "reference",
										"name": "NavbarComponent",
										"id": 58
									}
								}
							],
							"sources": [
								{
									"fileName": "molecules/navbar/navbar.component.ts",
									"line": 22,
									"character": 44
								}
							]
						},
						{
							"id": 63,
							"name": "active",
							"kind": 1024,
							"kindString": "Property",
							"flags": {
								"isExported": true,
								"isExternal": true
							},
							"sources": [
								{
									"fileName": "molecules/navbar/navbar.component.ts",
									"line": 24,
									"character": 7
								}
							],
							"type": {
								"type": "intrinsic",
								"name": "number"
							},
							"defaultValue": "0"
						},
						{
							"id": 59,
							"name": "buttons",
							"kind": 1024,
							"kindString": "Property",
							"flags": {
								"isExported": true,
								"isExternal": true
							},
							"decorators": [
								{
									"name": "Input",
									"type": {
										"type": "reference",
										"name": "Input"
									},
									"arguments": {}
								}
							],
							"sources": [
								{
									"fileName": "molecules/navbar/navbar.component.ts",
									"line": 21,
									"character": 17
								}
							],
							"type": {
								"type": "intrinsic",
								"name": "any"
							}
						},
						{
							"id": 60,
							"name": "onSelection",
							"kind": 1024,
							"kindString": "Property",
							"flags": {
								"isExported": true,
								"isExternal": true
							},
							"decorators": [
								{
									"name": "Output",
									"type": {
										"type": "reference",
										"name": "Output"
									},
									"arguments": {}
								}
							],
							"sources": [
								{
									"fileName": "molecules/navbar/navbar.component.ts",
									"line": 22,
									"character": 22
								}
							],
							"type": {
								"type": "reference",
								"name": "EventEmitter",
								"typeArguments": [
									{
										"type": "intrinsic",
										"name": "Object"
									}
								]
							},
							"defaultValue": " new EventEmitter()"
						},
						{
							"id": 64,
							"name": "selectElement",
							"kind": 2048,
							"kindString": "Method",
							"flags": {
								"isExported": true,
								"isExternal": true
							},
							"signatures": [
								{
									"id": 65,
									"name": "selectElement",
									"kind": 4096,
									"kindString": "Call signature",
									"flags": {},
									"parameters": [
										{
											"id": 66,
											"name": "i",
											"kind": 32768,
											"kindString": "Parameter",
											"flags": {},
											"type": {
												"type": "intrinsic",
												"name": "number"
											}
										},
										{
											"id": 67,
											"name": "route",
											"kind": 32768,
											"kindString": "Parameter",
											"flags": {},
											"type": {
												"type": "intrinsic",
												"name": "string"
											}
										}
									],
									"type": {
										"type": "intrinsic",
										"name": "void"
									}
								}
							],
							"sources": [
								{
									"fileName": "molecules/navbar/navbar.component.ts",
									"line": 25,
									"character": 14
								}
							]
						}
					],
					"groups": [
						{
							"title": "Constructors",
							"kind": 512,
							"children": [61]
						},
						{
							"title": "Properties",
							"kind": 1024,
							"children": [63, 59, 60]
						},
						{
							"title": "Methods",
							"kind": 2048,
							"children": [64]
						}
					],
					"sources": [
						{
							"fileName": "molecules/navbar/navbar.component.ts",
							"line": 20,
							"character": 28
						}
					]
				}
			],
			"groups": [
				{
					"title": "Classes",
					"kind": 128,
					"children": [58]
				}
			],
			"sources": [
				{
					"fileName": "molecules/navbar/navbar.component.ts",
					"line": 1,
					"character": 0
				}
			]
		},
		{
			"id": 68,
			"name": "\"molecules/navbar/navbar.module\"",
			"kind": 1,
			"kindString": "External module",
			"flags": {
				"isExported": true,
				"isExternal": true
			},
			"originalName": "/Users/mlmv/Workspace/SANTANDER/flame-santander/flame-workspace/libs/flame-component-library/src/lib/molecules/navbar/navbar.module.ts",
			"children": [
				{
					"id": 69,
					"name": "NavbarModule",
					"kind": 128,
					"kindString": "Class",
					"flags": {
						"isExported": true,
						"isExternal": true
					},
					"decorators": [
						{
							"name": "NgModule",
							"type": {
								"type": "reference",
								"name": "NgModule"
							},
							"arguments": {
								"obj": "{\n\timports: [CommonModule, IconModule],\n\tdeclarations: [NavbarComponent],\n\texports: [NavbarComponent]\n}"
							}
						}
					],
					"sources": [
						{
							"fileName": "molecules/navbar/navbar.module.ts",
							"line": 11,
							"character": 25
						}
					]
				}
			],
			"groups": [
				{
					"title": "Classes",
					"kind": 128,
					"children": [69]
				}
			],
			"sources": [
				{
					"fileName": "molecules/navbar/navbar.module.ts",
					"line": 1,
					"character": 0
				}
			]
		},
		{
			"id": 70,
			"name": "\"molecules/product/product.component\"",
			"kind": 1,
			"kindString": "External module",
			"flags": {
				"isExported": true,
				"isExternal": true
			},
			"originalName": "/Users/mlmv/Workspace/SANTANDER/flame-santander/flame-workspace/libs/flame-component-library/src/lib/molecules/product/product.component.ts",
			"children": [
				{
					"id": 71,
					"name": "ProductComponent",
					"kind": 128,
					"kindString": "Class",
					"flags": {
						"isExported": true,
						"isExternal": true
					},
					"decorators": [
						{
							"name": "Component",
							"type": {
								"type": "reference",
								"name": "Component"
							},
							"arguments": {
								"obj": "{\n\tselector: 'sn-product',\n\ttemplateUrl: './product.component.html',\n\tstyleUrls: ['./product.component.scss'],\n\tencapsulation: ViewEncapsulation.None\n}"
							}
						}
					],
					"children": [
						{
							"id": 72,
							"name": "constructor",
							"kind": 512,
							"kindString": "Constructor",
							"flags": {
								"isExported": true,
								"isExternal": true
							},
							"signatures": [
								{
									"id": 73,
									"name": "new ProductComponent",
									"kind": 16384,
									"kindString": "Constructor signature",
									"flags": {},
									"type": {
										"type": "reference",
										"name": "ProductComponent",
										"id": 71
									}
								}
							],
							"sources": [
								{
									"fileName": "molecules/product/product.component.ts",
									"line": 9,
									"character": 49
								}
							]
						},
						{
							"id": 74,
							"name": "account",
							"kind": 1024,
							"kindString": "Property",
							"flags": {
								"isExported": true,
								"isExternal": true
							},
							"decorators": [
								{
									"name": "Input",
									"type": {
										"type": "reference",
										"name": "Input"
									},
									"arguments": {}
								}
							],
							"sources": [
								{
									"fileName": "molecules/product/product.component.ts",
									"line": 12,
									"character": 17
								}
							],
							"type": {
								"type": "intrinsic",
								"name": "string"
							}
						},
						{
							"id": 75,
							"name": "amount",
							"kind": 1024,
							"kindString": "Property",
							"flags": {
								"isExported": true,
								"isExternal": true
							},
							"decorators": [
								{
									"name": "Input",
									"type": {
										"type": "reference",
										"name": "Input"
									},
									"arguments": {}
								}
							],
							"sources": [
								{
									"fileName": "molecules/product/product.component.ts",
									"line": 13,
									"character": 16
								}
							],
							"type": {
								"type": "intrinsic",
								"name": "string"
							}
						},
						{
							"id": 76,
							"name": "currency",
							"kind": 1024,
							"kindString": "Property",
							"flags": {
								"isExported": true,
								"isExternal": true
							},
							"decorators": [
								{
									"name": "Input",
									"type": {
										"type": "reference",
										"name": "Input"
									},
									"arguments": {}
								}
							],
							"sources": [
								{
									"fileName": "molecules/product/product.component.ts",
									"line": 14,
									"character": 18
								}
							],
							"type": {
								"type": "intrinsic",
								"name": "string"
							}
						},
						{
							"id": 77,
							"name": "displayName",
							"kind": 1024,
							"kindString": "Property",
							"flags": {
								"isExported": true,
								"isExternal": true
							},
							"decorators": [
								{
									"name": "Input",
									"type": {
										"type": "reference",
										"name": "Input"
									},
									"arguments": {}
								}
							],
							"sources": [
								{
									"fileName": "molecules/product/product.component.ts",
									"line": 15,
									"character": 21
								}
							],
							"type": {
								"type": "intrinsic",
								"name": "string"
							}
						},
						{
							"id": 78,
							"name": "type",
							"kind": 1024,
							"kindString": "Property",
							"flags": {
								"isExported": true,
								"isExternal": true
							},
							"decorators": [
								{
									"name": "Input",
									"type": {
										"type": "reference",
										"name": "Input"
									},
									"arguments": {}
								}
							],
							"sources": [
								{
									"fileName": "molecules/product/product.component.ts",
									"line": 16,
									"character": 14
								}
							],
							"type": {
								"type": "intrinsic",
								"name": "string"
							}
						},
						{
							"id": 79,
							"name": "ngOnInit",
							"kind": 2048,
							"kindString": "Method",
							"flags": {
								"isExported": true,
								"isExternal": true
							},
							"signatures": [
								{
									"id": 80,
									"name": "ngOnInit",
									"kind": 4096,
									"kindString": "Call signature",
									"flags": {},
									"type": {
										"type": "intrinsic",
										"name": "void"
									}
								}
							],
							"sources": [
								{
									"fileName": "molecules/product/product.component.ts",
									"line": 18,
									"character": 9
								}
							]
						}
					],
					"groups": [
						{
							"title": "Constructors",
							"kind": 512,
							"children": [72]
						},
						{
							"title": "Properties",
							"kind": 1024,
							"children": [74, 75, 76, 77, 78]
						},
						{
							"title": "Methods",
							"kind": 2048,
							"children": [79]
						}
					],
					"sources": [
						{
							"fileName": "molecules/product/product.component.ts",
							"line": 9,
							"character": 29
						}
					],
					"implementedTypes": [
						{
							"type": "reference",
							"name": "OnInit"
						}
					]
				}
			],
			"groups": [
				{
					"title": "Classes",
					"kind": 128,
					"children": [71]
				}
			],
			"sources": [
				{
					"fileName": "molecules/product/product.component.ts",
					"line": 1,
					"character": 0
				}
			]
		},
		{
			"id": 81,
			"name": "\"molecules/product/product.module\"",
			"kind": 1,
			"kindString": "External module",
			"flags": {
				"isExported": true,
				"isExternal": true
			},
			"originalName": "/Users/mlmv/Workspace/SANTANDER/flame-santander/flame-workspace/libs/flame-component-library/src/lib/molecules/product/product.module.ts",
			"children": [
				{
					"id": 82,
					"name": "ProductModule",
					"kind": 128,
					"kindString": "Class",
					"flags": {
						"isExported": true,
						"isExternal": true
					},
					"decorators": [
						{
							"name": "NgModule",
							"type": {
								"type": "reference",
								"name": "NgModule"
							},
							"arguments": {
								"obj": "{\n\timports: [CommonModule],\n\tdeclarations: [ProductComponent],\n\texports: [ProductComponent]\n}"
							}
						}
					],
					"sources": [
						{
							"fileName": "molecules/product/product.module.ts",
							"line": 10,
							"character": 26
						}
					]
				}
			],
			"groups": [
				{
					"title": "Classes",
					"kind": 128,
					"children": [82]
				}
			],
			"sources": [
				{
					"fileName": "molecules/product/product.module.ts",
					"line": 1,
					"character": 0
				}
			]
		},
		{
			"id": 83,
			"name": "\"molecules/snackbar/snackbar.component\"",
			"kind": 1,
			"kindString": "External module",
			"flags": {
				"isExported": true,
				"isExternal": true
			},
			"originalName": "/Users/mlmv/Workspace/SANTANDER/flame-santander/flame-workspace/libs/flame-component-library/src/lib/molecules/snackbar/snackbar.component.ts",
			"children": [
				{
					"id": 84,
					"name": "SnackbarComponent",
					"kind": 128,
					"kindString": "Class",
					"flags": {
						"isExported": true,
						"isExternal": true
					},
					"decorators": [
						{
							"name": "Component",
							"type": {
								"type": "reference",
								"name": "Component"
							},
							"arguments": {
								"obj": "{\n\tselector: 'sn-snackbar',\n\ttemplateUrl: './snackbar.component.html',\n\tstyleUrls: ['./snackbar.component.css']\n}"
							}
						}
					],
					"children": [
						{
							"id": 85,
							"name": "constructor",
							"kind": 512,
							"kindString": "Constructor",
							"flags": {
								"isExported": true,
								"isExternal": true
							},
							"signatures": [
								{
									"id": 86,
									"name": "new SnackbarComponent",
									"kind": 16384,
									"kindString": "Constructor signature",
									"flags": {},
									"type": {
										"type": "reference",
										"name": "SnackbarComponent",
										"id": 84
									}
								}
							],
							"sources": [
								{
									"fileName": "molecules/snackbar/snackbar.component.ts",
									"line": 8,
									"character": 50
								}
							]
						},
						{
							"id": 87,
							"name": "ngOnInit",
							"kind": 2048,
							"kindString": "Method",
							"flags": {
								"isExported": true,
								"isExternal": true
							},
							"signatures": [
								{
									"id": 88,
									"name": "ngOnInit",
									"kind": 4096,
									"kindString": "Call signature",
									"flags": {},
									"type": {
										"type": "intrinsic",
										"name": "void"
									}
								}
							],
							"sources": [
								{
									"fileName": "molecules/snackbar/snackbar.component.ts",
									"line": 11,
									"character": 9
								}
							]
						}
					],
					"groups": [
						{
							"title": "Constructors",
							"kind": 512,
							"children": [85]
						},
						{
							"title": "Methods",
							"kind": 2048,
							"children": [87]
						}
					],
					"sources": [
						{
							"fileName": "molecules/snackbar/snackbar.component.ts",
							"line": 8,
							"character": 30
						}
					],
					"implementedTypes": [
						{
							"type": "reference",
							"name": "OnInit"
						}
					]
				}
			],
			"groups": [
				{
					"title": "Classes",
					"kind": 128,
					"children": [84]
				}
			],
			"sources": [
				{
					"fileName": "molecules/snackbar/snackbar.component.ts",
					"line": 1,
					"character": 0
				}
			]
		},
		{
			"id": 89,
			"name": "\"molecules/snackbar/snackbar.module\"",
			"kind": 1,
			"kindString": "External module",
			"flags": {
				"isExported": true,
				"isExternal": true
			},
			"originalName": "/Users/mlmv/Workspace/SANTANDER/flame-santander/flame-workspace/libs/flame-component-library/src/lib/molecules/snackbar/snackbar.module.ts",
			"children": [
				{
					"id": 90,
					"name": "SnackBarModule",
					"kind": 128,
					"kindString": "Class",
					"flags": {
						"isExported": true,
						"isExternal": true
					},
					"decorators": [
						{
							"name": "NgModule",
							"type": {
								"type": "reference",
								"name": "NgModule"
							},
							"arguments": {
								"obj": "{\n\timports: [],\n\tdeclarations: [SnackbarComponent],\n\texports: [SnackbarComponent]\n}"
							}
						}
					],
					"sources": [
						{
							"fileName": "molecules/snackbar/snackbar.module.ts",
							"line": 9,
							"character": 27
						}
					]
				}
			],
			"groups": [
				{
					"title": "Classes",
					"kind": 128,
					"children": [90]
				}
			],
			"sources": [
				{
					"fileName": "molecules/snackbar/snackbar.module.ts",
					"line": 1,
					"character": 0
				}
			]
		},
		{
			"id": 91,
			"name": "\"molecules/top-bar/top-bar.component\"",
			"kind": 1,
			"kindString": "External module",
			"flags": {
				"isExported": true,
				"isExternal": true
			},
			"originalName": "/Users/mlmv/Workspace/SANTANDER/flame-santander/flame-workspace/libs/flame-component-library/src/lib/molecules/top-bar/top-bar.component.ts",
			"children": [
				{
					"id": 92,
					"name": "TopBarComponent",
					"kind": 128,
					"kindString": "Class",
					"flags": {
						"isExported": true,
						"isExternal": true
					},
					"decorators": [
						{
							"name": "Component",
							"type": {
								"type": "reference",
								"name": "Component"
							},
							"arguments": {
								"obj": "{\n\tselector: 'sn-top-bar',\n\ttemplate: `\n\t\t<header>\n\t\t\t<nav theme class=\"navbar\">\n\t\t\t\t<div><ng-content select=\"[left]\"></ng-content></div>\n\t\t\t\t<div select=\"[center]\">{{ title }}</div>\n\t\t\t\t<div><ng-content select=\"[right]\"></ng-content></div>\n\t\t\t</nav>\n\t\t</header>\n\t`,\n\tstyleUrls: ['./top-bar.component.scss']\n}"
							}
						}
					],
					"children": [
						{
							"id": 95,
							"name": "constructor",
							"kind": 512,
							"kindString": "Constructor",
							"flags": {
								"isExported": true,
								"isExternal": true
							},
							"signatures": [
								{
									"id": 96,
									"name": "new TopBarComponent",
									"kind": 16384,
									"kindString": "Constructor signature",
									"flags": {},
									"type": {
										"type": "reference",
										"name": "TopBarComponent",
										"id": 92
									}
								}
							],
							"sources": [
								{
									"fileName": "molecules/top-bar/top-bar.component.ts",
									"line": 18,
									"character": 24
								}
							]
						},
						{
							"id": 94,
							"name": "color",
							"kind": 1024,
							"kindString": "Property",
							"flags": {
								"isExported": true,
								"isExternal": true
							},
							"decorators": [
								{
									"name": "Input",
									"type": {
										"type": "reference",
										"name": "Input"
									},
									"arguments": {}
								}
							],
							"sources": [
								{
									"fileName": "molecules/top-bar/top-bar.component.ts",
									"line": 18,
									"character": 15
								}
							],
							"type": {
								"type": "intrinsic",
								"name": "string"
							}
						},
						{
							"id": 93,
							"name": "title",
							"kind": 1024,
							"kindString": "Property",
							"flags": {
								"isExported": true,
								"isExternal": true
							},
							"decorators": [
								{
									"name": "Input",
									"type": {
										"type": "reference",
										"name": "Input"
									},
									"arguments": {}
								}
							],
							"sources": [
								{
									"fileName": "molecules/top-bar/top-bar.component.ts",
									"line": 17,
									"character": 15
								}
							],
							"type": {
								"type": "intrinsic",
								"name": "string"
							}
						}
					],
					"groups": [
						{
							"title": "Constructors",
							"kind": 512,
							"children": [95]
						},
						{
							"title": "Properties",
							"kind": 1024,
							"children": [94, 93]
						}
					],
					"sources": [
						{
							"fileName": "molecules/top-bar/top-bar.component.ts",
							"line": 16,
							"character": 28
						}
					]
				}
			],
			"groups": [
				{
					"title": "Classes",
					"kind": 128,
					"children": [92]
				}
			],
			"sources": [
				{
					"fileName": "molecules/top-bar/top-bar.component.ts",
					"line": 1,
					"character": 0
				}
			]
		},
		{
			"id": 97,
			"name": "\"molecules/top-bar/top-bar.module\"",
			"kind": 1,
			"kindString": "External module",
			"flags": {
				"isExported": true,
				"isExternal": true
			},
			"originalName": "/Users/mlmv/Workspace/SANTANDER/flame-santander/flame-workspace/libs/flame-component-library/src/lib/molecules/top-bar/top-bar.module.ts",
			"children": [
				{
					"id": 98,
					"name": "TopBarModule",
					"kind": 128,
					"kindString": "Class",
					"flags": {
						"isExported": true,
						"isExternal": true
					},
					"decorators": [
						{
							"name": "NgModule",
							"type": {
								"type": "reference",
								"name": "NgModule"
							},
							"arguments": {
								"obj": "{\n\timports: [],\n\tdeclarations: [TopBarComponent],\n\texports: [TopBarComponent]\n}"
							}
						}
					],
					"sources": [
						{
							"fileName": "molecules/top-bar/top-bar.module.ts",
							"line": 9,
							"character": 25
						}
					]
				}
			],
			"groups": [
				{
					"title": "Classes",
					"kind": 128,
					"children": [98]
				}
			],
			"sources": [
				{
					"fileName": "molecules/top-bar/top-bar.module.ts",
					"line": 1,
					"character": 0
				}
			]
		}
	],
	"groups": [
		{
			"title": "External modules",
			"kind": 1,
			"children": [
				21,
				24,
				1,
				26,
				28,
				33,
				99,
				35,
				55,
				57,
				68,
				70,
				81,
				83,
				89,
				91,
				97
			]
		}
	]
}
