{
  "project_info": {
    "project_number": "209968485610",
    "firebase_url": "https://exampleapp-616d2.firebaseio.com",
    "project_id": "exampleapp-616d2",
    "storage_bucket": "exampleapp-616d2.appspot.com"
  },
  "client": [
    {
      "client_info": {
        "mobilesdk_app_id": "1:209968485610:android:8ba87111f874784d",
        "android_client_info": {
          "package_name": "com.santander.globile.app"
        }
      },
      "oauth_client": [
        {
          "client_id": "209968485610-pfqti636kkiej4gs7d8f4o35ti7t7q8r.apps.googleusercontent.com",
          "client_type": 3
        }
      ],
      "api_key": [
        {
          "current_key": "AIzaSyDj0B4c74IXJAyFQ0tyHXNKT140r8nMUro"
        }
      ],
      "services": {
        "analytics_service": {
          "status": 1
        },
        "appinvite_service": {
          "status": 1,
          "other_platform_oauth_client": []
        },
        "ads_service": {
          "status": 2
        }
      }
    }
  ],
  "configuration_version": "1"
}