{
	"id": 0,
	"name": "@santander/flame-component-library",
	"kind": 0,
	"flags": {},
	"children": [
		{
			"id": 6,
			"name": "\"carousel-slide.directive\"",
			"kind": 1,
			"kindString": "External module",
			"flags": {
				"isExported": true,
				"isExternal": true
			},
			"originalName": "/Users/mlmv/Workspace/SANTANDER/flame-santander/flame-workspace/libs/flame-component-library/src/lib/atoms/carousel/carousel-slide.directive.ts",
			"children": [
				{
					"id": 7,
					"name": "SnSlideDirective",
					"kind": 128,
					"kindString": "Class",
					"flags": {
						"isExported": true,
						"isExternal": true
					},
					"decorators": [
						{
							"name": "Directive",
							"type": {
								"type": "reference",
								"name": "Directive"
							},
							"arguments": {
								"obj": "{\n\tselector: '[snSlide]',\n\texportAs: 'SnSlideDirective'\n}"
							}
						}
					],
					"children": [
						{
							"id": 13,
							"name": "activated",
							"kind": 1024,
							"kindString": "Property",
							"flags": {
								"isExported": true,
								"isExternal": true
							},
							"decorators": [
								{
									"name": "Input",
									"type": {
										"type": "reference",
										"name": "Input"
									},
									"arguments": {}
								}
							],
							"sources": [
								{
									"fileName": "carousel-slide.directive.ts",
									"line": 19,
									"character": 19
								}
							],
							"type": {
								"type": "intrinsic",
								"name": "boolean"
							},
							"defaultValue": "false",
							"implementationOf": {
								"type": "reference",
								"name": "Slide.activated",
								"id": 4
							}
						},
						{
							"id": 18,
							"name": "completed",
							"kind": 1024,
							"kindString": "Property",
							"flags": {
								"isExported": true,
								"isExternal": true
							},
							"decorators": [
								{
									"name": "Input",
									"type": {
										"type": "reference",
										"name": "Input"
									},
									"arguments": {}
								}
							],
							"sources": [
								{
									"fileName": "carousel-slide.directive.ts",
									"line": 27,
									"character": 19
								}
							],
							"type": {
								"type": "intrinsic",
								"name": "boolean"
							},
							"defaultValue": "false",
							"implementationOf": {
								"type": "reference",
								"name": "Slide.completed",
								"id": 5
							}
						},
						{
							"id": 8,
							"name": "id",
							"kind": 1024,
							"kindString": "Property",
							"flags": {
								"isPublic": true,
								"isExported": true,
								"isExternal": true
							},
							"sources": [
								{
									"fileName": "carousel-slide.directive.ts",
									"line": 9,
									"character": 10
								}
							],
							"type": {
								"type": "intrinsic",
								"name": "string"
							},
							"implementationOf": {
								"type": "reference",
								"name": "Slide.id",
								"id": 3
							}
						},
						{
							"id": 23,
							"name": "onActivate",
							"kind": 1024,
							"kindString": "Property",
							"flags": {
								"isExported": true,
								"isExternal": true
							},
							"decorators": [
								{
									"name": "Output",
									"type": {
										"type": "reference",
										"name": "Output"
									},
									"arguments": {}
								}
							],
							"sources": [
								{
									"fileName": "carousel-slide.directive.ts",
									"line": 35,
									"character": 21
								}
							],
							"type": {
								"type": "reference",
								"name": "EventEmitter",
								"typeArguments": [
									{
										"type": "reference",
										"name": "Slide",
										"id": 2
									}
								]
							},
							"defaultValue": " new EventEmitter<Slide>()"
						},
						{
							"id": 25,
							"name": "onComplete",
							"kind": 1024,
							"kindString": "Property",
							"flags": {
								"isExported": true,
								"isExternal": true
							},
							"decorators": [
								{
									"name": "Output",
									"type": {
										"type": "reference",
										"name": "Output"
									},
									"arguments": {}
								}
							],
							"sources": [
								{
									"fileName": "carousel-slide.directive.ts",
									"line": 39,
									"character": 21
								}
							],
							"type": {
								"type": "reference",
								"name": "EventEmitter",
								"typeArguments": [
									{
										"type": "reference",
										"name": "Slide",
										"id": 2
									}
								]
							},
							"defaultValue": " new EventEmitter<Slide>()"
						},
						{
							"id": 24,
							"name": "onDeactivate",
							"kind": 1024,
							"kindString": "Property",
							"flags": {
								"isExported": true,
								"isExternal": true
							},
							"decorators": [
								{
									"name": "Output",
									"type": {
										"type": "reference",
										"name": "Output"
									},
									"arguments": {}
								}
							],
							"sources": [
								{
									"fileName": "carousel-slide.directive.ts",
									"line": 37,
									"character": 23
								}
							],
							"type": {
								"type": "reference",
								"name": "EventEmitter",
								"typeArguments": [
									{
										"type": "reference",
										"name": "Slide",
										"id": 2
									}
								]
							},
							"defaultValue": " new EventEmitter<Slide>()"
						},
						{
							"id": 14,
							"name": "_activated",
							"kind": 262144,
							"kindString": "Accessor",
							"flags": {
								"isPrivate": true,
								"isExported": true,
								"isExternal": true
							},
							"getSignature": [
								{
									"id": 17,
									"name": "__get",
									"kind": 524288,
									"kindString": "Get signature",
									"flags": {},
									"type": {
										"type": "intrinsic",
										"name": "boolean"
									}
								}
							],
							"setSignature": [
								{
									"id": 15,
									"name": "__set",
									"kind": 1048576,
									"kindString": "Set signature",
									"flags": {},
									"parameters": [
										{
											"id": 16,
											"name": "value",
											"kind": 32768,
											"kindString": "Parameter",
											"flags": {},
											"type": {
												"type": "intrinsic",
												"name": "boolean"
											}
										}
									],
									"type": {
										"type": "intrinsic",
										"name": "void"
									}
								}
							],
							"sources": [
								{
									"fileName": "carousel-slide.directive.ts",
									"line": 20,
									"character": 23
								},
								{
									"fileName": "carousel-slide.directive.ts",
									"line": 23,
									"character": 23
								}
							]
						},
						{
							"id": 19,
							"name": "_completed",
							"kind": 262144,
							"kindString": "Accessor",
							"flags": {
								"isPrivate": true,
								"isExported": true,
								"isExternal": true
							},
							"getSignature": [
								{
									"id": 22,
									"name": "__get",
									"kind": 524288,
									"kindString": "Get signature",
									"flags": {},
									"type": {
										"type": "intrinsic",
										"name": "boolean"
									}
								}
							],
							"setSignature": [
								{
									"id": 20,
									"name": "__set",
									"kind": 1048576,
									"kindString": "Set signature",
									"flags": {},
									"parameters": [
										{
											"id": 21,
											"name": "value",
											"kind": 32768,
											"kindString": "Parameter",
											"flags": {},
											"type": {
												"type": "intrinsic",
												"name": "boolean"
											}
										}
									],
									"type": {
										"type": "intrinsic",
										"name": "void"
									}
								}
							],
							"sources": [
								{
									"fileName": "carousel-slide.directive.ts",
									"line": 28,
									"character": 23
								},
								{
									"fileName": "carousel-slide.directive.ts",
									"line": 31,
									"character": 23
								}
							]
						},
						{
							"id": 9,
							"name": "slideId",
							"kind": 262144,
							"kindString": "Accessor",
							"flags": {
								"isExported": true,
								"isExternal": true
							},
							"decorators": [
								{
									"name": "Input",
									"type": {
										"type": "reference",
										"name": "Input"
									},
									"arguments": {}
								}
							],
							"getSignature": [
								{
									"id": 10,
									"name": "__get",
									"kind": 524288,
									"kindString": "Get signature",
									"flags": {},
									"type": {
										"type": "intrinsic",
										"name": "string"
									}
								}
							],
							"setSignature": [
								{
									"id": 11,
									"name": "__set",
									"kind": 1048576,
									"kindString": "Set signature",
									"flags": {},
									"parameters": [
										{
											"id": 12,
											"name": "value",
											"kind": 32768,
											"kindString": "Parameter",
											"flags": {},
											"type": {
												"type": "intrinsic",
												"name": "string"
											}
										}
									],
									"type": {
										"type": "intrinsic",
										"name": "void"
									}
								}
							],
							"sources": [
								{
									"fileName": "carousel-slide.directive.ts",
									"line": 12,
									"character": 12
								},
								{
									"fileName": "carousel-slide.directive.ts",
									"line": 15,
									"character": 12
								}
							]
						},
						{
							"id": 32,
							"name": "_activeSlide",
							"kind": 2048,
							"kindString": "Method",
							"flags": {
								"isPrivate": true,
								"isExported": true,
								"isExternal": true
							},
							"signatures": [
								{
									"id": 33,
									"name": "_activeSlide",
									"kind": 4096,
									"kindString": "Call signature",
									"flags": {},
									"type": {
										"type": "reference",
										"name": "Slide",
										"id": 2
									}
								}
							],
							"sources": [
								{
									"fileName": "carousel-slide.directive.ts",
									"line": 56,
									"character": 21
								}
							]
						},
						{
							"id": 26,
							"name": "activate",
							"kind": 2048,
							"kindString": "Method",
							"flags": {
								"isExported": true,
								"isExternal": true
							},
							"signatures": [
								{
									"id": 27,
									"name": "activate",
									"kind": 4096,
									"kindString": "Call signature",
									"flags": {},
									"type": {
										"type": "intrinsic",
										"name": "void"
									}
								}
							],
							"sources": [
								{
									"fileName": "carousel-slide.directive.ts",
									"line": 41,
									"character": 9
								}
							]
						},
						{
							"id": 30,
							"name": "complete",
							"kind": 2048,
							"kindString": "Method",
							"flags": {
								"isExported": true,
								"isExternal": true
							},
							"signatures": [
								{
									"id": 31,
									"name": "complete",
									"kind": 4096,
									"kindString": "Call signature",
									"flags": {},
									"type": {
										"type": "intrinsic",
										"name": "void"
									}
								}
							],
							"sources": [
								{
									"fileName": "carousel-slide.directive.ts",
									"line": 51,
									"character": 9
								}
							]
						},
						{
							"id": 28,
							"name": "deactivate",
							"kind": 2048,
							"kindString": "Method",
							"flags": {
								"isExported": true,
								"isExternal": true
							},
							"signatures": [
								{
									"id": 29,
									"name": "deactivate",
									"kind": 4096,
									"kindString": "Call signature",
									"flags": {},
									"type": {
										"type": "intrinsic",
										"name": "void"
									}
								}
							],
							"sources": [
								{
									"fileName": "carousel-slide.directive.ts",
									"line": 46,
									"character": 11
								}
							]
						}
					],
					"groups": [
						{
							"title": "Properties",
							"kind": 1024,
							"children": [13, 18, 8, 23, 25, 24]
						},
						{
							"title": "Accessors",
							"kind": 262144,
							"children": [14, 19, 9]
						},
						{
							"title": "Methods",
							"kind": 2048,
							"children": [32, 26, 30, 28]
						}
					],
					"sources": [
						{
							"fileName": "carousel-slide.directive.ts",
							"line": 8,
							"character": 29
						}
					],
					"implementedTypes": [
						{
							"type": "reference",
							"name": "Slide",
							"id": 2
						}
					]
				}
			],
			"groups": [
				{
					"title": "Classes",
					"kind": 128,
					"children": [7]
				}
			],
			"sources": [
				{
					"fileName": "carousel-slide.directive.ts",
					"line": 1,
					"character": 0
				}
			]
		},
		{
			"id": 1,
			"name": "\"carousel-slide.interface\"",
			"kind": 1,
			"kindString": "External module",
			"flags": {
				"isExported": true,
				"isExternal": true
			},
			"originalName": "/Users/mlmv/Workspace/SANTANDER/flame-santander/flame-workspace/libs/flame-component-library/src/lib/atoms/carousel/carousel-slide.interface.ts",
			"children": [
				{
					"id": 2,
					"name": "Slide",
					"kind": 256,
					"kindString": "Interface",
					"flags": {
						"isExported": true,
						"isExternal": true
					},
					"children": [
						{
							"id": 4,
							"name": "activated",
							"kind": 1024,
							"kindString": "Property",
							"flags": {
								"isExported": true,
								"isExternal": true
							},
							"sources": [
								{
									"fileName": "carousel-slide.interface.ts",
									"line": 3,
									"character": 10
								}
							],
							"type": {
								"type": "intrinsic",
								"name": "boolean"
							}
						},
						{
							"id": 5,
							"name": "completed",
							"kind": 1024,
							"kindString": "Property",
							"flags": {
								"isExported": true,
								"isExternal": true
							},
							"sources": [
								{
									"fileName": "carousel-slide.interface.ts",
									"line": 4,
									"character": 10
								}
							],
							"type": {
								"type": "intrinsic",
								"name": "boolean"
							}
						},
						{
							"id": 3,
							"name": "id",
							"kind": 1024,
							"kindString": "Property",
							"flags": {
								"isExported": true,
								"isExternal": true
							},
							"sources": [
								{
									"fileName": "carousel-slide.interface.ts",
									"line": 2,
									"character": 3
								}
							],
							"type": {
								"type": "intrinsic",
								"name": "string"
							}
						}
					],
					"groups": [
						{
							"title": "Properties",
							"kind": 1024,
							"children": [4, 5, 3]
						}
					],
					"sources": [
						{
							"fileName": "carousel-slide.interface.ts",
							"line": 1,
							"character": 22
						}
					],
					"implementedBy": [
						{
							"type": "reference",
							"name": "SnSlideDirective",
							"id": 7
						}
					]
				}
			],
			"groups": [
				{
					"title": "Interfaces",
					"kind": 256,
					"children": [2]
				}
			],
			"sources": [
				{
					"fileName": "carousel-slide.interface.ts",
					"line": 1,
					"character": 0
				}
			]
		},
		{
			"id": 34,
			"name": "\"carousel.directive\"",
			"kind": 1,
			"kindString": "External module",
			"flags": {
				"isExported": true
			},
			"originalName": "/Users/mlmv/Workspace/SANTANDER/flame-santander/flame-workspace/libs/flame-component-library/src/lib/atoms/carousel/carousel.directive.ts",
			"children": [
				{
					"id": 35,
					"name": "SnCarouselDirective",
					"kind": 128,
					"kindString": "Class",
					"flags": {
						"isExported": true
					},
					"decorators": [
						{
							"name": "Directive",
							"type": {
								"type": "reference",
								"name": "Directive"
							},
							"arguments": {
								"obj": "{\n\tselector: '[snCarousel]',\n\texportAs: 'SnCarouselDirective'\n}"
							}
						}
					],
					"children": [
						{
							"id": 36,
							"name": "_arrows",
							"kind": 1024,
							"kindString": "Property",
							"flags": {
								"isPrivate": true,
								"isExported": true
							},
							"sources": [
								{
									"fileName": "carousel.directive.ts",
									"line": 20,
									"character": 16
								}
							],
							"type": {
								"type": "intrinsic",
								"name": "boolean"
							},
							"defaultValue": "true"
						},
						{
							"id": 41,
							"name": "_autoplay",
							"kind": 1024,
							"kindString": "Property",
							"flags": {
								"isPrivate": true,
								"isExported": true
							},
							"sources": [
								{
									"fileName": "carousel.directive.ts",
									"line": 25,
									"character": 18
								}
							],
							"type": {
								"type": "intrinsic",
								"name": "boolean"
							},
							"defaultValue": "true"
						},
						{
							"id": 37,
							"name": "_indicators",
							"kind": 1024,
							"kindString": "Property",
							"flags": {
								"isPrivate": true,
								"isExported": true
							},
							"sources": [
								{
									"fileName": "carousel.directive.ts",
									"line": 21,
									"character": 20
								}
							],
							"type": {
								"type": "intrinsic",
								"name": "boolean"
							},
							"defaultValue": "true"
						},
						{
							"id": 40,
							"name": "_infinity",
							"kind": 1024,
							"kindString": "Property",
							"flags": {
								"isPrivate": true,
								"isExported": true
							},
							"sources": [
								{
									"fileName": "carousel.directive.ts",
									"line": 24,
									"character": 18
								}
							],
							"type": {
								"type": "intrinsic",
								"name": "boolean"
							},
							"defaultValue": "true"
						},
						{
							"id": 39,
							"name": "_interval",
							"kind": 1024,
							"kindString": "Property",
							"flags": {
								"isPrivate": true,
								"isExported": true
							},
							"sources": [
								{
									"fileName": "carousel.directive.ts",
									"line": 23,
									"character": 18
								}
							],
							"type": {
								"type": "intrinsic",
								"name": "number"
							},
							"defaultValue": "3000"
						},
						{
							"id": 42,
							"name": "_intervalSub",
							"kind": 1024,
							"kindString": "Property",
							"flags": {
								"isPrivate": true,
								"isExported": true
							},
							"sources": [
								{
									"fileName": "carousel.directive.ts",
									"line": 26,
									"character": 21
								}
							],
							"type": {
								"type": "reference",
								"name": "Subscription"
							}
						},
						{
							"id": 38,
							"name": "_swipe",
							"kind": 1024,
							"kindString": "Property",
							"flags": {
								"isPrivate": true,
								"isExported": true
							},
							"sources": [
								{
									"fileName": "carousel.directive.ts",
									"line": 22,
									"character": 15
								}
							],
							"type": {
								"type": "intrinsic",
								"name": "boolean"
							},
							"defaultValue": "true"
						},
						{
							"id": 69,
							"name": "playing",
							"kind": 1024,
							"kindString": "Property",
							"flags": {
								"isExported": true
							},
							"decorators": [
								{
									"name": "Output",
									"type": {
										"type": "reference",
										"name": "Output"
									},
									"arguments": {}
								}
							],
							"sources": [
								{
									"fileName": "carousel.directive.ts",
									"line": 120,
									"character": 18
								}
							],
							"type": {
								"type": "reference",
								"name": "EventEmitter",
								"typeArguments": [
									{
										"type": "intrinsic",
										"name": "boolean"
									}
								]
							},
							"defaultValue": " new EventEmitter<boolean>()"
						},
						{
							"id": 68,
							"name": "slide",
							"kind": 1024,
							"kindString": "Property",
							"flags": {
								"isExported": true
							},
							"decorators": [
								{
									"name": "Output",
									"type": {
										"type": "reference",
										"name": "Output"
									},
									"arguments": {}
								}
							],
							"sources": [
								{
									"fileName": "carousel.directive.ts",
									"line": 118,
									"character": 16
								}
							],
							"type": {
								"type": "reference",
								"name": "EventEmitter",
								"typeArguments": [
									{
										"type": "reference",
										"name": "Slide",
										"id": 2
									}
								]
							},
							"defaultValue": " new EventEmitter<Slide>()"
						},
						{
							"id": 43,
							"name": "slides",
							"kind": 1024,
							"kindString": "Property",
							"flags": {
								"isExported": true
							},
							"decorators": [
								{
									"name": "ContentChildren",
									"type": {
										"type": "reference",
										"name": "ContentChildren"
									},
									"arguments": {
										"selector": "SnSlideDirective"
									}
								}
							],
							"sources": [
								{
									"fileName": "carousel.directive.ts",
									"line": 28,
									"character": 42
								}
							],
							"type": {
								"type": "reference",
								"name": "QueryList",
								"typeArguments": [
									{
										"type": "reference",
										"name": "SnSlideDirective",
										"id": 7
									}
								]
							}
						},
						{
							"id": 44,
							"name": "arrows",
							"kind": 262144,
							"kindString": "Accessor",
							"flags": {
								"isExported": true
							},
							"decorators": [
								{
									"name": "Input",
									"type": {
										"type": "reference",
										"name": "Input"
									},
									"arguments": {}
								}
							],
							"getSignature": [
								{
									"id": 45,
									"name": "__get",
									"kind": 524288,
									"kindString": "Get signature",
									"flags": {},
									"type": {
										"type": "intrinsic",
										"name": "boolean"
									}
								}
							],
							"setSignature": [
								{
									"id": 46,
									"name": "__set",
									"kind": 1048576,
									"kindString": "Set signature",
									"flags": {},
									"parameters": [
										{
											"id": 47,
											"name": "value",
											"kind": 32768,
											"kindString": "Parameter",
											"flags": {},
											"type": {
												"type": "intrinsic",
												"name": "boolean"
											}
										}
									],
									"type": {
										"type": "intrinsic",
										"name": "void"
									}
								}
							],
							"sources": [
								{
									"fileName": "carousel.directive.ts",
									"line": 31,
									"character": 11
								},
								{
									"fileName": "carousel.directive.ts",
									"line": 34,
									"character": 11
								}
							]
						},
						{
							"id": 64,
							"name": "autoplay",
							"kind": 262144,
							"kindString": "Accessor",
							"flags": {
								"isExported": true
							},
							"decorators": [
								{
									"name": "Input",
									"type": {
										"type": "reference",
										"name": "Input"
									},
									"arguments": {}
								}
							],
							"getSignature": [
								{
									"id": 65,
									"name": "__get",
									"kind": 524288,
									"kindString": "Get signature",
									"flags": {},
									"type": {
										"type": "intrinsic",
										"name": "boolean"
									}
								}
							],
							"setSignature": [
								{
									"id": 66,
									"name": "__set",
									"kind": 1048576,
									"kindString": "Set signature",
									"flags": {},
									"parameters": [
										{
											"id": 67,
											"name": "value",
											"kind": 32768,
											"kindString": "Parameter",
											"flags": {},
											"type": {
												"type": "intrinsic",
												"name": "boolean"
											}
										}
									],
									"type": {
										"type": "intrinsic",
										"name": "void"
									}
								}
							],
							"sources": [
								{
									"fileName": "carousel.directive.ts",
									"line": 103,
									"character": 13
								},
								{
									"fileName": "carousel.directive.ts",
									"line": 106,
									"character": 13
								}
							]
						},
						{
							"id": 48,
							"name": "indicators",
							"kind": 262144,
							"kindString": "Accessor",
							"flags": {
								"isExported": true
							},
							"decorators": [
								{
									"name": "Input",
									"type": {
										"type": "reference",
										"name": "Input"
									},
									"arguments": {}
								}
							],
							"getSignature": [
								{
									"id": 49,
									"name": "__get",
									"kind": 524288,
									"kindString": "Get signature",
									"flags": {},
									"type": {
										"type": "intrinsic",
										"name": "boolean"
									}
								}
							],
							"setSignature": [
								{
									"id": 50,
									"name": "__set",
									"kind": 1048576,
									"kindString": "Set signature",
									"flags": {},
									"parameters": [
										{
											"id": 51,
											"name": "value",
											"kind": 32768,
											"kindString": "Parameter",
											"flags": {},
											"type": {
												"type": "intrinsic",
												"name": "boolean"
											}
										}
									],
									"type": {
										"type": "intrinsic",
										"name": "void"
									}
								}
							],
							"sources": [
								{
									"fileName": "carousel.directive.ts",
									"line": 47,
									"character": 15
								},
								{
									"fileName": "carousel.directive.ts",
									"line": 50,
									"character": 15
								}
							]
						},
						{
							"id": 60,
							"name": "infinity",
							"kind": 262144,
							"kindString": "Accessor",
							"flags": {
								"isExported": true
							},
							"decorators": [
								{
									"name": "Input",
									"type": {
										"type": "reference",
										"name": "Input"
									},
									"arguments": {}
								}
							],
							"getSignature": [
								{
									"id": 61,
									"name": "__get",
									"kind": 524288,
									"kindString": "Get signature",
									"flags": {},
									"type": {
										"type": "intrinsic",
										"name": "boolean"
									}
								}
							],
							"setSignature": [
								{
									"id": 62,
									"name": "__set",
									"kind": 1048576,
									"kindString": "Set signature",
									"flags": {},
									"parameters": [
										{
											"id": 63,
											"name": "value",
											"kind": 32768,
											"kindString": "Parameter",
											"flags": {},
											"type": {
												"type": "intrinsic",
												"name": "boolean"
											}
										}
									],
									"type": {
										"type": "intrinsic",
										"name": "void"
									}
								}
							],
							"sources": [
								{
									"fileName": "carousel.directive.ts",
									"line": 87,
									"character": 13
								},
								{
									"fileName": "carousel.directive.ts",
									"line": 90,
									"character": 13
								}
							]
						},
						{
							"id": 56,
							"name": "interval",
							"kind": 262144,
							"kindString": "Accessor",
							"flags": {
								"isExported": true
							},
							"decorators": [
								{
									"name": "Input",
									"type": {
										"type": "reference",
										"name": "Input"
									},
									"arguments": {}
								}
							],
							"getSignature": [
								{
									"id": 57,
									"name": "__get",
									"kind": 524288,
									"kindString": "Get signature",
									"flags": {},
									"type": {
										"type": "intrinsic",
										"name": "number"
									}
								}
							],
							"setSignature": [
								{
									"id": 58,
									"name": "__set",
									"kind": 1048576,
									"kindString": "Set signature",
									"flags": {},
									"parameters": [
										{
											"id": 59,
											"name": "value",
											"kind": 32768,
											"kindString": "Parameter",
											"flags": {},
											"type": {
												"type": "intrinsic",
												"name": "number"
											}
										}
									],
									"type": {
										"type": "intrinsic",
										"name": "void"
									}
								}
							],
							"sources": [
								{
									"fileName": "carousel.directive.ts",
									"line": 79,
									"character": 13
								},
								{
									"fileName": "carousel.directive.ts",
									"line": 82,
									"character": 13
								}
							]
						},
						{
							"id": 52,
							"name": "swipe",
							"kind": 262144,
							"kindString": "Accessor",
							"flags": {
								"isExported": true
							},
							"decorators": [
								{
									"name": "Input",
									"type": {
										"type": "reference",
										"name": "Input"
									},
									"arguments": {}
								}
							],
							"getSignature": [
								{
									"id": 53,
									"name": "__get",
									"kind": 524288,
									"kindString": "Get signature",
									"flags": {},
									"type": {
										"type": "intrinsic",
										"name": "boolean"
									}
								}
							],
							"setSignature": [
								{
									"id": 54,
									"name": "__set",
									"kind": 1048576,
									"kindString": "Set signature",
									"flags": {},
									"parameters": [
										{
											"id": 55,
											"name": "value",
											"kind": 32768,
											"kindString": "Parameter",
											"flags": {},
											"type": {
												"type": "intrinsic",
												"name": "boolean"
											}
										}
									],
									"type": {
										"type": "intrinsic",
										"name": "void"
									}
								}
							],
							"sources": [
								{
									"fileName": "carousel.directive.ts",
									"line": 63,
									"character": 10
								},
								{
									"fileName": "carousel.directive.ts",
									"line": 66,
									"character": 10
								}
							]
						},
						{
							"id": 86,
							"name": "_onSlideActivation",
							"kind": 2048,
							"kindString": "Method",
							"flags": {
								"isPrivate": true,
								"isExported": true
							},
							"signatures": [
								{
									"id": 87,
									"name": "_onSlideActivation",
									"kind": 4096,
									"kindString": "Call signature",
									"flags": {},
									"parameters": [
										{
											"id": 88,
											"name": "activatedSlide",
											"kind": 32768,
											"kindString": "Parameter",
											"flags": {},
											"type": {
												"type": "reference",
												"name": "Slide",
												"id": 2
											}
										}
									],
									"type": {
										"type": "intrinsic",
										"name": "void"
									}
								}
							],
							"sources": [
								{
									"fileName": "carousel.directive.ts",
									"line": 218,
									"character": 27
								}
							]
						},
						{
							"id": 89,
							"name": "_onSlideCompletation",
							"kind": 2048,
							"kindString": "Method",
							"flags": {
								"isPrivate": true,
								"isExported": true
							},
							"signatures": [
								{
									"id": 90,
									"name": "_onSlideCompletation",
									"kind": 4096,
									"kindString": "Call signature",
									"flags": {},
									"parameters": [
										{
											"id": 91,
											"name": "completedSlide",
											"kind": 32768,
											"kindString": "Parameter",
											"flags": {},
											"type": {
												"type": "reference",
												"name": "Slide",
												"id": 2
											}
										}
									],
									"type": {
										"type": "intrinsic",
										"name": "void"
									}
								}
							],
							"sources": [
								{
									"fileName": "carousel.directive.ts",
									"line": 224,
									"character": 29
								}
							]
						},
						{
							"id": 82,
							"name": "getActivatedSlideIndex",
							"kind": 2048,
							"kindString": "Method",
							"flags": {
								"isExported": true
							},
							"signatures": [
								{
									"id": 83,
									"name": "getActivatedSlideIndex",
									"kind": 4096,
									"kindString": "Call signature",
									"flags": {},
									"type": {
										"type": "intrinsic",
										"name": "number"
									}
								}
							],
							"sources": [
								{
									"fileName": "carousel.directive.ts",
									"line": 198,
									"character": 23
								}
							]
						},
						{
							"id": 84,
							"name": "getActivedSlide",
							"kind": 2048,
							"kindString": "Method",
							"flags": {
								"isExported": true
							},
							"signatures": [
								{
									"id": 85,
									"name": "getActivedSlide",
									"kind": 4096,
									"kindString": "Call signature",
									"flags": {},
									"type": {
										"type": "reference",
										"name": "SnSlideDirective",
										"id": 7
									}
								}
							],
							"sources": [
								{
									"fileName": "carousel.directive.ts",
									"line": 208,
									"character": 16
								}
							]
						},
						{
							"id": 78,
							"name": "next",
							"kind": 2048,
							"kindString": "Method",
							"flags": {
								"isExported": true
							},
							"signatures": [
								{
									"id": 79,
									"name": "next",
									"kind": 4096,
									"kindString": "Call signature",
									"flags": {},
									"type": {
										"type": "intrinsic",
										"name": "void"
									}
								}
							],
							"sources": [
								{
									"fileName": "carousel.directive.ts",
									"line": 159,
									"character": 5
								}
							]
						},
						{
							"id": 70,
							"name": "ngAfterViewInit",
							"kind": 2048,
							"kindString": "Method",
							"flags": {
								"isExported": true
							},
							"signatures": [
								{
									"id": 71,
									"name": "ngAfterViewInit",
									"kind": 4096,
									"kindString": "Call signature",
									"flags": {},
									"type": {
										"type": "intrinsic",
										"name": "void"
									}
								}
							],
							"sources": [
								{
									"fileName": "carousel.directive.ts",
									"line": 122,
									"character": 16
								}
							]
						},
						{
							"id": 80,
							"name": "prev",
							"kind": 2048,
							"kindString": "Method",
							"flags": {
								"isExported": true
							},
							"signatures": [
								{
									"id": 81,
									"name": "prev",
									"kind": 4096,
									"kindString": "Call signature",
									"flags": {},
									"type": {
										"type": "intrinsic",
										"name": "void"
									}
								}
							],
							"sources": [
								{
									"fileName": "carousel.directive.ts",
									"line": 180,
									"character": 5
								}
							]
						},
						{
							"id": 72,
							"name": "selectSlide",
							"kind": 2048,
							"kindString": "Method",
							"flags": {
								"isExported": true
							},
							"signatures": [
								{
									"id": 73,
									"name": "selectSlide",
									"kind": 4096,
									"kindString": "Call signature",
									"flags": {},
									"parameters": [
										{
											"id": 74,
											"name": "slideSelected",
											"kind": 32768,
											"kindString": "Parameter",
											"flags": {},
											"type": {
												"type": "reference",
												"name": "Slide",
												"id": 2
											}
										}
									],
									"type": {
										"type": "intrinsic",
										"name": "void"
									}
								}
							],
							"sources": [
								{
									"fileName": "carousel.directive.ts",
									"line": 135,
									"character": 12
								}
							]
						},
						{
							"id": 75,
							"name": "selectSlideById",
							"kind": 2048,
							"kindString": "Method",
							"flags": {
								"isExported": true
							},
							"signatures": [
								{
									"id": 76,
									"name": "selectSlideById",
									"kind": 4096,
									"kindString": "Call signature",
									"flags": {},
									"parameters": [
										{
											"id": 77,
											"name": "slideSelectedId",
											"kind": 32768,
											"kindString": "Parameter",
											"flags": {},
											"type": {
												"type": "intrinsic",
												"name": "string"
											}
										}
									],
									"type": {
										"type": "intrinsic",
										"name": "any"
									}
								}
							],
							"sources": [
								{
									"fileName": "carousel.directive.ts",
									"line": 147,
									"character": 16
								}
							]
						}
					],
					"groups": [
						{
							"title": "Properties",
							"kind": 1024,
							"children": [36, 41, 37, 40, 39, 42, 38, 69, 68, 43]
						},
						{
							"title": "Accessors",
							"kind": 262144,
							"children": [44, 64, 48, 60, 56, 52]
						},
						{
							"title": "Methods",
							"kind": 2048,
							"children": [86, 89, 82, 84, 78, 70, 80, 72, 75]
						}
					],
					"sources": [
						{
							"fileName": "carousel.directive.ts",
							"line": 19,
							"character": 32
						}
					],
					"implementedTypes": [
						{
							"type": "reference",
							"name": "AfterViewInit"
						}
					]
				}
			],
			"groups": [
				{
					"title": "Classes",
					"kind": 128,
					"children": [35]
				}
			],
			"sources": [
				{
					"fileName": "carousel.directive.ts",
					"line": 1,
					"character": 0
				}
			]
		}
	],
	"groups": [
		{
			"title": "External modules",
			"kind": 1,
			"children": [6, 1, 34]
		}
	]
}
