{
	"id": 0,
	"name": "@santander/flame-component-library",
	"kind": 0,
	"flags": {},
	"children": [
		{
			"id": 1,
			"name": "\"slide-button.component\"",
			"kind": 1,
			"kindString": "External module",
			"flags": {
				"isExported": true
			},
			"originalName": "/Users/mlmv/Workspace/SANTANDER/flame-santander/flame-workspace/libs/flame-component-library/src/lib/atoms/slide-button/slide-button.component.ts",
			"children": [
				{
					"id": 2,
					"name": "SlideButtonComponent",
					"kind": 128,
					"kindString": "Class",
					"flags": {
						"isExported": true
					},
					"decorators": [
						{
							"name": "Component",
							"type": {
								"type": "reference",
								"name": "Component"
							},
							"arguments": {
								"obj": "{\n\tselector: 'sn-slide-button',\n\ttemplateUrl: './slide-button.component.html',\n\tstyleUrls: ['./slide-button.component.scss'],\n\t// tslint:disable-next-line:use-host-property-decorator\n\thost: {\n\t\tclass: 'sn-slide-button',\n\t\t'[attr.id]': 'id',\n\t\t'[attr.name]': 'name',\n\t\t'[attr.required]': 'required',\n\t\t'[attr.disabled]': '_disabled',\n\t\t'[class.sn-slide-button-disabled]': '_disabled'\n\t}\n}"
							}
						}
					],
					"children": [
						{
							"id": 6,
							"name": "_button",
							"kind": 1024,
							"kindString": "Property",
							"flags": {
								"isPrivate": true,
								"isExported": true
							},
							"sources": [
								{
									"fileName": "slide-button.component.ts",
									"line": 29,
									"character": 16
								}
							],
							"type": {
								"type": "intrinsic",
								"name": "any"
							}
						},
						{
							"id": 9,
							"name": "_completed",
							"kind": 1024,
							"kindString": "Property",
							"flags": {
								"isPrivate": true,
								"isExported": true
							},
							"sources": [
								{
									"fileName": "slide-button.component.ts",
									"line": 32,
									"character": 19
								}
							],
							"type": {
								"type": "intrinsic",
								"name": "boolean"
							},
							"defaultValue": "false"
						},
						{
							"id": 12,
							"name": "_disabled",
							"kind": 1024,
							"kindString": "Property",
							"flags": {
								"isPublic": true,
								"isExported": true
							},
							"sources": [
								{
									"fileName": "slide-button.component.ts",
									"line": 36,
									"character": 17
								}
							],
							"type": {
								"type": "intrinsic",
								"name": "boolean"
							},
							"defaultValue": "false"
						},
						{
							"id": 7,
							"name": "_div",
							"kind": 1024,
							"kindString": "Property",
							"flags": {
								"isPrivate": true,
								"isExported": true
							},
							"sources": [
								{
									"fileName": "slide-button.component.ts",
									"line": 30,
									"character": 13
								}
							],
							"type": {
								"type": "reference",
								"name": "HTMLElement"
							}
						},
						{
							"id": 8,
							"name": "_divBounding",
							"kind": 1024,
							"kindString": "Property",
							"flags": {
								"isPrivate": true,
								"isExported": true
							},
							"sources": [
								{
									"fileName": "slide-button.component.ts",
									"line": 31,
									"character": 21
								}
							],
							"type": {
								"type": "reference",
								"name": "ClientRect"
							}
						},
						{
							"id": 3,
							"name": "_id",
							"kind": 1024,
							"kindString": "Property",
							"flags": {
								"isPrivate": true,
								"isExported": true
							},
							"sources": [
								{
									"fileName": "slide-button.component.ts",
									"line": 26,
									"character": 12
								}
							],
							"type": {
								"type": "intrinsic",
								"name": "string"
							}
						},
						{
							"id": 10,
							"name": "_initialWidth",
							"kind": 1024,
							"kindString": "Property",
							"flags": {
								"isPrivate": true,
								"isExported": true
							},
							"sources": [
								{
									"fileName": "slide-button.component.ts",
									"line": 33,
									"character": 22
								}
							],
							"type": {
								"type": "intrinsic",
								"name": "number"
							}
						},
						{
							"id": 4,
							"name": "_name",
							"kind": 1024,
							"kindString": "Property",
							"flags": {
								"isPrivate": true,
								"isExported": true
							},
							"sources": [
								{
									"fileName": "slide-button.component.ts",
									"line": 27,
									"character": 14
								}
							],
							"type": {
								"type": "intrinsic",
								"name": "string"
							}
						},
						{
							"id": 5,
							"name": "_required",
							"kind": 1024,
							"kindString": "Property",
							"flags": {
								"isPrivate": true,
								"isExported": true
							},
							"sources": [
								{
									"fileName": "slide-button.component.ts",
									"line": 28,
									"character": 18
								}
							],
							"type": {
								"type": "intrinsic",
								"name": "boolean"
							},
							"defaultValue": "false"
						},
						{
							"id": 11,
							"name": "_show",
							"kind": 1024,
							"kindString": "Property",
							"flags": {
								"isPrivate": true,
								"isExported": true
							},
							"sources": [
								{
									"fileName": "slide-button.component.ts",
									"line": 34,
									"character": 14
								}
							],
							"type": {
								"type": "intrinsic",
								"name": "boolean"
							},
							"defaultValue": "true"
						},
						{
							"id": 13,
							"name": "buttonUniqueId",
							"kind": 1024,
							"kindString": "Property",
							"flags": {
								"isPublic": true,
								"isExported": true
							},
							"sources": [
								{
									"fileName": "slide-button.component.ts",
									"line": 37,
									"character": 22
								}
							],
							"type": {
								"type": "intrinsic",
								"name": "string"
							},
							"defaultValue": " `button-${++nextUniqueId}`"
						},
						{
							"id": 35,
							"name": "change",
							"kind": 1024,
							"kindString": "Property",
							"flags": {
								"isExported": true
							},
							"decorators": [
								{
									"name": "Output",
									"type": {
										"type": "reference",
										"name": "Output"
									},
									"arguments": {}
								}
							],
							"sources": [
								{
									"fileName": "slide-button.component.ts",
									"line": 88,
									"character": 26
								}
							],
							"type": {
								"type": "reference",
								"name": "EventEmitter",
								"typeArguments": [
									{
										"type": "intrinsic",
										"name": "boolean"
									}
								]
							},
							"defaultValue": " new EventEmitter<\n\t\tboolean\n\t>()"
						},
						{
							"id": 14,
							"name": "divUniqueId",
							"kind": 1024,
							"kindString": "Property",
							"flags": {
								"isPublic": true,
								"isExported": true
							},
							"sources": [
								{
									"fileName": "slide-button.component.ts",
									"line": 38,
									"character": 19
								}
							],
							"type": {
								"type": "intrinsic",
								"name": "string"
							},
							"defaultValue": " `div-${nextUniqueId}`"
						},
						{
							"id": 31,
							"name": "disabled",
							"kind": 262144,
							"kindString": "Accessor",
							"flags": {
								"isExported": true
							},
							"decorators": [
								{
									"name": "Input",
									"type": {
										"type": "reference",
										"name": "Input"
									},
									"arguments": {}
								}
							],
							"getSignature": [
								{
									"id": 32,
									"name": "__get",
									"kind": 524288,
									"kindString": "Get signature",
									"flags": {},
									"type": {
										"type": "intrinsic",
										"name": "boolean"
									}
								}
							],
							"setSignature": [
								{
									"id": 33,
									"name": "__set",
									"kind": 1048576,
									"kindString": "Set signature",
									"flags": {},
									"parameters": [
										{
											"id": 34,
											"name": "value",
											"kind": 32768,
											"kindString": "Parameter",
											"flags": {},
											"type": {
												"type": "intrinsic",
												"name": "boolean"
											}
										}
									],
									"type": {
										"type": "intrinsic",
										"name": "void"
									}
								}
							],
							"sources": [
								{
									"fileName": "slide-button.component.ts",
									"line": 73,
									"character": 13
								},
								{
									"fileName": "slide-button.component.ts",
									"line": 76,
									"character": 13
								}
							]
						},
						{
							"id": 19,
							"name": "id",
							"kind": 262144,
							"kindString": "Accessor",
							"flags": {
								"isExported": true
							},
							"decorators": [
								{
									"name": "Input",
									"type": {
										"type": "reference",
										"name": "Input"
									},
									"arguments": {}
								}
							],
							"getSignature": [
								{
									"id": 20,
									"name": "__get",
									"kind": 524288,
									"kindString": "Get signature",
									"flags": {},
									"type": {
										"type": "intrinsic",
										"name": "string"
									}
								}
							],
							"setSignature": [
								{
									"id": 21,
									"name": "__set",
									"kind": 1048576,
									"kindString": "Set signature",
									"flags": {},
									"parameters": [
										{
											"id": 22,
											"name": "value",
											"kind": 32768,
											"kindString": "Parameter",
											"flags": {},
											"type": {
												"type": "intrinsic",
												"name": "string"
											}
										}
									],
									"type": {
										"type": "intrinsic",
										"name": "void"
									}
								}
							],
							"sources": [
								{
									"fileName": "slide-button.component.ts",
									"line": 49,
									"character": 7
								},
								{
									"fileName": "slide-button.component.ts",
									"line": 52,
									"character": 7
								}
							]
						},
						{
							"id": 23,
							"name": "name",
							"kind": 262144,
							"kindString": "Accessor",
							"flags": {
								"isExported": true
							},
							"decorators": [
								{
									"name": "Input",
									"type": {
										"type": "reference",
										"name": "Input"
									},
									"arguments": {}
								}
							],
							"getSignature": [
								{
									"id": 24,
									"name": "__get",
									"kind": 524288,
									"kindString": "Get signature",
									"flags": {},
									"type": {
										"type": "intrinsic",
										"name": "string"
									}
								}
							],
							"setSignature": [
								{
									"id": 25,
									"name": "__set",
									"kind": 1048576,
									"kindString": "Set signature",
									"flags": {},
									"parameters": [
										{
											"id": 26,
											"name": "value",
											"kind": 32768,
											"kindString": "Parameter",
											"flags": {},
											"type": {
												"type": "intrinsic",
												"name": "string"
											}
										}
									],
									"type": {
										"type": "intrinsic",
										"name": "void"
									}
								}
							],
							"sources": [
								{
									"fileName": "slide-button.component.ts",
									"line": 57,
									"character": 9
								},
								{
									"fileName": "slide-button.component.ts",
									"line": 60,
									"character": 9
								}
							]
						},
						{
							"id": 27,
							"name": "required",
							"kind": 262144,
							"kindString": "Accessor",
							"flags": {
								"isExported": true
							},
							"decorators": [
								{
									"name": "Input",
									"type": {
										"type": "reference",
										"name": "Input"
									},
									"arguments": {}
								}
							],
							"getSignature": [
								{
									"id": 28,
									"name": "__get",
									"kind": 524288,
									"kindString": "Get signature",
									"flags": {},
									"type": {
										"type": "intrinsic",
										"name": "boolean"
									}
								}
							],
							"setSignature": [
								{
									"id": 29,
									"name": "__set",
									"kind": 1048576,
									"kindString": "Set signature",
									"flags": {},
									"parameters": [
										{
											"id": 30,
											"name": "value",
											"kind": 32768,
											"kindString": "Parameter",
											"flags": {},
											"type": {
												"type": "intrinsic",
												"name": "boolean"
											}
										}
									],
									"type": {
										"type": "intrinsic",
										"name": "void"
									}
								}
							],
							"sources": [
								{
									"fileName": "slide-button.component.ts",
									"line": 65,
									"character": 13
								},
								{
									"fileName": "slide-button.component.ts",
									"line": 68,
									"character": 13
								}
							]
						},
						{
							"id": 15,
							"name": "show",
							"kind": 262144,
							"kindString": "Accessor",
							"flags": {
								"isPublic": true,
								"isExported": true
							},
							"decorators": [
								{
									"name": "Input",
									"type": {
										"type": "reference",
										"name": "Input"
									},
									"arguments": {}
								}
							],
							"getSignature": [
								{
									"id": 16,
									"name": "__get",
									"kind": 524288,
									"kindString": "Get signature",
									"flags": {},
									"type": {
										"type": "intrinsic",
										"name": "boolean"
									}
								}
							],
							"setSignature": [
								{
									"id": 17,
									"name": "__set",
									"kind": 1048576,
									"kindString": "Set signature",
									"flags": {},
									"parameters": [
										{
											"id": 18,
											"name": "value",
											"kind": 32768,
											"kindString": "Parameter",
											"flags": {},
											"type": {
												"type": "intrinsic",
												"name": "boolean"
											}
										}
									],
									"type": {
										"type": "intrinsic",
										"name": "void"
									}
								}
							],
							"sources": [
								{
									"fileName": "slide-button.component.ts",
									"line": 41,
									"character": 16
								},
								{
									"fileName": "slide-button.component.ts",
									"line": 44,
									"character": 16
								}
							]
						},
						{
							"id": 44,
							"name": "ngAfterViewInit",
							"kind": 2048,
							"kindString": "Method",
							"flags": {
								"isExported": true
							},
							"signatures": [
								{
									"id": 45,
									"name": "ngAfterViewInit",
									"kind": 4096,
									"kindString": "Call signature",
									"flags": {},
									"type": {
										"type": "intrinsic",
										"name": "void"
									}
								}
							],
							"sources": [
								{
									"fileName": "slide-button.component.ts",
									"line": 140,
									"character": 16
								}
							]
						},
						{
							"id": 39,
							"name": "onDrag",
							"kind": 2048,
							"kindString": "Method",
							"flags": {
								"isPublic": true,
								"isExported": true
							},
							"signatures": [
								{
									"id": 40,
									"name": "onDrag",
									"kind": 4096,
									"kindString": "Call signature",
									"flags": {},
									"parameters": [
										{
											"id": 41,
											"name": "event",
											"kind": 32768,
											"kindString": "Parameter",
											"flags": {},
											"type": {
												"type": "intrinsic",
												"name": "any"
											}
										}
									],
									"type": {
										"type": "intrinsic",
										"name": "void"
									}
								}
							],
							"sources": [
								{
									"fileName": "slide-button.component.ts",
									"line": 96,
									"character": 14
								}
							]
						},
						{
							"id": 42,
							"name": "onDragEnd",
							"kind": 2048,
							"kindString": "Method",
							"flags": {
								"isPublic": true,
								"isExported": true
							},
							"signatures": [
								{
									"id": 43,
									"name": "onDragEnd",
									"kind": 4096,
									"kindString": "Call signature",
									"flags": {},
									"type": {
										"type": "intrinsic",
										"name": "void"
									}
								}
							],
							"sources": [
								{
									"fileName": "slide-button.component.ts",
									"line": 127,
									"character": 17
								}
							]
						},
						{
							"id": 36,
							"name": "setDisabledState",
							"kind": 2048,
							"kindString": "Method",
							"flags": {
								"isPublic": true,
								"isExported": true
							},
							"signatures": [
								{
									"id": 37,
									"name": "setDisabledState",
									"kind": 4096,
									"kindString": "Call signature",
									"flags": {},
									"parameters": [
										{
											"id": 38,
											"name": "isDisabled",
											"kind": 32768,
											"kindString": "Parameter",
											"flags": {},
											"type": {
												"type": "intrinsic",
												"name": "boolean"
											}
										}
									],
									"type": {
										"type": "intrinsic",
										"name": "void"
									}
								}
							],
							"sources": [
								{
									"fileName": "slide-button.component.ts",
									"line": 92,
									"character": 24
								}
							]
						}
					],
					"groups": [
						{
							"title": "Properties",
							"kind": 1024,
							"children": [6, 9, 12, 7, 8, 3, 10, 4, 5, 11, 13, 35, 14]
						},
						{
							"title": "Accessors",
							"kind": 262144,
							"children": [31, 19, 23, 27, 15]
						},
						{
							"title": "Methods",
							"kind": 2048,
							"children": [44, 39, 42, 36]
						}
					],
					"sources": [
						{
							"fileName": "slide-button.component.ts",
							"line": 25,
							"character": 33
						}
					],
					"implementedTypes": [
						{
							"type": "reference",
							"name": "AfterViewInit"
						}
					]
				},
				{
					"id": 46,
					"name": "nextUniqueId",
					"kind": 32,
					"kindString": "Variable",
					"flags": {
						"isLet": true
					},
					"sources": [
						{
							"fileName": "slide-button.component.ts",
							"line": 9,
							"character": 16
						}
					],
					"type": {
						"type": "intrinsic",
						"name": "number"
					},
					"defaultValue": "0"
				}
			],
			"groups": [
				{
					"title": "Classes",
					"kind": 128,
					"children": [2]
				},
				{
					"title": "Variables",
					"kind": 32,
					"children": [46]
				}
			],
			"sources": [
				{
					"fileName": "slide-button.component.ts",
					"line": 1,
					"character": 0
				}
			]
		}
	],
	"groups": [
		{
			"title": "External modules",
			"kind": 1,
			"children": [1]
		}
	]
}
