{
	"$schema": "http://json-schema.org/schema",
	"id": "sn-lib-operation",
	"type": "object",
	"properties": {
		"name": {
			"type": "string",
      "description": "Operation name",
      "x-prompt": "¿Que nombre quiere para su operativa?",
			"$default": {
				"$source": "argv",
				"index": 0
			}
    },
    "publishable": {
      "type": "boolean",
      "default": true,
      "description": "Generate a simple TS library when set to true."
    },
    "style": {
      "description": "The file extension to be used for style files.",
      "type": "string",
      "default": "css",
      "x-prompt": {
        "message": "¿Qué formato de estilos te gustaría usar?",
        "type": "list",
        "items": [
          { "value": "css", "label": "CSS" },
          { "value": "scss", "label": "SCSS   [ http://sass-lang.com   ]" },
          { "value": "sass", "label": "SASS   [ http://sass-lang.com   ]" },
          { "value": "less", "label": "LESS   [ http://lesscss.org     ]" },
          { "value": "styl", "label": "Stylus [ http://stylus-lang.com ]" }
        ]
      }
    }
	},
	"required": ["name"]
}
