{
	"info": {
		"_postman_id": "57792ea7-bb2a-4a5d-b79a-837fe4aef3c2",
		"name": "Starter App",
		"schema": "https://schema.getpostman.com/json/collection/v2.1.0/collection.json"
	},
	"item": [
		{
			"name": "users signOn",
			"request": {
				"method": "POST",
				"header": [
					{
						"key": "Content-Type",
						"name": "Content-Type",
						"value": "application/json",
						"type": "text"
					},
					{
						"key": "Authorization",
						"value": "Bearer eyJ0eXAiOiJKV1QiLCJhbGciOiJIUzI1NiJ9.eyJhdWQiOiJTdGFydGVyQXBwIiwiaXNzIjoiaHR0cHM6Ly9sb2NhbGhvc3Q6ODAvIiwiZXhwIjoxNTYwMTY4NzI1LCJpYXQiOjE1NjAxNjUxMjUsInVzZXJJZCI6IjEwMDIiLCJ1c2VybmFtZSI6InBpb3RyIn0.Jkv1ARRA-Njjh85XFCcMd1Mvv4JsSlMMdRdvbl_oP30",
						"type": "text"
					}
				],
				"body": {
					"mode": "raw",
					"raw": "{\r\n  \"password\": \"jorge\",\r\n  \"username\": \"jorge\"\r\n}"
				},
				"url": {
					"raw": "https://starterapp.globile.santander.co.uk/api/v1/users/signOn",
					"protocol": "https",
					"host": [
						"starterapp",
						"globile",
						"santander",
						"co",
						"uk"
					],
					"path": [
						"api",
						"v1",
						"users",
						"signOn"
					]
				},
				"description": "users signOn request"
			},
			"response": []
		},
		{
			"name": "users authenticate",
			"request": {
				"method": "POST",
				"header": [
					{
						"key": "Content-Type",
						"name": "Content-Type",
						"value": "application/json",
						"type": "text"
					}
				],
				"body": {
					"mode": "raw",
					"raw": "{\r\n  \"password\": \"jorge\",\r\n  \"username\": \"jorge\"\r\n}"
				},
				"url": {
					"raw": "https://starterapp.globile.santander.co.uk/api/v1/users/authenticate",
					"protocol": "https",
					"host": [
						"starterapp",
						"globile",
						"santander",
						"co",
						"uk"
					],
					"path": [
						"api",
						"v1",
						"users",
						"authenticate"
					]
				},
				"description": "users authenticate request"
			},
			"response": []
		},
		{
			"name": "users token refresh",
			"request": {
				"method": "GET",
				"header": [
					{
						"key": "Content-Type",
						"name": "Content-Type",
						"value": "application/json",
						"type": "text"
					},
					{
						"key": "Authorization",
						"value": "Bearer eyJ0eXAiOiJKV1QiLCJhbGciOiJIUzI1NiJ9.eyJhdWQiOiJTdGFydGVyQXBwIiwiaXNzIjoiaHR0cHM6Ly9sb2NhbGhvc3Q6ODAvIiwiZXhwIjoxNTYwMTY4ODA5LCJpYXQiOjE1NjAxNjUyMDksInVzZXJJZCI6IjEzMTQiLCJ1c2VybmFtZSI6ImpvcmdlIn0.wDvmompGPeT4NTnnLx9ybYB5ZrWvR-FZ1p6RvJbN0rE",
						"type": "text"
					}
				],
				"url": {
					"raw": "https://starterapp.globile.santander.co.uk/api/v1/users/token/refresh",
					"protocol": "https",
					"host": [
						"starterapp",
						"globile",
						"santander",
						"co",
						"uk"
					],
					"path": [
						"api",
						"v1",
						"users",
						"token",
						"refresh"
					]
				},
				"description": "users token refresh request"
			},
			"response": []
		},
		{
			"name": "global position",
			"request": {
				"method": "GET",
				"header": [
					{
						"key": "Content-Type",
						"name": "Content-Type",
						"value": "application/json",
						"type": "text"
					},
					{
						"key": "Authorization",
						"value": "Bearer eyJ0eXAiOiJKV1QiLCJhbGciOiJIUzI1NiJ9.eyJhdWQiOiJTdGFydGVyQXBwIiwiaXNzIjoiaHR0cHM6Ly9sb2NhbGhvc3Q6ODAvIiwiZXhwIjoxNTYwMTY4ODA5LCJpYXQiOjE1NjAxNjUyMDksInVzZXJJZCI6IjEzMTQiLCJ1c2VybmFtZSI6ImpvcmdlIn0.wDvmompGPeT4NTnnLx9ybYB5ZrWvR-FZ1p6RvJbN0rE",
						"type": "text"
					}
				],
				"url": {
					"raw": "https://starterapp.globile.santander.co.uk/api/v1/globalposition",
					"protocol": "https",
					"host": [
						"starterapp",
						"globile",
						"santander",
						"co",
						"uk"
					],
					"path": [
						"api",
						"v1",
						"globalposition"
					]
				},
				"description": "global position request"
			},
			"response": []
		},
		{
			"name": "tech products request",
			"request": {
				"method": "POST",
				"header": [
					{
						"key": "Content-Type",
						"name": "Content-Type",
						"value": "application/json",
						"type": "text"
					},
					{
						"key": "Authorization",
						"value": "Bearer eyJ0eXAiOiJKV1QiLCJhbGciOiJIUzI1NiJ9.eyJhdWQiOiJTdGFydGVyQXBwIiwiaXNzIjoiaHR0cHM6Ly9sb2NhbGhvc3Q6ODAvIiwiZXhwIjoxNTYwMTc3ODY3LCJpYXQiOjE1NjAxNzQyNjcsInVzZXJJZCI6IjEzMTQiLCJ1c2VybmFtZSI6ImpvcmdlIn0.HW151UdhqmgPFamYpEIiQHQoXWiCo7rdnmGGh0pDz_s",
						"type": "text"
					}
				],
				"body": {
					"mode": "raw",
					"raw": "{\r\n  \"account\": {\r\n    \"alias\": \"account alias 01x\",\r\n    \"ccc\": \"ccc\",\r\n    \"code\": \"A\",\r\n    \"createDate\": \"2019-04-01\",\r\n    \"originalBalance\": 0,\r\n    \"originalCurrency\": \"EUR\"\r\n  },\r\n  \"share\": {\r\n    \"alias\": \"share alias A\",\r\n    \"ccc\": \"ccc\",\r\n    \"code\": \"A\",\r\n    \"createDate\": \"2019-05-01\",\r\n    \"originalBalance\": 0,\r\n    \"originalCurrency\": \"PLN\"\r\n  },\r\n  \"card\": {\r\n    \"alias\": \"My Main Credit Card\",\r\n    \"cardNumber\": \"1234567887654321\",\r\n    \"cardType\": \"C\",\r\n    \"code\": \"Code\",\r\n    \"createDate\": \"2019-06-01\",\r\n    \"currentLimit\": 0,\r\n    \"expirationDate\": \"2022-06-01\",\r\n    \"originalCurrency\": \"GBP\",\r\n    \"originalLimit\": 1000\r\n  }  \r\n}"
				},
				"url": {
					"raw": "https://starterapp.globile.santander.co.uk/api/v1/tech/products",
					"protocol": "https",
					"host": [
						"starterapp",
						"globile",
						"santander",
						"co",
						"uk"
					],
					"path": [
						"api",
						"v1",
						"tech",
						"products"
					]
				},
				"description": "tech products request"
			},
			"response": []
		}
	],
	"auth": {
		"type": "bearer",
		"bearer": [
			{
				"key": "token",
				"value": "Bearer eyJ0eXAiOiJKV1QiLCJhbGciOiJIUzI1NiJ9.eyJhdWQiOiJTdGFydGVyQXBwIiwiaXNzIjoiaHR0cHM6Ly9sb2NhbGhvc3Q6ODAvIiwiZXhwIjoxNTYwMTY4ODA5LCJpYXQiOjE1NjAxNjUyMDksInVzZXJJZCI6IjEzMTQiLCJ1c2VybmFtZSI6ImpvcmdlIn0.wDvmompGPeT4NTnnLx9ybYB5ZrWvR-FZ1p6RvJbN0rE",
				"type": "string"
			}
		]
	}
}