[
    {
        "agreement": "8001",
        "color": "#169e6c",
        "name": "CFE"
    },
    {
        "agreement": "4565",
        "color": "#263575",
        "name": "Telcel"
    },
    {
        "agreement": "1563",
        "color": "#01a9e5",
        "name": "ATT(IUSA)"
    },
    {
        "agreement": "1283",
        "color": "#01a9e5",
        "name": "ATT(NXTL)"
    },
    {
        "agreement": "1394",
        "color": "#5bc500",
        "name": "MOVISTAR"
    },
    {
        "agreement": "7315",
        "color": "#199cd7",
        "name": "Telmex"
    },
    {
        "agreement": "1531",
        "color": "#000000",
        "name": "IZZI"
    },
    {
        "agreement": "5000",
        "color": "#274a88",
        "name": "SKY"
    },
    {
        "agreement": "0721",
        "color": "#e63730",
        "name": "Axtel"
    },
    {
        "agreement": "2745",
        "color": "#39455b",
        "name": "Total Play"
    },
    {
        "agreement": "4536",
        "color": "#e31d19",
        "name": "Maxcom"
    },
    {
        "agreement": "0961",
        "color": "#0166b2",
        "name": "Megacable"
    },
    {
        "agreement": "4534",
        "color": "#1f6e6a",
        "name": "Telnor"
    },
    {
        "agreement": "0978",
        "color": "#ffc72c",
        "name": "Palacio de Hierro"
    },
    {
        "agreement": "2766",
        "color": "#000000",
        "name": "Oriflame Mexico"
    },
    {
        "agreement": "1559",
        "color": "#2b4899",
        "name": "Ecogas"
    },
    {
        "agreement": "4529",
        "color": "#e57200",
        "name": "Metrogas"
    },
    {
        "agreement": "4291",
        "color": "#005497",
        "name": "CEA Queretaro"
    },
    {
        "agreement": "7054",
        "color": "#003d75",
        "name": "AGUA Y DRE DE MTY"
    },
    {
        "agreement": "8130",
        "color": "#0062a0",
        "name": "SIAPA GUADALAJARA"
    },
    {
        "agreement": "5274",
        "color": "#289dcc",
        "name": "SAPAC CUERNAVACA"
    }
]