[
	{
		"agreement": "8001",
		"color": "#169e6c",
		"name": "CFE SUMINISTRADOR DE SERVICIOS BASICOS",
		"status": "CANCELED"
	},
	{
		"agreement": "4565",
		"color": "#263575",
		"name": "TELCEL",
		"status": "CANCELED"
	},
	{
		"agreement": "0978",
		"name": "EL PALACIO DE HIERRO",
		"color": "#ffc72c",
		"status": "CANCELED"
	},
	{
		"agreement": "1563",
		"color": "#01a9e5",
		"name": "AT&T COMERCIALIZACION MOVIL (IUSA)",
		"status": "CANCELED"
	},
	{
		"agreement": "1394",
		"color": "#5bc500",
		"name": "MOVISTAR PAGO DE FACTURA 15 MINS",
		"status": "CANCELED"
	},
	{
		"agreement": "1283",
		"color": "#01a9e5",
		"name": "AT&T COMUNICACIONES DIGITALES (NXTL)",
		"status": "CANCELED"
	},
	{
		"agreement": "4529",
		"color": "#e57200",
		"name": "METROGAS",
		"status": "CANCELED"
	},
	{
		"agreement": "4291",
		"name": "CEA Querétaro",
		"color": "#005497",
		"status": "CANCELED"
	  },
	  {
		"agreement": "8130",
		"name": "SIAPA Guadalajara",
		"color": "#0062a0",
		"status": "CANCELED"
	  },
	{
		"agreement": "0721",
		"color": "#e63730",
		"name": "AXTEL S.A. B DE C.V.",
		"status": "CANCELED"
	},
	{
		"agreement": "7315",
		"color": "#199cd7",
		"name": "TELMEX, S.A DE C.V.(GRANDES USUARIOS)",
		"status": "CANCELED"
	}
]
