{
	"id": 0,
	"name": "@santander/flame-component-library",
	"kind": 0,
	"flags": {},
	"children": [
		{
			"id": 1,
			"name": "\"avatar.component\"",
			"kind": 1,
			"kindString": "External module",
			"flags": {
				"isExported": true
			},
			"originalName": "/Users/mlmv/Workspace/SANTANDER/flame-santander/flame-workspace/libs/flame-component-library/src/lib/atoms/avatar/avatar.component.ts",
			"children": [
				{
					"id": 2,
					"name": "AvatarComponent",
					"kind": 128,
					"kindString": "Class",
					"flags": {
						"isExported": true
					},
					"decorators": [
						{
							"name": "Component",
							"type": {
								"type": "reference",
								"name": "Component"
							},
							"arguments": {
								"obj": "{\n\tselector: 'sn-avatar',\n\ttemplateUrl: './avatar.component.html',\n\tstyleUrls: ['./avatar.component.scss']\n}"
							}
						}
					],
					"children": [
						{
							"id": 36,
							"name": "constructor",
							"kind": 512,
							"kindString": "Constructor",
							"flags": {
								"isExported": true
							},
							"signatures": [
								{
									"id": 37,
									"name": "new AvatarComponent",
									"kind": 16384,
									"kindString": "Constructor signature",
									"flags": {},
									"type": {
										"type": "reference",
										"name": "AvatarComponent",
										"id": 2
									}
								}
							],
							"sources": [
								{
									"fileName": "avatar.component.ts",
									"line": 79,
									"character": 25
								}
							]
						},
						{
							"id": 3,
							"name": "_fullname",
							"kind": 1024,
							"kindString": "Property",
							"flags": {
								"isPrivate": true,
								"isExported": true
							},
							"sources": [
								{
									"fileName": "avatar.component.ts",
									"line": 10,
									"character": 18
								}
							],
							"type": {
								"type": "intrinsic",
								"name": "string"
							}
						},
						{
							"id": 6,
							"name": "_id",
							"kind": 1024,
							"kindString": "Property",
							"flags": {
								"isPrivate": true,
								"isExported": true
							},
							"sources": [
								{
									"fileName": "avatar.component.ts",
									"line": 13,
									"character": 12
								}
							],
							"type": {
								"type": "intrinsic",
								"name": "string"
							}
						},
						{
							"id": 4,
							"name": "_imgsrc",
							"kind": 1024,
							"kindString": "Property",
							"flags": {
								"isPrivate": true,
								"isExported": true
							},
							"sources": [
								{
									"fileName": "avatar.component.ts",
									"line": 11,
									"character": 16
								}
							],
							"type": {
								"type": "intrinsic",
								"name": "string"
							}
						},
						{
							"id": 5,
							"name": "_typeavatar",
							"kind": 1024,
							"kindString": "Property",
							"flags": {
								"isPrivate": true,
								"isExported": true
							},
							"sources": [
								{
									"fileName": "avatar.component.ts",
									"line": 12,
									"character": 20
								}
							],
							"type": {
								"type": "intrinsic",
								"name": "number"
							}
						},
						{
							"id": 17,
							"name": "accountnumber",
							"kind": 1024,
							"kindString": "Property",
							"flags": {
								"isExported": true
							},
							"decorators": [
								{
									"name": "Input",
									"type": {
										"type": "reference",
										"name": "Input"
									},
									"arguments": {}
								}
							],
							"sources": [
								{
									"fileName": "avatar.component.ts",
									"line": 45,
									"character": 23
								}
							],
							"type": {
								"type": "intrinsic",
								"name": "number"
							}
						},
						{
							"id": 16,
							"name": "bank",
							"kind": 1024,
							"kindString": "Property",
							"flags": {
								"isExported": true
							},
							"decorators": [
								{
									"name": "Input",
									"type": {
										"type": "reference",
										"name": "Input"
									},
									"arguments": {}
								}
							],
							"sources": [
								{
									"fileName": "avatar.component.ts",
									"line": 44,
									"character": 14
								}
							],
							"type": {
								"type": "intrinsic",
								"name": "string"
							}
						},
						{
							"id": 23,
							"name": "clientcode",
							"kind": 1024,
							"kindString": "Property",
							"flags": {
								"isExported": true
							},
							"decorators": [
								{
									"name": "Input",
									"type": {
										"type": "reference",
										"name": "Input"
									},
									"arguments": {}
								}
							],
							"sources": [
								{
									"fileName": "avatar.component.ts",
									"line": 58,
									"character": 20
								}
							],
							"type": {
								"type": "intrinsic",
								"name": "string"
							}
						},
						{
							"id": 22,
							"name": "description",
							"kind": 1024,
							"kindString": "Property",
							"flags": {
								"isExported": true
							},
							"decorators": [
								{
									"name": "Input",
									"type": {
										"type": "reference",
										"name": "Input"
									},
									"arguments": {}
								}
							],
							"sources": [
								{
									"fileName": "avatar.component.ts",
									"line": 57,
									"character": 21
								}
							],
							"type": {
								"type": "intrinsic",
								"name": "string"
							}
						},
						{
							"id": 34,
							"name": "have_imageavatar",
							"kind": 1024,
							"kindString": "Property",
							"flags": {
								"isPublic": true,
								"isExported": true
							},
							"sources": [
								{
									"fileName": "avatar.component.ts",
									"line": 78,
									"character": 24
								}
							],
							"type": {
								"type": "intrinsic",
								"name": "boolean"
							},
							"defaultValue": "false"
						},
						{
							"id": 33,
							"name": "positionelement",
							"kind": 1024,
							"kindString": "Property",
							"flags": {
								"isPrivate": true,
								"isExported": true
							},
							"sources": [
								{
									"fileName": "avatar.component.ts",
									"line": 75,
									"character": 24
								}
							],
							"type": {
								"type": "reference",
								"name": "Array",
								"typeArguments": [
									{
										"type": "reference",
										"name": "Number"
									}
								]
							}
						},
						{
							"id": 31,
							"name": "render_lastname",
							"kind": 1024,
							"kindString": "Property",
							"flags": {
								"isPublic": true,
								"isExported": true
							},
							"sources": [
								{
									"fileName": "avatar.component.ts",
									"line": 73,
									"character": 23
								}
							],
							"type": {
								"type": "intrinsic",
								"name": "string"
							}
						},
						{
							"id": 30,
							"name": "render_name",
							"kind": 1024,
							"kindString": "Property",
							"flags": {
								"isPublic": true,
								"isExported": true
							},
							"sources": [
								{
									"fileName": "avatar.component.ts",
									"line": 72,
									"character": 19
								}
							],
							"type": {
								"type": "intrinsic",
								"name": "string"
							}
						},
						{
							"id": 32,
							"name": "render_namewithoutavatar",
							"kind": 1024,
							"kindString": "Property",
							"flags": {
								"isPublic": true,
								"isExported": true
							},
							"sources": [
								{
									"fileName": "avatar.component.ts",
									"line": 74,
									"character": 32
								}
							],
							"type": {
								"type": "intrinsic",
								"name": "string"
							}
						},
						{
							"id": 35,
							"name": "selected",
							"kind": 1024,
							"kindString": "Property",
							"flags": {
								"isPublic": true,
								"isExported": true
							},
							"sources": [
								{
									"fileName": "avatar.component.ts",
									"line": 79,
									"character": 16
								}
							],
							"type": {
								"type": "intrinsic",
								"name": "boolean"
							},
							"defaultValue": "false"
						},
						{
							"id": 29,
							"name": "selectedEvent",
							"kind": 1024,
							"kindString": "Property",
							"flags": {
								"isExported": true
							},
							"decorators": [
								{
									"name": "Output",
									"type": {
										"type": "reference",
										"name": "Output"
									},
									"arguments": {}
								}
							],
							"sources": [
								{
									"fileName": "avatar.component.ts",
									"line": 69,
									"character": 24
								}
							],
							"type": {
								"type": "reference",
								"name": "EventEmitter",
								"typeArguments": [
									{
										"type": "intrinsic",
										"name": "object"
									}
								]
							},
							"defaultValue": " new EventEmitter<object>()"
						},
						{
							"id": 15,
							"name": "shortname",
							"kind": 1024,
							"kindString": "Property",
							"flags": {
								"isExported": true
							},
							"decorators": [
								{
									"name": "Input",
									"type": {
										"type": "reference",
										"name": "Input"
									},
									"arguments": {}
								}
							],
							"sources": [
								{
									"fileName": "avatar.component.ts",
									"line": 43,
									"character": 19
								}
							],
							"type": {
								"type": "intrinsic",
								"name": "string"
							}
						},
						{
							"id": 28,
							"name": "withCloseEvent",
							"kind": 1024,
							"kindString": "Property",
							"flags": {
								"isExported": true
							},
							"decorators": [
								{
									"name": "Input",
									"type": {
										"type": "reference",
										"name": "Input"
									},
									"arguments": {}
								}
							],
							"sources": [
								{
									"fileName": "avatar.component.ts",
									"line": 66,
									"character": 24
								}
							],
							"type": {
								"type": "intrinsic",
								"name": "boolean"
							},
							"defaultValue": "false"
						},
						{
							"id": 11,
							"name": "fullname",
							"kind": 262144,
							"kindString": "Accessor",
							"flags": {
								"isExported": true
							},
							"decorators": [
								{
									"name": "Input",
									"type": {
										"type": "reference",
										"name": "Input"
									},
									"arguments": {}
								}
							],
							"getSignature": [
								{
									"id": 12,
									"name": "__get",
									"kind": 524288,
									"kindString": "Get signature",
									"flags": {},
									"type": {
										"type": "intrinsic",
										"name": "string"
									}
								}
							],
							"setSignature": [
								{
									"id": 13,
									"name": "__set",
									"kind": 1048576,
									"kindString": "Set signature",
									"flags": {},
									"parameters": [
										{
											"id": 14,
											"name": "value",
											"kind": 32768,
											"kindString": "Parameter",
											"flags": {},
											"type": {
												"type": "intrinsic",
												"name": "string"
											}
										}
									],
									"type": {
										"type": "intrinsic",
										"name": "void"
									}
								}
							],
							"sources": [
								{
									"fileName": "avatar.component.ts",
									"line": 28,
									"character": 13
								},
								{
									"fileName": "avatar.component.ts",
									"line": 31,
									"character": 13
								}
							]
						},
						{
							"id": 24,
							"name": "id",
							"kind": 262144,
							"kindString": "Accessor",
							"flags": {
								"isExported": true
							},
							"decorators": [
								{
									"name": "Input",
									"type": {
										"type": "reference",
										"name": "Input"
									},
									"arguments": {}
								}
							],
							"getSignature": [
								{
									"id": 25,
									"name": "__get",
									"kind": 524288,
									"kindString": "Get signature",
									"flags": {},
									"type": {
										"type": "intrinsic",
										"name": "string"
									}
								}
							],
							"setSignature": [
								{
									"id": 26,
									"name": "__set",
									"kind": 1048576,
									"kindString": "Set signature",
									"flags": {},
									"parameters": [
										{
											"id": 27,
											"name": "value",
											"kind": 32768,
											"kindString": "Parameter",
											"flags": {},
											"type": {
												"type": "intrinsic",
												"name": "string"
											}
										}
									],
									"type": {
										"type": "intrinsic",
										"name": "void"
									}
								}
							],
							"sources": [
								{
									"fileName": "avatar.component.ts",
									"line": 60,
									"character": 7
								},
								{
									"fileName": "avatar.component.ts",
									"line": 63,
									"character": 7
								}
							]
						},
						{
							"id": 7,
							"name": "imgsrc",
							"kind": 262144,
							"kindString": "Accessor",
							"flags": {
								"isExported": true
							},
							"decorators": [
								{
									"name": "Input",
									"type": {
										"type": "reference",
										"name": "Input"
									},
									"arguments": {}
								}
							],
							"getSignature": [
								{
									"id": 8,
									"name": "__get",
									"kind": 524288,
									"kindString": "Get signature",
									"flags": {},
									"type": {
										"type": "intrinsic",
										"name": "string"
									}
								}
							],
							"setSignature": [
								{
									"id": 9,
									"name": "__set",
									"kind": 1048576,
									"kindString": "Set signature",
									"flags": {},
									"parameters": [
										{
											"id": 10,
											"name": "value",
											"kind": 32768,
											"kindString": "Parameter",
											"flags": {},
											"type": {
												"type": "intrinsic",
												"name": "string"
											}
										}
									],
									"type": {
										"type": "intrinsic",
										"name": "void"
									}
								}
							],
							"sources": [
								{
									"fileName": "avatar.component.ts",
									"line": 17,
									"character": 11
								},
								{
									"fileName": "avatar.component.ts",
									"line": 20,
									"character": 11
								}
							]
						},
						{
							"id": 18,
							"name": "typeavatar",
							"kind": 262144,
							"kindString": "Accessor",
							"flags": {
								"isExported": true
							},
							"decorators": [
								{
									"name": "Input",
									"type": {
										"type": "reference",
										"name": "Input"
									},
									"arguments": {}
								}
							],
							"getSignature": [
								{
									"id": 21,
									"name": "__get",
									"kind": 524288,
									"kindString": "Get signature",
									"flags": {},
									"type": {
										"type": "intrinsic",
										"name": "number"
									}
								}
							],
							"setSignature": [
								{
									"id": 19,
									"name": "__set",
									"kind": 1048576,
									"kindString": "Set signature",
									"flags": {},
									"parameters": [
										{
											"id": 20,
											"name": "value",
											"kind": 32768,
											"kindString": "Parameter",
											"flags": {},
											"type": {
												"type": "intrinsic",
												"name": "number"
											}
										}
									],
									"type": {
										"type": "intrinsic",
										"name": "void"
									}
								}
							],
							"sources": [
								{
									"fileName": "avatar.component.ts",
									"line": 47,
									"character": 15
								},
								{
									"fileName": "avatar.component.ts",
									"line": 54,
									"character": 15
								}
							]
						},
						{
							"id": 44,
							"name": "closeEvent",
							"kind": 2048,
							"kindString": "Method",
							"flags": {
								"isExported": true
							},
							"signatures": [
								{
									"id": 45,
									"name": "closeEvent",
									"kind": 4096,
									"kindString": "Call signature",
									"flags": {},
									"type": {
										"type": "intrinsic",
										"name": "void"
									}
								}
							],
							"sources": [
								{
									"fileName": "avatar.component.ts",
									"line": 118,
									"character": 11
								}
							]
						},
						{
							"id": 38,
							"name": "ngOnInit",
							"kind": 2048,
							"kindString": "Method",
							"flags": {
								"isExported": true
							},
							"signatures": [
								{
									"id": 39,
									"name": "ngOnInit",
									"kind": 4096,
									"kindString": "Call signature",
									"flags": {},
									"type": {
										"type": "intrinsic",
										"name": "void"
									}
								}
							],
							"sources": [
								{
									"fileName": "avatar.component.ts",
									"line": 83,
									"character": 9
								}
							]
						},
						{
							"id": 40,
							"name": "prepareEvent",
							"kind": 2048,
							"kindString": "Method",
							"flags": {
								"isPrivate": true,
								"isExported": true
							},
							"signatures": [
								{
									"id": 41,
									"name": "prepareEvent",
									"kind": 4096,
									"kindString": "Call signature",
									"flags": {},
									"type": {
										"type": "intrinsic",
										"name": "void"
									}
								}
							],
							"sources": [
								{
									"fileName": "avatar.component.ts",
									"line": 95,
									"character": 21
								}
							]
						},
						{
							"id": 42,
							"name": "selectedPerson",
							"kind": 2048,
							"kindString": "Method",
							"flags": {
								"isExported": true
							},
							"signatures": [
								{
									"id": 43,
									"name": "selectedPerson",
									"kind": 4096,
									"kindString": "Call signature",
									"flags": {},
									"type": {
										"type": "intrinsic",
										"name": "void"
									}
								}
							],
							"sources": [
								{
									"fileName": "avatar.component.ts",
									"line": 112,
									"character": 15
								}
							]
						}
					],
					"groups": [
						{
							"title": "Constructors",
							"kind": 512,
							"children": [36]
						},
						{
							"title": "Properties",
							"kind": 1024,
							"children": [
								3,
								6,
								4,
								5,
								17,
								16,
								23,
								22,
								34,
								33,
								31,
								30,
								32,
								35,
								29,
								15,
								28
							]
						},
						{
							"title": "Accessors",
							"kind": 262144,
							"children": [11, 24, 7, 18]
						},
						{
							"title": "Methods",
							"kind": 2048,
							"children": [44, 38, 40, 42]
						}
					],
					"sources": [
						{
							"fileName": "avatar.component.ts",
							"line": 8,
							"character": 28
						}
					],
					"implementedTypes": [
						{
							"type": "reference",
							"name": "OnInit"
						}
					]
				}
			],
			"groups": [
				{
					"title": "Classes",
					"kind": 128,
					"children": [2]
				}
			],
			"sources": [
				{
					"fileName": "avatar.component.ts",
					"line": 1,
					"character": 0
				}
			]
		}
	],
	"groups": [
		{
			"title": "External modules",
			"kind": 1,
			"children": [1]
		}
	]
}
